subject,course,topic_id,beat,issue_type,beat_text
archaeology,archaeological-mysteries-and-hoaxes,t-piltdown-man-the-greatest-fossil-hoax,twist,truncated,"...but Arthur Conan Doyle — Sherlock Holmes's creator — is."
archaeology,archaeological-mysteries-and-hoaxes,t-shinichi-fujimura-japan-s-god-hand,discovery,truncated,"...filmed Fujimura burying artifacts at a site before the official."
archaeology,archaeological-mysteries-and-hoaxes,t-shinichi-fujimura-japan-s-god-hand,climax,truncated,"...His fabrications affected 180 sites and erased decades of published."
archaeology,archaeological-mysteries-and-hoaxes,t-the-cardiff-giant-a-stone-man-hoax,buildup,truncated,"...buried it a year earlier to win a bet about."
archaeology,archaeological-mysteries-and-hoaxes,t-the-kensington-runestone,buildup,truncated,"...found them dead and red with blood when they."
archaeology,archaeological-mysteries-and-hoaxes,t-the-plain-of-jars-laos-s-stone-puzzle,buildup,truncated,"...They stand up to 10 feet tall and date to around 500 BCE to."
archaeology,archaeological-mysteries-and-hoaxes,t-the-plain-of-jars-laos-s-stone-puzzle,twist,truncated,"...The plain is one of the most heavily bombed places on earth. U.S."
archaeology,archaeological-mysteries-and-hoaxes,t-the-plain-of-jars-laos-s-stone-puzzle,climax,truncated,"...Bomb clearance teams must clear unexploded ordnance before."
archaeology,archaeological-mysteries-and-hoaxes,t-the-ancestral-puebloans-cliff-dwellers-who-left,hook,truncated,"...abandoned them all around 1300 CE and never."
archaeology,archaeological-mysteries-and-hoaxes,t-the-bronze-age-collapse,buildup,truncated,"...all fell or were severely weakened between 1250 and 1150."
archaeology,archaeological-mysteries-and-hoaxes,t-the-bronze-age-collapse,twist,truncated,"...Drought, earthquakes, trade disruption, internal revolts."
archaeology,archaeological-mysteries-and-hoaxes,t-the-greenland-norse-vikings-who-vanished,discovery,truncated,"...refused to eat fish or learn Inuit hunting methods — a fatal cultural."
archaeology,archaeological-mysteries-and-hoaxes,t-the-greenland-norse-vikings-who-vanished,punchline,truncated,"...The ice returned and the ships."
archaeology,archaeological-mysteries-and-hoaxes,t-the-khmer-empire-angkor-s-slow-decline,buildup,truncated,"...a million people supported by a vast water."
archaeology,archaeological-mysteries-and-hoaxes,t-the-minoan-collapse,hook,truncated,"...built grand palaces and then suddenly disappeared around."
archaeology,archaeological-mysteries-and-hoaxes,t-the-minoan-collapse,twist,truncated,"...the eruption weakened them but something else finished."
archaeology,archaeological-mysteries-and-hoaxes,t-the-roanoke-colony-the-lost-colonists,discovery,truncated,"...every building had been dismantled and."
archaeology,archaeological-mysteries-and-hoaxes,t-ancient-aliens-why-the-theory-is-wrong,twist,truncated,"...but no one claims aliens built."
archaeology,archaeological-mysteries-and-hoaxes,t-atlantis-the-myth-that-won-t-die,buildup,truncated,"...advanced technology that angered."
archaeology,archaeological-mysteries-and-hoaxes,t-atlantis-the-myth-that-won-t-die,twist,truncated,"...not a historical."
archaeology,archaeological-mysteries-and-hoaxes,t-atlantis-the-myth-that-won-t-die,climax,truncated,"...a real civilization destroyed by."
archaeology,archaeological-mysteries-and-hoaxes,t-atlantis-the-myth-that-won-t-die,punchline,truncated,"...The world spent 2,400 years looking for."
archaeology,archaeological-mysteries-and-hoaxes,t-crystal-skulls-hollywood-vs-reality,discovery,truncated,"...technology unavailable to ancient."
archaeology,archaeological-mysteries-and-hoaxes,t-crystal-skulls-hollywood-vs-reality,twist,truncated,"...No crystal skull has ever been found in a documented archaeological."
archaeology,archaeological-mysteries-and-hoaxes,t-crystal-skulls-hollywood-vs-reality,punchline,truncated,"...Just clever 19th-century craftsmen and."
archaeology,archaeological-mysteries-and-hoaxes,t-graham-hancock-and-the-lost-civilization,twist,truncated,"...publish all findings openly and welcome challenges —."
archaeology,archaeological-mysteries-and-hoaxes,t-graham-hancock-and-the-lost-civilization,climax,truncated,"...extraordinary claims require extraordinary evidence —."
archaeology,archaeological-mysteries-and-hoaxes,t-pseudoarchaeology-how-to-spot-it,hook,truncated,"...pseudoarchaeology thrives because real archaeology."
archaeology,archaeological-mysteries-and-hoaxes,t-pseudoarchaeology-how-to-spot-it,twist,truncated,"...Genuine mysteries attract fake explanations because real."
archaeology,archaeological-mysteries-and-hoaxes,t-the-copper-scroll-a-real-treasure-map,buildup,truncated,"...it is not religious but a practical."
archaeology,archaeological-mysteries-and-hoaxes,t-the-copper-scroll-a-real-treasure-map,discovery,truncated,"...'in the cistern under."
archaeology,archaeological-mysteries-and-hoaxes,t-rongorongo-of-easter-island,twist,truncated,"...one of only a handful of times writing was invented from."
archaeology,archaeological-mysteries-and-hoaxes,t-g-bekli-tepe-the-temple-before-farming,hook,truncated,"...6,000 years before Stonehenge and before."
archaeology,archaeological-mysteries-and-hoaxes,t-g-bekli-tepe-the-temple-before-farming,twist,truncated,"...At Göbekli Tepe."
archaeology,archaeological-mysteries-and-hoaxes,t-the-voynich-manuscript,buildup,truncated,"...botanical illustrations, star charts."
archaeology,famous-archaeological-discoveries,t-seriation-dating-by-style,buildup,truncated,"...Designs start rare, become popular."
archaeology,how-archaeology-works,t-aerial-photography-and-crop-marks,climax,truncated,"...Drought made crop marks so sharp that drone pilots found ancient."
archaeology,how-archaeology-works,t-aerial-photography-and-crop-marks,punchline,truncated,"...was the best thing to happen to British."
archaeology,how-archaeology-works,t-ground-penetrating-radar,hook,truncated,"...can find buried walls, tombs."
archaeology,how-archaeology-works,t-lidar-lasers-through-the-jungle,punchline,truncated,"...Entire civilizations were hiding under."
archaeology,how-archaeology-works,t-metal-detecting-and-the-law,climax,truncated,"...a database no other country."
archaeology,how-archaeology-works,t-context-sheets-the-paper-trail,discovery,truncated,"...a coin in."
archaeology,how-archaeology-works,t-when-digging-is-not-allowed,climax,truncated,"...shifted from 'right to dig' to 'permission to."
archaeology,how-archaeology-works,t-community-archaeology-digging-together,twist,truncated,"...reversing a century of outsider-driven."
archaeology,how-archaeology-works,t-looting-and-the-antiquities-black-market,hook,truncated,"...pass through dealers, auction houses."
archaeology,how-archaeology-works,t-repatriation-returning-stolen-heritage,climax,truncated,"...France passed a law to return African artifacts. Belgium, the Netherlands."
archaeology,how-archaeology-works,t-the-elgin-marbles-debate,discovery,truncated,"...with empty spaces waiting for."
archaeology,how-archaeology-works,t-the-elgin-marbles-debate,twist,truncated,"...every museum would have to empty its."
archaeology,how-archaeology-works,t-who-owns-the-past,climax,truncated,"...The case changed how U.S."
archaeology,how-archaeology-works,t-ceramic-analysis-stories-in-pots,twist,truncated,"...Traces of wine, olive oil, milk."
archaeology,how-archaeology-works,t-ceramic-analysis-stories-in-pots,punchline,truncated,"...The clay, the shape."
archaeology,how-archaeology-works,t-experimental-archaeology-learning-by-doing,discovery,truncated,"...using just ropes and wooden."
archaeology,how-archaeology-works,t-experimental-archaeology-learning-by-doing,climax,truncated,"...could have made voyages once."
archaeology,how-archaeology-works,t-forensic-archaeology-bones-tell-stories,twist,truncated,"...identify victims of modern crimes and."
archaeology,how-archaeology-works,t-isotope-analysis-you-are-what-you-eat,discovery,truncated,"...high carbon-13 means marine."
archaeology,how-archaeology-works,t-zooarchaeology-reading-animal-bones,climax,truncated,"...proof the settlers ate their animals during the starving."
archaeology,how-archaeology-works,t-dendrochronology-tree-ring-dating,buildup,truncated,"...scientists built continuous records stretching back thousands."
archaeology,lost-cities-of-the-ancient-world,t-caral-the-americas-oldest-city,twist,truncated,"...thought to have been invented 3,000 years later by."
archaeology,lost-cities-of-the-ancient-world,t-why-cities-disappear,climax,truncated,"...rising seas and shifting."
archaeology,mesopotamia-cradle-of-civilization,t-eridu-the-first-city,buildup,truncated,"...grew into a temple complex over 4,000."
archaeology,mesopotamia-cradle-of-civilization,t-the-fertile-crescent-where-it-all-began,twist,truncated,"...eventually poisoned the soil and ruined."
archaeology,mesopotamia-cradle-of-civilization,t-the-invention-of-the-wheel,punchline,truncated,"...Someone turned it sideways and changed."
archaeology,mesopotamia-cradle-of-civilization,t-sumerian-schools-the-first-classrooms,hook,truncated,"...we know because they wrote about."
archaeology,mesopotamia-cradle-of-civilization,t-sumerian-schools-the-first-classrooms,punchline,truncated,"...School has not changed much in 4,000."
archaeology,mesopotamia-cradle-of-civilization,t-the-epic-of-gilgamesh,hook,truncated,"...fights monsters, loses his best friend."
archaeology,mesopotamia-cradle-of-civilization,t-the-royal-tombs-of-ur,hook,truncated,"...they had been buried alive with."
archaeology,mesopotamia-cradle-of-civilization,t-the-royal-tombs-of-ur,twist,truncated,"...The 'willing sacrifice' story may have been wrong all."
archaeology,mesopotamia-cradle-of-civilization,t-the-standard-of-ur-war-and-peace,hook,truncated,"...it tells a story on each."
archaeology,mesopotamia-cradle-of-civilization,t-the-standard-of-ur-war-and-peace,discovery,truncated,"...a story told in."
archaeology,mesopotamia-cradle-of-civilization,t-the-standard-of-ur-war-and-peace,punchline,truncated,"...Sumer understood the human condition 4,600."
archaeology,mesopotamia-cradle-of-civilization,t-hammurabi-s-code-the-first-written-laws,discovery,truncated,"...An Elamite king had stolen it from Babylon centuries."
archaeology,mesopotamia-cradle-of-civilization,t-nebuchadnezzar-s-babylon,buildup,truncated,"...the Ishtar Gate, a towering ziggurat."
archaeology,mesopotamia-cradle-of-civilization,t-nineveh-the-assyrian-war-machine,hook,truncated,"...flayed skin hung on."
archaeology,mesopotamia-cradle-of-civilization,t-nineveh-the-assyrian-war-machine,buildup,truncated,"...enclosed palaces, gardens."
archaeology,mesopotamia-cradle-of-civilization,t-nineveh-the-assyrian-war-machine,climax,truncated,"...the city was lost for 2,000."
archaeology,mesopotamia-cradle-of-civilization,t-nineveh-the-assyrian-war-machine,punchline,truncated,"...erased so completely it took."
archaeology,mesopotamia-cradle-of-civilization,t-the-hanging-gardens-of-babylon,hook,truncated,"...and Babylon's own records."
archaeology,mesopotamia-cradle-of-civilization,t-the-hanging-gardens-of-babylon,buildup,truncated,"...built by King Nebuchadnezzar for his homesick."
archaeology,mesopotamia-cradle-of-civilization,t-the-hanging-gardens-of-babylon,twist,truncated,"...built by the Assyrian king Sennacherib — not."
archaeology,mesopotamia-cradle-of-civilization,t-the-hanging-gardens-of-babylon,punchline,truncated,"...just 300 miles from."
archaeology,mesopotamia-cradle-of-civilization,t-the-ishtar-gate-babylon-s-blue-wonder,punchline,truncated,"...A hundred and twenty lions still guard."
archaeology,mesopotamia-cradle-of-civilization,t-the-library-of-ashurbanipal,hook,truncated,"...covering everything from medicine to."
archaeology,mesopotamia-cradle-of-civilization,t-astronomy-in-babylon,buildup,truncated,"...the longest continuous scientific."
archaeology,mesopotamia-cradle-of-civilization,t-cuneiform-the-first-writing-system,twist,truncated,"...Babylonians, Assyrians, Hittites."
archaeology,mesopotamia-cradle-of-civilization,t-cuneiform-the-first-writing-system,climax,truncated,"...fill in broken signs that humans struggle to."
archaeology,mesopotamia-cradle-of-civilization,t-sumerian-mathematics,buildup,truncated,"...practiced multiplication, division, square roots."
archaeology,mesopotamia-cradle-of-civilization,t-cylinder-seals-ancient-identity-badges,buildup,truncated,"...carved in mirror image on stones as small."
archaeology,mesopotamia-cradle-of-civilization,t-the-first-maps-and-land-surveys,twist,truncated,"...calculated with mathematical precision — accurate to modern."
archaeology,mesopotamia-cradle-of-civilization,t-the-first-maps-and-land-surveys,climax,truncated,"...how much tax you could collect and how many."
archaeology,mesopotamia-cradle-of-civilization,t-the-first-medical-texts,twist,truncated,"...Hammurabi's Code said if a surgeon killed a patient with a bronze knife."
archaeology,mesopotamia-cradle-of-civilization,t-the-flood-tablet-gilgamesh-and-the-bible,hook,truncated,"...the story was older than the Bible by."
archaeology,mesopotamia-cradle-of-civilization,t-the-flood-tablet-gilgamesh-and-the-bible,climax,truncated,"...funded Smith's trip to Nineveh to find the missing piece — and incredibly."
archaeology,mesopotamia-cradle-of-civilization,t-austen-henry-layard-and-the-discovery-of-nineveh,hook,truncated,"...found the palace of an Assyrian king — complete with winged."
archaeology,mesopotamia-cradle-of-civilization,t-austen-henry-layard-and-the-discovery-of-nineveh,twist,truncated,"...He tunneled through walls and discarded anything that was not."
archaeology,mesopotamia-cradle-of-civilization,t-digital-preservation-of-mesopotamia,twist,truncated,"...displayed in Trafalgar Square — a digital ghost of."
archaeology,mesopotamia-cradle-of-civilization,t-gertrude-bell-and-iraq-s-antiquities-law,discovery,truncated,"...ending the colonial practice of shipping."
archaeology,mesopotamia-cradle-of-civilization,t-iraq-s-archaeologists-rebuilding-heritage,discovery,truncated,"...sandbagging and quick burials had saved many."
archaeology,mesopotamia-cradle-of-civilization,t-iraq-s-archaeologists-rebuilding-heritage,twist,truncated,"...Decades of war have delayed research but not destroyed."
archaeology,mesopotamia-cradle-of-civilization,t-isis-and-the-destruction-of-nimrud,hook,truncated,"...released a video of militants smashing winged."
archaeology,mesopotamia-cradle-of-civilization,t-isis-and-the-destruction-of-nimrud,twist,truncated,"...ISIS secretly sold smaller portable artifacts on the black market to fund."
archaeology,mesopotamia-cradle-of-civilization,t-the-looting-of-the-iraq-museum,discovery,truncated,"...the famous Warka Vase — one of the oldest."
archaeology,mesopotamia-cradle-of-civilization,t-the-looting-of-the-iraq-museum,climax,truncated,"...The Warka Vase was returned wrapped in a blanket in the trunk of."
archaeology,prehistoric-archaeology,t-the-flores-hobbit-a-tiny-human,buildup,truncated,"...They had small brains but made stone tools and hunted pygmy."
archaeology,prehistoric-archaeology,t-bone-flutes-and-the-oldest-music,twist,truncated,"...human culture was already rich and."
archaeology,prehistoric-archaeology,t-domesticating-animals-wolves-to-dogs,twist,truncated,"...floppy ears appeared — the 'domestication."
archaeology,prehistoric-archaeology,t-the-first-villages-jericho,buildup,truncated,"...a massive stone tower dating to 8000 BCE — the oldest known."
archaeology,prehistoric-archaeology,t-the-first-villages-jericho,climax,truncated,"...complex ritual all appeared before pottery was."
archaeology,prehistoric-archaeology,t-the-invention-of-pottery,discovery,truncated,"...Pottery let people boil food for the first time — unlocking."
archaeology,prehistoric-archaeology,t-the-invention-of-pottery,twist,truncated,"...four separate inventions of the same."
archaeology,prehistoric-archaeology,t-the-spread-of-farming-across-europe,hook,truncated,"...the farmers came too — they did not just share."
archaeology,prehistoric-archaeology,t-newgrange-older-than-the-pyramids,climax,truncated,"...whose meaning remains unknown — Europe's oldest monumental."
archaeology,prehistoric-archaeology,t-newgrange-older-than-the-pyramids,punchline,truncated,"...farmers in Ireland built a solar clock more precise."
archaeology,prehistoric-archaeology,t-stonehenge-the-mystery-that-won-t-die,buildup,truncated,"...How they were transported remains one of archaeology's biggest."
archaeology,prehistoric-archaeology,t-stonehenge-the-mystery-that-won-t-die,discovery,truncated,"...sunset on the winter solstice — a deliberate solar."
archaeology,prehistoric-archaeology,t-the-orkney-islands-scotland-s-hidden-civilization,hook,truncated,"...revealed a 5,000-year-old village — complete with stone."
archaeology,prehistoric-archaeology,t-the-orkney-islands-scotland-s-hidden-civilization,discovery,truncated,"...a dresser facing the door — a standardized floor."
archaeology,roman-archaeology,t-roman-medicine-surgery-without-anesthesia,discovery,truncated,"...standardized wards with herb gardens for."
archaeology,roman-archaeology,t-roman-aqueducts-water-for-millions,twist,truncated,"...blamed lead poisoning for the empire's decline — but levels were."
archaeology,roman-archaeology,t-the-pantheon-engineering-perfection,climax,truncated,"...Pagan temples that were not reused were stripped for."
archaeology,roman-archaeology,t-roman-bridges-that-still-stand,punchline,truncated,"...A Roman engineer promised forever. Two thousand years later."
archaeology,roman-archaeology,t-the-villa-of-the-mysteries,twist,truncated,"...These frescoes prove the cult survived underground for."
archaeology,underwater-archaeology,t-the-san-jos-the-holy-grail-of-shipwrecks,twist,truncated,"...Colombia says it is in their waters. A U.S."
archaeology,underwater-archaeology,t-the-spanish-armada-wrecks,climax,truncated,"...a gold salamander pendant and a ruby ring — personal treasures of Spanish."
archaeology,underwater-archaeology,t-the-mary-rose-henry-viii-s-flagship,twist,truncated,"...DNA analysis of the crew revealed men from Africa and Southern Europe — Tudor England was."
archaeology,underwater-archaeology,t-viking-ships-from-the-seabed,buildup,truncated,"...was a burial vessel for two wealthy women, filled with carts, textiles."
archaeology,underwater-archaeology,t-dwarka-krishna-s-sunken-city,twist,truncated,"...they do prove a significant ancient port existed at the legendary."
archaeology,underwater-archaeology,t-the-estonian-europe-s-modern-tragedy,punchline,truncated,"...The truth may still be at the bottom of."
archaeology,underwater-archaeology,t-rovs-and-auvs-robots-in-the-deep,punchline,truncated,"...The hard part is having enough humans to."
archaeology,underwater-archaeology,t-scuba-and-the-birth-of-underwater-archaeology,buildup,truncated,"...which let divers breathe freely and work underwater for the first."
archaeology,underwater-archaeology,t-the-antikythera-shipwreck,discovery,truncated,"...a gear mechanism with over 30 bronze wheels — it predicted eclipses and planetary."
archaeology,underwater-archaeology,t-greek-triremes-warships-found,climax,truncated,"...Volunteer rowers proved it could reach nine knots — remarkably."
archaeology,underwater-archaeology,t-the-uluburun-shipwreck,punchline,truncated,"...The sea kept the evidence for 3,300."
archaeology,underwater-archaeology,t-pearl-harbor-underwater-memorial,twist,truncated,"The ship still holds an estimated 500,000 gallons of fuel oil."
archaeology,underwater-archaeology,t-conservation-saving-what-the-sea-gives-back,punchline,truncated,"...Keeping it intact after takes patience, chemistry."

Art & Design,architecture-through-the-ages,brunelleschi-s-dome-the-renaissance-begins,discovery,truncated,He used a double-shell design: two nested domes with a herringbone brick pattern that self-supported during.
Art & Design,architecture-through-the-ages,skyscrapers-the-race-upward,punchline,truncated,Skyscrapers needed two inventions: steel to build up and elevators to get.
Art & Design,architecture-through-the-ages,le-corbusier-s-five-points-of-modern-architecture,punchline,truncated,Le Corbusier wrote the rules of modern architecture.
Art & Design,architecture-through-the-ages,parametric-design-algorithms-build-the-future,punchline,truncated,Parametric design doesn’t replace the architect.
Art & Design,branding-and-visual-identity,brand-positioning-owning-a-space-in-the-mind,climax,truncated,The positioning statement formula: For [audience].
Art & Design,branding-and-visual-identity,brand-positioning-owning-a-space-in-the-mind,punchline,truncated,Positioning isn’t what you do to the product.
Art & Design,branding-and-visual-identity,brand-archetypes-12-personalities-of-brands,buildup,truncated,Carl Jung’s archetypes — universal personality patterns.
Art & Design,branding-and-visual-identity,brand-guidelines-the-rulebook-of-consistency,twist,truncated,Too rigid and the brand becomes lifeless.
Art & Design,branding-and-visual-identity,design-systems-components-at-scale,climax,truncated,"IBM’s Carbon, Shopify’s Polaris."
Art & Design,branding-and-visual-identity,design-systems-components-at-scale,punchline,truncated,A design system doesn’t constrain creativity.
Art & Design,branding-and-visual-identity,brand-voice-and-tone,twist,truncated,Visual identity and voice must align.
Art & Design,branding-and-visual-identity,brand-architecture-managing-multiple-brands,punchline,truncated,Brand architecture isn’t about design.
Art & Design,branding-and-visual-identity,personal-branding-you-are-a-brand,twist,truncated,Authenticity beats perfection.
Art & Design,fashion-design-history,christian-dior-s-new-look-post-war-glamour,punchline,truncated,The New Look wasn’t just about clothes.
Art & Design,fashion-design-history,the-roaring-twenties-flappers-and-freedom,buildup,truncated,"Post-WWI, women entered the workforce."
Art & Design,fashion-design-history,the-roaring-twenties-flappers-and-freedom,punchline,truncated,The flapper didn’t just shorten the skirt.
Art & Design,fashion-design-history,alexander-mcqueen-fashion-as-dark-art,punchline,truncated,McQueen didn’t make pretty clothes.
Art & Design,fashion-design-history,giorgio-armani-the-man-who-softened-power-dressing,discovery,truncated,He dressed Richard Gere in American Gigolo (1980).
Art & Design,fashion-design-history,hip-hop-fashion-from-the-streets-to-the-runway,hook,truncated,"Baggy jeans, gold chains, Timberland boots, and oversized jerseys."
Art & Design,fashion-design-history,hip-hop-fashion-from-the-streets-to-the-runway,twist,truncated,Luxury brands initially rejected hip-hop.
Art & Design,fashion-design-history,japanese-fashion-deconstructing-western-rules,hook,missing_closing_quote,Critics called it ‘Hiroshima chic. (missing closing quote)
Art & Design,fashion-design-history,japanese-fashion-deconstructing-western-rules,buildup,truncated,"...challenged Western fashion’s obsession with the body, color. (truncated list)"
Art & Design,fashion-design-history,japanese-fashion-deconstructing-western-rules,twist,truncated,Western fashion was about showing the body.
Art & Design,fashion-design-history,japanese-fashion-deconstructing-western-rules,punchline,truncated,Japanese fashion didn’t break Western rules.
Art & Design,fashion-design-history,punk-fashion-diy-rebellion-on-the-body,buildup,missing_closing_quote,punk said ‘destroy. (missing closing quote)
Art & Design,fashion-design-history,streetwear-how-skate-culture-became-luxury,discovery,truncated,"...built brands on authenticity, community. (truncated list)"
Art & Design,fashion-design-history,streetwear-how-skate-culture-became-luxury,climax,truncated,"Streetwear rewrote fashion’s business model: drop culture, resale markets."
Art & Design,fashion-design-history,fashion-as-political-protest,twist,truncated,Brands co-opt political fashion for profit.
Art & Design,graphic-design-principles,the-golden-ratio-in-design,punchline,truncated,The golden ratio doesn’t make design beautiful.
Art & Design,graphic-design-principles,the-grid-system-structure-behind-every-layout,punchline,truncated,The grid is invisible scaffolding.
Art & Design,graphic-design-principles,ethical-design-persuasion-vs-manipulation,punchline,truncated,Design that respects users doesn’t just feel right.
Art & Design,graphic-design-principles,saul-bass-the-man-who-designed-hollywood,hook,truncated,"The swirling spiral of Vertigo’s title sequence. The arm of The Man with the Golden Arm. (fragments, no main verb)"
Art & Design,photography-composition,history-of-photography-from-camera-obscura-to-digital,discovery,truncated,"Daguerreotype (1839), film rolls (1888), Polaroid (1948), digital sensors (1975). (fragment, no verb)"
Art & Design,photography-composition,history-of-photography-from-camera-obscura-to-digital,punchline,truncated,Photography went from 8-hour exposures to 8 billion photographers in under 200. (missing 'years')
Art & Design,psychology-of-design,figure-ground-what-s-the-subject,twist,truncated,Ambiguous figure-ground creates visual tension.
Art & Design,psychology-of-design,visual-hierarchy-controlling-what-people-see-first,punchline,truncated,Hierarchy isn’t about making things big.
Art & Design,psychology-of-design,anchoring-bias-the-first-number-wins,twist,truncated,Even random numbers anchor judgment.
Art & Design,psychology-of-design,anchoring-bias-the-first-number-wins,punchline,truncated,You don’t evaluate prices in a vacuum.
Art & Design,psychology-of-design,the-von-restorff-effect-standing-out-from-the-crowd,buildup,truncated,...are more likely to be noticed and. (sentence ends with 'and')
Art & Design,psychology-of-design,emotional-design-don-norman-s-three-levels,buildup,truncated,Visceral design: instant reaction (looks good). Behavioral: usability (works well). (missing third level: Reflective)
Art & Design,psychology-of-design,emotional-design-don-norman-s-three-levels,twist,truncated,You can compensate between levels. An ugly tool can succeed behaviorally.
Art & Design,psychology-of-design,the-aesthetic-usability-effect,discovery,truncated,A study compared two ATM interfaces. Same functionality. (missing study result)
Art & Design,psychology-of-design,nudge-theory-designing-default-choices,punchline,truncated,The default option isn’t neutral.
Art & Design,psychology-of-design,trust-signals-why-users-believe-you,punchline,grammatical_error,Trust isn’t declared. It’s demonstrated through a thousand small design. ('design' should be 'design decisions')
Art & Design,psychology-of-design,information-architecture-organizing-for-findability,hook,truncated,You can’t find the ‘billing’ page.
Art & Design,psychology-of-design,information-architecture-organizing-for-findability,climax,truncated,Wikipedia’s information architecture serves 6.7 million articles.
Art & Design,psychology-of-design,jakob-s-law-users-prefer-familiar-patterns,climax,truncated,Snapchat initially confused older users by ignoring conventions.
Art & Design,psychology-of-design,jakob-s-law-users-prefer-familiar-patterns,punchline,truncated,Don’t make users learn your interface.
Art & Design,psychology-of-design,the-peak-end-rule-how-experiences-are-remembered,discovery,truncated,The total duration barely matters.
Art & Design,psychology-of-design,the-peak-end-rule-how-experiences-are-remembered,climax,truncated,"Checkout success pages, thank-you emails. (fragment, no verb)"
Banking,banking-scandals,t-the-enron-bank-connection,climax,truncated,Enron was the fraud. Banks were the infrastructure. Without Wall Street’s creative accounting.
Banking,banking-scandals,t-student-loan-servicing-abuses,climax,truncated,Student loan servicing shows misaligned incentives. When servicers profit from borrower confusion.
Banking,central-banks-explained,t-managing-employment,twist,truncated,The Phillips Curve suggested a stable tradeoff. But in the 1970s.
Banking,central-banks-explained,t-forward-guidance,discovery,truncated,Expectations shape behavior. By telling markets what’s coming.
Banking,central-banks-explained,t-negative-interest-rates,discovery,truncated,The goal was to force banks to lend. If holding money costs money.
Banking,central-banks-explained,t-ai-in-central-banking,twist,truncated,AI models are only as good as their data. If the training data is biased.
Banking,digital-banking-revolution,t-can-neobanks-survive,buildup,truncated,Neobanks spend $100-300 to acquire each customer. With no-fee models.
Banking,digital-banking-revolution,t-chime-america-s-biggest-neobank,discovery,truncated,Chime’s revenue model flips traditional banking. Instead of charging users fees.
Banking,digital-banking-revolution,t-digital-bank-runs,twist,truncated,Bank regulators still operate at paper speed. By the time they respond to a digital bank run.
Banking,digital-banking-revolution,t-privacy-vs-convenience,twist,truncated,Cash is the only truly private payment. As cash usage drops below 20%.
Banking,digital-banking-revolution,t-ai-bankers,climax,truncated,AI handles routine banking perfectly. But banking’s most important moments.
Banking,famous-bank-failures,t-overend-gurney-victorian-bank-run,hook,truncated,"Overend Gurney was London’s biggest discount bank. On May 10, 1866."
Banking,famous-bank-failures,t-the-panic-of-1907,buildup,truncated,Trust companies had lent heavily to the speculators. When Knickerbocker Trust failed.
Banking,famous-bank-failures,t-the-asian-financial-crisis,hook,truncated,"In 1997, Thailand’s currency collapsed overnight. Within months."
Banking,famous-bank-failures,t-aig-the-insurance-company-that-almost-killed-banking,discovery,truncated,AIG needed $185 billion from the government. Without the bailout.
Banking,famous-bank-failures,t-who-pays-for-bank-failures,buildup,truncated,The FDIC fund is paid by bank premiums. When failures exceed the fund.
Banking,famous-bank-failures,t-who-pays-for-bank-failures,discovery,truncated,"In 2008, taxpayers funded $700 billion through TARP. In 2023."
Banking,history-of-banking,t-the-bank-of-england-is-born,twist,truncated,Other banks resented the monopoly. But during financial panics.
Banking,history-of-banking,t-mobile-banking-takes-over,discovery,truncated,2.5 billion people worldwide now use mobile banking. In Africa.
Banking,how-banks-make-money,t-small-business-lending-fees,climax,truncated,"Small business lending is high-margin, high-risk. Banks profit from fees and rates that reflect risk they’ve often."
Banking,how-banks-make-money,t-insurance-and-cross-selling,discovery,truncated,Cross-selling works because trust transfers. If you trust a bank with your savings.
Banking,how-payment-systems-work,t-biometric-payments,twist,truncated,Biometric data cannot be changed. If your palm print is stolen.
Banking,how-payment-systems-work,t-crypto-as-a-payment-system,twist,truncated,Volatility kills payment utility. If your coffee costs 0.0001 BTC today and 0.00015 tomorrow.
Banking,investment-banking-explained,t-commercial-vs-investment-banks,climax,truncated,Investment banking is finance for corporations. It moves billions between companies rather than thousands between.
Banking,investment-banking-explained,t-why-companies-need-investment-banks,hook,truncated,A company going public could sell shares itself. But without an investment bank.
Banking,investment-banking-explained,t-why-companies-need-investment-banks,buildup,truncated,"Investment banks bring three things: capital market access, industry expertise."
Banking,investment-banking-explained,t-leveraged-buyouts,twist,truncated,"If the company stumbles, the debt becomes crushing. Toys R Us collapsed under $5 billion in LBO debt despite $11."
Banking,investment-banking-explained,t-dark-pools,hook,truncated,Dark pools are private exchanges where large investors trade millions of shares without anyone seeing the order until.
Banking,investment-banking-explained,t-insider-trading-scandals,climax,truncated,Insider trading corrupts market fairness. When insiders profit from secrets.
Banking,investment-banking-explained,t-the-revolving-door,climax,truncated,The revolving door blurs regulator and regulated. When the same people write and follow the rules.
Banking,the-future-of-banking,t-account-aggregation,buildup,truncated,Account aggregators pull data from every financial institution and display your complete financial picture in a single.
Banking,the-future-of-banking,t-account-aggregation,twist,truncated,Aggregators know more about you than your own bank. This data is incredibly valuable for targeting financial product.
Banking,the-future-of-banking,t-the-unbanked-opportunity,twist,truncated,"India’s Aadhaar system gave 1.3 billion people digital IDs, enabling the Jan Dhan program to open 500 million bank."
Banking,the-future-of-banking,t-credit-scoring-with-machine-learning,buildup,truncated,FICO scores rely on credit card and loan history. People who pay rent and utilities on time but lack credit cards score.
Banking,the-future-of-banking,t-credit-scoring-with-machine-learning,discovery,truncated,"AI models analyze phone payment history, rent records, and education data to assess creditworthiness without."
Banking,the-future-of-banking,t-tokenization-of-real-assets,twist,truncated,Legal frameworks have not caught up. If a tokenized building burns down.
Banking,the-future-of-banking,t-tokenization-of-real-assets,climax,truncated,Tokenization makes illiquid assets tradeable. But transferring legal reality onto a blockchain requires solving offline.
Banking,the-future-of-banking,t-insurance-at-the-point-of-sale,twist,truncated,Impulse buying drives embedded insurance. Customers often pay for coverage they do not need because it appears.
Banking,the-science-of-credit,t-how-fico-scores-work,twist,truncated,FICO is a private company. A for-profit corporation controls the formula that determines financial access for 200.
Banking,the-science-of-credit,t-the-credit-score-myth,hook,truncated,Checking your own credit score does not lower it. This is one of the most persistent and costly myths in personal.
Banking,the-science-of-credit,t-how-to-read-your-credit-report,hook,truncated,"Your credit report is a financial biography. It lists every loan, card."
Banking,the-science-of-credit,t-the-big-three-bureaus,twist,truncated,Each bureau may have different data. Your Equifax score can differ from Experian by 50+ points because not all lenders.
Banking,the-science-of-credit,t-collateral-and-secured-lending,twist,truncated,"In 2008, housing was considered safe collateral. When home values fell 30%."
Banking,the-science-of-credit,t-how-banks-approve-loans,twist,truncated,The algorithms use data that may encode bias. Zip codes correlated with race can indirectly discriminate without anyone.
Banking,the-science-of-credit,t-credit-cards-decoded,hook,truncated,Credit cards charge an average APR of 24%. If you carry a balance.
Banking,the-science-of-credit,t-collections-and-your-score,twist,truncated,Medical debt was removed from credit reports in 2023. Before that.
Banking,the-science-of-credit,t-open-banking-and-credit,discovery,truncated,"Open banking helps people with no credit history. Immigrants, young adults."
Banking,the-science-of-credit,t-open-banking-and-credit,twist,truncated,"Sharing raw bank data is a privacy risk. Every purchase, subscription.""Behavioral Economics","behavioral-game-theory","coordination-games-and-focal-points","buildup","truncated","Coordination games have multiple equilibria. Success requires choosing the same option as the other player without."
"Behavioral Economics","behavioral-game-theory","coordination-games-and-focal-points","climax","truncated","In business, standards become focal points. QWERTY, USB, and metric units coordinate behavior by being the obvious."
"Behavioral Economics","behavioral-game-theory","mixed-strategies-and-randomness","buildup","truncated","Mixed strategies involve randomizing choices. Being predictable in competitive games lets opponents exploit your."
"Behavioral Economics","behavioral-game-theory","zero-sum-vs-positive-sum-thinking","buildup","truncated","Zero-sum games have a fixed total. Your gain is my loss. Positive-sum games allow total value to increase through."
"Behavioral Economics","behavioral-game-theory","inequity-aversion","buildup","truncated","Inequity aversion means preferring fairness over higher personal payoff. Both getting less and getting more can feel."
"Behavioral Economics","behavioral-game-theory","inequity-aversion","discovery","truncated","Fehr and Schmidt modeled two types: disadvantageous inequity aversion, disliking having less, and advantageous."
"Behavioral Economics","behavioral-game-theory","spite-and-costly-punishment","buildup","truncated","Spiteful behavior reduces another’s payoff at a cost to yourself. It’s punishment without moral justification, only."
"Behavioral Economics","behavioral-game-theory","the-dictator-game","discovery","truncated","Most dictators give something. Social norms, guilt, and intrinsic fairness preferences drive giving even when there’s."
"Behavioral Economics","behavioral-game-theory","the-dictator-game","climax","truncated","The dictator game shows that generosity exists but is fragile. Remove observation and social pressure, and giving."
"Behavioral Economics","behavioral-game-theory","third-party-punishment","discovery","truncated","Fehr and Fischbacher showed this enforces social norms. Without third-party punishment, cheaters thrive and cooperation."
"Behavioral Economics","behavioral-game-theory","cheap-talk-and-promises","buildup","truncated","Cheap talk is communication that costs nothing and can’t be enforced. Theory says it should be ignored since talk."
"Behavioral Economics","behavioral-game-theory","cheap-talk-and-promises","climax","truncated","Humans evolved to detect deception and honor promises. Cheap talk works because breaking a promise has social."
"Behavioral Economics","behavioral-game-theory","gift-exchange-in-labor","twist","truncated","The gift must feel intentional. Mandated minimum wage increases don’t produce the same reciprocity as voluntary."
"Behavioral Economics","behavioral-game-theory","indirect-reciprocity","buildup","truncated","Indirect reciprocity: I help you, someone else helps me. It works through reputation networks and the spread."
"Behavioral Economics","behavioral-game-theory","indirect-reciprocity","climax","truncated","In a connected world, every interaction can be observed. Your reputation extends far beyond those you deal."
"Behavioral Economics","behavioral-game-theory","over-fitting-to-small-samples","buildup","truncated","Over-fitting treats noise as signal. With small samples, random patterns look meaningful and strategies are built."
"Behavioral Economics","behavioral-game-theory","over-fitting-to-small-samples","discovery","truncated","In games, players often over-react to recent outcomes. One round of defection triggers permanent distrust, ignoring."
"Behavioral Economics","behavioral-game-theory","trial-and-error-in-games","discovery","truncated","Erev and Roth showed reinforcement learning explains lab behavior better than Nash equilibrium in many simple repeated."
"Behavioral Economics","behavioral-game-theory","trial-and-error-in-games","twist","truncated","Reinforcement learning can lock into bad strategies. If an early lucky win follows a bad play, the learner repeats."
"Behavioral Economics","behavioral-game-theory","attention-as-a-scarce-resource","discovery","truncated","Gabaix showed that limited attention explains pricing anomalies. If consumers can’t process all product attributes."
"Behavioral Economics","behavioral-game-theory","attention-as-a-scarce-resource","twist","truncated","Strategic opponents can overload your attention deliberately. Complex contracts, long menus, and rapid decisions all."
"Behavioral Economics","behavioral-game-theory","cognitive-hierarchy-theory","hook","truncated","A chess grandmaster thinks 15 moves ahead. A beginner thinks 2. Cognitive hierarchy says both are rational for their."
"Behavioral Economics","behavioral-game-theory","level-k-thinking","climax","truncated","Strategic depth must match your opponents. Being smarter than the room only helps if you correctly estimate how smart."
"Behavioral Economics","behavioral-game-theory","quantal-response-equilibrium","buildup","truncated","Quantal response equilibrium (QRE) models imperfect decision-making. Better options are chosen more often but not."
"Behavioral Economics","behavioral-game-theory","satisficing-in-strategic-settings","buildup","truncated","Herbert Simon proposed satisficing: choosing the first option that meets your criteria rather than searching."
"Behavioral Economics","behavioral-game-theory","satisficing-in-strategic-settings","discovery","truncated","Satisficing saves cognitive effort. In complex games, the cost of finding the optimal move exceeds the incremental."
"Behavioral Economics","behavioral-game-theory","satisficing-in-strategic-settings","twist","truncated","When systems become complex, satisficers often outperform optimizers. In uncertain environments, a simple good-enough."
"Behavioral Economics","behavioral-game-theory","auction-fever","twist","truncated","eBay’s countdown timer amplifies fever. Sniping in the last seconds triggers panic bidding from those who thought they."
"Behavioral Economics","behavioral-game-theory","bargaining-and-fairness-norms","hook","truncated","Union and management sit in a room. Both have a zone of agreement. But anchoring, fairness norms, and ego keep them."
"Behavioral Economics","behavioral-game-theory","bargaining-and-fairness-norms","climax","truncated","In negotiations, understand the other side’s fairness frame. Resolving the frame conflict often resolves."
"Behavioral Economics","behavioral-game-theory","behavioral-game-theory-in-practice","twist","truncated","Standard game theory assumes perfect rationality and misses the mark. Behavioral game theory predicts worse."
"Behavioral Economics","behavioral-game-theory","mechanism-design-basics","buildup","truncated","Mechanism design is reverse game theory: instead of predicting behavior in a game, you design the game to produce."
"Behavioral Economics","behavioral-game-theory","mechanism-design-basics","discovery","truncated","Vickrey’s second-price auction makes honest bidding optimal. You bid your true value because you only pay."
"Behavioral Economics","behavioral-game-theory","strategic-voting","buildup","truncated","Strategic voting means voting for a less-preferred candidate who has a better chance of winning against your."
"Behavioral Economics","behavioral-marketing","price-anchoring-in-menus","climax","truncated","Every price you see on a menu is positioned to guide your choice. The format, placement, and neighbors all influence."
"Behavioral Economics","behavioral-marketing","reference-price-manipulation","buildup","truncated","Reference prices set expectations. A sale discount feels valuable only compared to a higher original price, real."
"Behavioral Economics","behavioral-marketing","the-pain-of-paying","hook","truncated","Brain scans show paying activates the same area as physical pain. Swiping a credit card hurts less than handing over."
"Behavioral Economics","behavioral-marketing","the-pain-of-paying","buildup","truncated","Prelec and Loewenstein found that the pain of paying depends on the payment method, timing, and how visible the cost."
"Behavioral Economics","behavioral-marketing","the-pain-of-paying","discovery","truncated","Pre-paying reduces the felt cost. All-inclusive resorts feel free once you arrive because the pain happened weeks."
"Behavioral Economics","behavioral-marketing","narrative-transportation","buildup","truncated","Narrative transportation pulls the audience into a story. Once transported, critical thinking drops and emotional."
"Behavioral Economics","behavioral-marketing","narrative-transportation","discovery","truncated","Green and Brock found transported readers accepted story-consistent claims more easily, even when the claims."
"Behavioral Economics","behavioral-marketing","visual-salience-and-attention","discovery","truncated","Eye-tracking studies show users spend 80% of attention above the fold and gravitate toward the largest, brightest."
"Behavioral Economics","behavioral-marketing","bestseller-lists-and-bandwagons","discovery","truncated","Salganik’s experiment randomized which songs appeared popular. Perceived popularity, not actual quality, drove future."
"Behavioral Economics","behavioral-marketing","rating-systems-and-star-bias","discovery","truncated","Hu found rating distributions are J-shaped: mostly 5-stars and 1-stars. Moderate reviews are rare because extremes."
"Behavioral Economics","behavioral-marketing","rating-systems-and-star-bias","climax","truncated","Read the 3-star reviews. They’re the most balanced. Five-star and one-star reviews are usually emotional, not."
"Behavioral Economics","behavioral-marketing","user-counts-as-persuasion","twist","truncated","User counts can be inflated. Counting all signups including dormant and free accounts inflates the number far beyond."
"Behavioral Economics","behavioral-marketing","choice-overload-in-stores","discovery","truncated","Schwartz calls this the paradox of choice. More options increase regret because every choice has more attractive."
"Behavioral Economics","behavioral-marketing","ethical-persuasion-vs-manipulation","hook","truncated","A nudge that auto-enrolls people in retirement saving helps them. A nudge that auto-enrolls people in unwanted."
"Behavioral Economics","behavioral-marketing","gamification-of-spending","climax","truncated","When chasing a reward, calculate the total spent to earn it. If the free coffee cost $40 in extra visits, it wasn’t."
"Behavioral Economics","behavioral-marketing","personalization-and-filter-bubbles","buildup","truncated","Personalization uses your past behavior to predict what you want next. It increases engagement but narrows your."
"Behavioral Economics","behavioral-marketing","personalization-and-filter-bubbles","twist","truncated","Personalization also drives spending. Targeted ads based on your browsing history can triple conversion rates over."
"Behavioral Economics","behavioral-public-policy","choice-architecture-in-public-services","buildup","truncated","Choice architecture arranges how options are presented. In public services, the order, default, and complexity of forms."
"Behavioral Economics","behavioral-public-policy","randomized-controlled-trials-in-policy","twist","truncated","Many intuitive interventions fail RCTs. Scary health warnings sometimes backfire, increasing risky behavior through."
"Behavioral Economics","behavioral-public-policy","scaling-nudges-globally","climax","truncated","Behavioral interventions must be tested locally before global rollout. The principle is universal but the details."
"Behavioral Economics","behavioral-public-policy","sludge-friction-that-hinders","discovery","truncated","Sunstein coined sludge to describe deliberate or negligent obstacles in bureaucratic processes that discourage."
"Behavioral Economics","behavioral-public-policy","the-uk-behavioural-insights-team","discovery","truncated","One letter change increased tax payments by millions. Adding a line about most neighbors paying on time lifted."
"Behavioral Economics","behavioral-public-policy","the-uk-behavioural-insights-team","climax","truncated","Small changes produce large effects when applied at government scale. Behavioral policy proves that design, not force."
"Behavioral Economics","behavioral-public-policy","default-organ-donation","discovery","truncated","Johnson and Goldstein proved the effect is about effort, not preference. Most people support donation but never fill."
"Behavioral Economics","behavioral-public-policy","default-organ-donation","climax","truncated","Organ donation defaults demonstrate the single most powerful lesson: the option people get without acting shapes."
"Behavioral Economics","behavioral-public-policy","healthy-defaults-in-cafeterias","twist","truncated","Some of Wansink’s research has been retracted for data problems. But independent replications confirmed that placement."
"Behavioral Economics","behavioral-public-policy","healthy-defaults-in-cafeterias","climax","truncated","Default food placement is a policy tool. What cafeterias serve first, display prominently, and position at eye level."
"Behavioral Economics","behavioral-public-policy","auto-enrollment-in-pensions","buildup","truncated","Before auto-enrollment, workers had to actively sign up. Procrastination, complexity, and inertia kept millions."
"Behavioral Economics","behavioral-public-policy","financial-literacy-limits","hook","truncated","A study trained workers on compound interest, budgeting, and risk. Six months later, their saving behavior."
"Behavioral Economics","behavioral-public-policy","financial-literacy-limits","buildup","truncated","Financial literacy programs assume knowledge drives behavior. But research shows the link between financial knowledge."
"Behavioral Economics","behavioral-public-policy","pension-fund-choice-overload","hook","truncated","A company offered 59 pension fund options. Enrollment dropped. When reduced to 5 curated options, participation rose 10."
"Behavioral Economics","behavioral-public-policy","pension-fund-choice-overload","climax","truncated","Good retirement policy simplifies choice. Fewer, well-designed options outperform a marketplace of hundreds that nobody."
"Behavioral Economics","behavioral-public-policy","save-more-tomorrow","discovery","truncated","Present bias makes current sacrifice painful. Linking future increases to future raises removes the pain because."
"Behavioral Economics","behavioral-public-policy","behavioral-insights-in-debt-collection","discovery","truncated","Adding a specific repayment plan, like pay $50 monthly starting March 1, increases response rates more than a vague pay."
"Behavioral Economics","behavioral-public-policy","penalty-framing-and-deterrence","buildup","truncated","Deterrence theory assumes higher penalties reduce violations. But if the probability of getting caught is low, even."
"Behavioral Economics","behavioral-public-policy","penalty-framing-and-deterrence","twist","truncated","Linking taxes to specific services increases willingness to pay. Knowing your tax built a school nearby creates."
"Behavioral Economics","behavioral-public-policy","salience-of-tax-burden","hook","truncated","A store posts prices without sales tax. You see $10 and pay $10.80. Chetty showed that making tax visible at the shelf."
"Behavioral Economics","behavioral-public-policy","salience-of-tax-burden","buildup","truncated","Tax salience determines how much taxes influence behavior. If taxes are hidden or separated from prices, people."
"Behavioral Economics","behavioral-public-policy","simplification-of-tax-filing","buildup","truncated","Complex tax forms are a compliance barrier. Every additional step, form, and calculation creates friction that reduces."
"Behavioral Economics","behavioral-public-policy","social-norms-in-tax-letters","twist","truncated","If noncompliance is common, norm messages backfire. Saying only 60% pay on time can normalize noncompliance rather."
"Behavioral Economics","behavioral-public-policy","commitment-pledges-for-the-environment","twist","truncated","Digital pledges are weaker than handwritten ones. The physical act of writing and signing increases the psychological."
"Behavioral Economics","behavioral-public-policy","commitment-pledges-for-the-environment","climax","truncated","Environmental pledges are low-cost policy tools. They translate vague intentions into specific commitments that create."
"Behavioral Economics","behavioral-public-policy","energy-use-feedback","discovery","truncated","Allcott showed the effect persists even after reports stop. Social norms create new habits that outlast the original."
"Behavioral Economics","behavioral-public-policy","plastic-bag-charges","hook","truncated","Ireland introduced a 15-cent plastic bag tax. Bag use dropped 94%. A tiny charge achieved what years of environmental."
"Behavioral Economics","behavioral-public-policy","equity-concerns-in-behavioral-policy","discovery","truncated","Sunstein warned of heterogeneous welfare: when a nudge benefits the majority but harms a minority, the policy needs."
"Behavioral Economics","behavioral-public-policy","equity-concerns-in-behavioral-policy","twist","truncated","Digital nudges reach smartphone owners but miss the digitally excluded. The poorest and oldest are least likely."
"Behavioral Economics","behavioral-public-policy","future-of-behavioral-policy","climax","truncated","Behavioral policy’s future lies in personalization and AI, but only with strong data governance, transparency,."
"Behavioral Economics","behavioral-public-policy","libertarian-paternalism-debate","buildup","truncated","Libertarian paternalism preserves freedom of choice while designing defaults that guide people toward outcomes."
"Behavioral Economics","behavioral-public-policy","nudge-vs-ban-when-to-use-what","twist","truncated","Sugar taxes are a middle path: they increase cost without banning. But they disproportionately burden low-income."
"Behavioral Economics","behavioral-public-policy","nudge-vs-ban-when-to-use-what","climax","truncated","Policy design should match the intervention strength to the harm level. Light nudges for minor harms, strong."
"Behavioral Economics","nudge-theory","nudge-vs-sludge","twist","truncated","Companies profit from sludge. Free trials that auto-charge, rebates that require mailing forms: friction is a revenue."
"Behavioral Economics","nudge-theory","structuring-complex-choices","twist","truncated","Netflix’s recommendation engine is choice architecture. It structures millions of options into a manageable personal."
"Behavioral Economics","nudge-theory","defaults-in-digital-design","discovery","truncated","GDPR tried to fix this by requiring opt-in consent. But dark patterns still pre-select ‘accept all cookies’ as."
"Behavioral Economics","nudge-theory","when-defaults-backfire","hook","truncated","Auto-enrolling employees in a 3% savings plan anchored them at 3%. Without auto-enrollment, many who chose to enroll."
"Behavioral Economics","nudge-theory","injunctive-norms-what-others-approve-of","twist","truncated","The approval signal doesn’t need to be explicit. A green checkmark, a congratulations banner — all convey social."
"Behavioral Economics","nudge-theory","injunctive-norms-what-others-approve-of","climax","truncated","The strongest nudge combines ‘this is what people do’ with ‘this is what people think is right.’ Together they’re."
"Behavioral Economics","nudge-theory","peer-comparison-nudges","discovery","truncated","Allcott’s study found that Opower’s social comparison nudge is equivalent to a 20% price increase in reducing."
"Behavioral Economics","nudge-theory","peer-comparison-nudges","twist","truncated","The effect fades over time but doesn’t disappear. Persistent reminders keep the comparison salient and behavior."
"Behavioral Economics","nudge-theory","public-pledges-and-visibility","twist","truncated","Making commitments too large can backfire. If the goal feels impossible, people abandon the pledge to reduce cognitive."
"Behavioral Economics","nudge-theory","environmental-nudges","discovery","truncated","Footprints on the ground leading to trash cans reduce litter by 46%. Make the right behavior the path of least."
"Behavioral Economics","nudge-theory","nudging-college-enrollment","climax","truncated","Pre-filling FAFSA forms and assigning advisors who text reminders cost $100 per student and save thousands in lost."
"Behavioral Economics","nudge-theory","nudging-healthier-eating","buildup","truncated","Wansink’s smarter lunchroom research showed that placement, portion size, and visibility shape food choices more."
"Behavioral Economics","nudge-theory","dark-nudges-and-corporate-manipulation","buildup","truncated","Dark nudges use the same behavioral insights as beneficial nudges but steer people toward the company’s interest, not."
"Behavioral Economics","nudge-theory","nudges-vs-structural-change","discovery","truncated","Chater and Loewenstein warn that nudges can give governments an excuse to avoid harder, more expensive structural."
"Behavioral Economics","nudge-theory","nudges-vs-structural-change","twist","truncated","But nudges and structural reforms aren’t mutually exclusive. The best policy uses both: fix the system and design."
"Behavioral Economics","nudge-theory","the-transparency-objection","buildup","truncated","Hausman and Welch argue that nudges bypass rational deliberation. If people knew they were being nudged, they might."
"Behavioral Economics","nudge-theory","the-transparency-objection","discovery","truncated","But research shows disclosed nudges still work. Telling people the cafeteria is designed to promote healthy eating."
"Behavioral Economics","prospect-theory","loss-aversion-in-negotiations","twist","truncated","Framing concessions as gains changes behavior. ‘You’re getting a premium location’ works better than ‘the price."
"Behavioral Economics","social-influence-and-economics","broken-windows-theory","twist","truncated","Critics argue the theory was misapplied to justify aggressive policing. The environmental signal is real; the policy."
"Behavioral Economics","social-influence-and-economics","descriptive-vs-injunctive-norms","discovery","truncated","People follow descriptive norms more reliably. Knowing others do something is more motivating than being told they."
"Behavioral Economics","social-influence-and-economics","conditional-cooperators","discovery","truncated","Fischbacher used strategy method experiments. Subjects revealed cooperation rules before seeing others, confirming."
"Behavioral Economics","social-influence-and-economics","the-veblen-effect","twist","truncated","Discount luxury brands fail because they undermine the signal. A cheap Rolex would destroy the brand faster than bad."
"Behavioral Economics","social-influence-and-economics","virtue-signaling-in-economics","discovery","truncated","Ariely found donations drop when anonymity is enforced. Much generosity is partly motivated by reputation, not pure."
"Behavioral Economics","social-influence-and-economics","virtue-signaling-in-economics","twist","truncated","This isn’t necessarily bad. If signaling motivates real donations and green purchases, the outcomes are genuine even if."
"Behavioral Economics","social-influence-and-economics","bank-runs-and-self-fulfilling-panic","climax","truncated","Self-fulfilling prophecies appear in markets, rumors, and politics. When belief causes the outcome, perception."
"Behavioral Economics","social-influence-and-economics","speculative-bubbles","twist","truncated","Rational people can fuel irrational bubbles. If you believe others will keep buying, riding the bubble is individually."
"Behavioral Economics","social-influence-and-economics","collectivism-vs-individualism","buildup","truncated","Hofstede classified cultures on an individualism-collectivism scale. The score predicts saving rates, risk-taking,."
"Behavioral Economics","social-influence-and-economics","collectivism-vs-individualism","twist","truncated","Individualism rises with wealth. As countries develop, cultural values shift toward personal choice and market."
"Behavioral Economics","social-influence-and-economics","honor-cultures-and-economics","discovery","truncated","In honor cultures, reputation is capital. Defending it, even violently, makes economic sense where law enforcement."
"Behavioral Economics","social-influence-and-economics","honor-cultures-and-economics","twist","truncated","Honor norms persist long after the original conditions disappear. Southern US herding ended, but the cultural response."
"Behavioral Economics","social-influence-and-economics","religion-and-economic-behavior","discovery","truncated","Guiso studied 80 countries and found that religious participation correlates with trust, thrift, and market-friendly."
"Behavioral Economics","the-psychology-of-money","the-mental-ledger","buildup","truncated","Thaler’s mental accounting theory says we sort money into separate mental pots: rent, fun, savings, each with its own."
"Behavioral Economics","the-psychology-of-money","the-mental-ledger","discovery","truncated","A dollar is a dollar. But mental accounts make us treat a bonus differently than a paycheck, and a refund differently."
"Behavioral Economics","the-psychology-of-money","the-mental-ledger","twist","truncated","Mental accounting helps us budget. But it also makes us irrational: refusing to dip into the ‘vacation fund’ to pay off."
"Behavioral Economics","the-psychology-of-money","windfall-money","twist","truncated","Governments discovered this: framing stimulus checks as ‘tax rebates’ leads to more spending than calling them."
"Behavioral Economics","the-psychology-of-money","opportunity-cost-neglect","twist","truncated","Retailers never mention alternatives. They compare their product to more expensive versions, not to completely."
"Behavioral Economics","the-psychology-of-money","opportunity-cost-neglect","climax","truncated","Before any large purchase, ask: what else could I do with this money? Making alternatives visible is the best spending."
"Behavioral Economics","the-psychology-of-money","present-bias-and-hyperbolic-discounting","discovery","truncated","Hyperbolic discounting means our discount rate isn’t constant. We’re patient about the distant future and impatient."
"Behavioral Economics","the-psychology-of-money","present-bias-and-hyperbolic-discounting","climax","truncated","Pre-commit when you’re patient. Automate savings, schedule workouts, and remove the decision from your impatient."
"Behavioral Economics","the-psychology-of-money","the-decoy-effect-in-purchases","discovery","truncated","Ariely showed this with magazine subscriptions. A useless ‘print only’ option pushed people toward the pricier ‘print +."
"Behavioral Economics","the-psychology-of-money","the-diderot-effect","discovery","truncated","One upgrade triggers a chain of upgrades. A new sofa demands a new rug, which demands new curtains, which demands new."
"Behavioral Economics","the-psychology-of-money","temptation-bundling","climax","truncated","Identify your guilty pleasures. Pair each with a financial task. The pleasure becomes the incentive for the disciplined."
"Behavioral Economics","the-psychology-of-money","the-marshmallow-test-and-financial-patience","twist","truncated","But follow-ups showed environment matters more than character. Kids from unstable homes ate early because waiting."
"Behavioral Economics","the-psychology-of-money","the-planner-and-the-doer","buildup","truncated","Thaler and Shefrin modeled the self as two agents: a far-sighted planner who sets goals and a myopic doer who craves."
"Behavioral Economics","the-psychology-of-money","money-illusion","hook","truncated","A 5% raise during 7% inflation is a pay cut. But it feels like a raise. Your brain reads the number, not the purchasing."
"Behavioral Economics","the-psychology-of-money","the-relativity-of-rich","discovery","truncated","Luttmer found that neighbors’ income negatively predicts happiness. A raise at work feels hollow if colleagues got."
"Behavioral Economics","the-psychology-of-money","the-relativity-of-rich","climax","truncated","Financial satisfaction improves when you stop comparing sideways and start comparing backward: where you were a year."
"Behavioral Economics","the-psychology-of-money","the-wealth-illusion","buildup","truncated","The wealth illusion: we judge others’ wealth by visible spending, not by invisible assets like savings, investments,."
"Behavioral Economics","the-psychology-of-money","debt-and-cognitive-load","buildup","truncated","Mullainathan and Shafir’s scarcity research showed that financial stress occupies working memory, leaving less."
"Behavioral Economics","the-psychology-of-money","debt-and-cognitive-load","twist","truncated","This creates a vicious cycle: debt impairs decision-making, which leads to worse financial choices, which creates more."
"Behavioral Economics","the-psychology-of-money","optimism-bias-in-borrowing","discovery","truncated","Bar-Gill found that consumers methodically underestimate how long they’ll carry credit card balances by an average."
"Behavioral Economics","the-psychology-of-money","optimism-bias-in-borrowing","twist","truncated","Lenders profit from this. They offer low teaser rates knowing most borrowers will carry balances well past."
"Behavioral Economics","the-psychology-of-money","buying-experiences-vs-things","buildup","truncated","Van Boven and Gilovich found that spending on experiences produces more and longer-lasting happiness than spending."
"Behavioral Economics","the-psychology-of-money","financial-autonomy-the-real-wealth","hook","truncated","The richest feeling isn’t a purchase. It’s waking up with no obligations: no debt payments, no boss you hate, no."
"Behavioral Economics","the-psychology-of-money","financial-autonomy-the-real-wealth","buildup","truncated","Autonomy — control over your time and choices — is consistently the strongest predictor of life satisfaction across."
"Behavioral Economics","the-psychology-of-money","prosocial-spending","twist","truncated","The joy of giving diminishes if it’s obligatory. Forced donations or guilt-driven charity don’t produce the same."

Business,financial-literacy,business--financial-literacy--t-opportunity-cost-the-road-not-taken,hook,truncated,"You buy a $1,200 phone. The real cost isn't $1,200 -- it's the $1,200 investment that would've grown to $5,000 in 15."
Business,financial-literacy,business--financial-literacy--t-dollar-cost-averaging,twist,truncated,Lump-sum investing actually beats DCA two-thirds of the time -- but DCA prevents the fear that stops people from.
Business,financial-literacy,business--financial-literacy--t-diversification-don-t-put-all-eggs-in-one-basket,discovery,truncated,"A mix of stocks, bonds, real estate, and international investments reduces overall risk without proportionally reducing."
Business,financial-literacy,business--financial-literacy--t-hedging-protecting-against-downside,punchline,truncated,You can't eliminate risk. But you can choose which risks to keep and which to.
Business,financial-literacy,business--financial-literacy--t-the-psychology-of-spending,discovery,truncated,"Retailers exploit this: 'limited time offers' create urgency, anchoring shows fake high prices, and subscriptions hide."
Business,financial-literacy,business--financial-literacy--t-bonds-lending-money-for-interest,punchline,truncated,Bonds are safe until interest rates move. Then they're a reminder that 'safe'.
Business,financial-literacy,business--financial-literacy--t-tax-advantaged-accounts-401-k-and-ira,hook,truncated,Your employer matches your 401(k) contributions 50 cents per dollar.
Business,financial-literacy,business--financial-literacy--t-financial-independence-the-fire-movement,punchline,truncated,Financial independence isn't about never working.
Business,financial-literacy,business--financial-literacy--t-the-power-of-starting-early,twist,truncated,"Young people often say they'll invest 'later when they earn more.' But delaying 10 years can cost $500,000+ by."
Business,innovation-and-disruption,business--innovation-and-disruption--t-first-mover-vs-fast-follower-advantage,discovery,truncated,First movers bear all education costs. Fast followers benefit from proven demand and a market that customers already.
Business,innovation-and-disruption,business--innovation-and-disruption--t-why-incumbents-fail-to-innovate,buildup,truncated,"Large companies fail at innovation not from lack of ideas but from structural barriers: bureaucracy, risk aversion, and."
Business,innovation-and-disruption,business--innovation-and-disruption--t-data-as-a-business-model,twist,truncated,"Privacy regulations (GDPR, CCPA) are challenging this model. Collecting data without consent now carries billion-dollar."
Business,innovation-and-disruption,business--innovation-and-disruption--t-marketplace-business-models,twist,truncated,Once a marketplace achieves liquidity -- enough activity on both sides.
Business,innovation-and-disruption,business--innovation-and-disruption--t-cloud-computing-from-owning-to-renting,climax,truncated,"The cloud enabled Netflix, Spotify, Slack, and Zoom -- companies that couldn't exist without elastic, pay-as-you-go."
Business,innovation-and-disruption,business--innovation-and-disruption--t-innovation-ecosystems-why-silicon-valley-works,punchline,truncated,"Innovation clusters aren't built. They're grown, one company and one failure at."
Business,leadership-principles,business--leadership-principles--t-transformational-leadership,discovery,truncated,"They focus on four pillars: idealized influence, inspirational motivation, intellectual stimulation, and individual."
Business,leadership-principles,business--leadership-principles--t-resilience-bouncing-back-from-failure,hook,truncated,Steve Jobs was fired from the company he founded. He came back 12 years later and built it into the most valuable.
Business,leadership-principles,business--leadership-principles--t-the-five-dysfunctions-of-a-team,buildup,truncated,The pyramid: absence of trust -> fear of conflict -> lack of commitment -> avoidance of accountability -> inattention to.
Business,leadership-principles,business--leadership-principles--t-lifelong-learning-as-a-leader,twist,truncated,"Learning for leaders isn't just reading. It's seeking feedback, experimenting, and staying curious about unfamiliar."
Business,leadership-principles,business--leadership-principles--t-giving-feedback-that-actually-lands,discovery,truncated,"The SBI model works: Situation, Behavior, Impact. 'In the meeting (S), when you interrupted (B), it shut down."
Business,marketing-psychology,business--marketing-psychology--t-the-foot-in-the-door-technique,hook,truncated,Researchers asked people to put a tiny 'Drive Safely' sticker on their window.
Business,supply-chain-essentials,business--supply-chain-essentials--t-value-chain-analysis,buildup,truncated,"Michael Porter's value chain breaks a company into activities that create value: design, production, marketing,."
Business,supply-chain-essentials,business--supply-chain-essentials--t-nearshoring-bringing-production-closer,buildup,truncated,"Nearshoring means relocating production to a country closer to your customers, trading lower wages for shorter lead."
Business,supply-chain-essentials,business--supply-chain-essentials--t-the-semiconductor-supply-chain,buildup,truncated,"The semiconductor supply chain is the most complex on Earth: design in the US, fabrication in Taiwan, packaging in."
Business,supply-chain-essentials,business--supply-chain-essentials--t-digital-twins-in-supply-chains,hook,truncated,Unilever built a virtual copy of its entire supply chain. They test disruptions on the copy before they happen in real.
Business,supply-chain-essentials,business--supply-chain-essentials--t-sustainability-in-supply-chains,punchline,truncated,The greenest supply chain isn't the one that offsets.
Business,supply-chain-essentials,business--supply-chain-essentials--t-the-future-autonomous-supply-chains,hook,truncated,An AI detects a typhoon forming near Taiwan. It automatically reroutes orders to backup suppliers before humans even.
Career,burnout-and-balance,career--burnout-and-balance--t-maslach-s-three-dimensions-of-burnout,buildup,truncated,"The Maslach Burnout Inventory measures three dimensions: emotional exhaustion, depersonalization, and reduced."
Career,burnout-and-balance,career--burnout-and-balance--t-maslach-s-three-dimensions-of-burnout,discovery,truncated,Exhaustion = drained. Depersonalization = cynical detachment. Reduced accomplishment = feeling ineffective despite.
Career,burnout-and-balance,career--burnout-and-balance--t-always-on-culture-and-digital-leash,punchline,truncated,Being always available doesn't mean you're always productive. It means you're.
Career,burnout-and-balance,career--burnout-and-balance--t-psychological-detachment-from-work,discovery,truncated,"Sonnentag found: employees who psychologically detach have less fatigue, more life satisfaction, and better next-day."
Career,burnout-and-balance,career--burnout-and-balance--t-psychological-detachment-from-work,climax,truncated,"Create shutdown rituals: close your laptop, write tomorrow's to-do list, change clothes. Signal your brain: 'work is."
Career,burnout-and-balance,career--burnout-and-balance--t-digital-minimalism-and-screen-boundaries,punchline,truncated,Your phone is designed to steal your attention. Guard it like the resource it.
Career,burnout-and-balance,career--burnout-and-balance--t-setting-boundaries-without-guilt,twist,truncated,Boundary guilt is often self-imposed. Studies show colleagues respect boundary-setters more than chronic.
Career,burnout-and-balance,career--burnout-and-balance--t-the-art-of-saying-no,discovery,truncated,"Greg McKeown's 'Essentialism': if it's not a clear yes, it's a no. This filter protects your most valuable resource --."
Career,burnout-and-balance,career--burnout-and-balance--t-transition-rituals-work-home-boundaries,twist,truncated,Adam Grant's research: people who create artificial transitions report 40% better work-life balance than those who.
Career,burnout-and-balance,career--burnout-and-balance--t-career-seasons-the-long-game,buildup,truncated,"A 40-year career has seasons: sprints, recoveries, pivots, and plateaus. Treating it as one continuous sprint."
Career,burnout-and-balance,career--burnout-and-balance--t-job-crafting-redesigning-your-role,discovery,truncated,Wrzesniewski and Dutton found that even hospital cleaners who crafted their jobs reported higher purpose and.
Career,burnout-and-balance,career--burnout-and-balance--t-job-crafting-redesigning-your-role,twist,truncated,You don't need permission to job craft. Volunteering for interesting projects or reframing tasks as meaningful -- that's.
Career,burnout-and-balance,career--burnout-and-balance--t-the-four-burners-theory,buildup,truncated,"The Four Burners Theory says: to excel in one area, you sacrifice another. Work-life balance is a myth -- it's."
Career,burnout-and-balance,career--burnout-and-balance--t-the-four-burners-theory,discovery,truncated,"James Clear suggests: in different life seasons, different burners take priority. Balance isn't daily -- it's across."
Career,career-transitions,career--career-transitions--t-reframing-experience-for-a-new-field,discovery,truncated,The skill is the same. The framing makes it relevant. 'Teaching' becomes 'training.' 'Selling' becomes 'business.
Career,office-politics,career--office-politics--t-gaslighting-at-work,discovery,truncated,"It's subtle: denying events, trivializing feelings, shifting blame. Over time, victims lose confidence in their."
Career,office-politics,career--office-politics--t-toxic-leadership-recognizing-the-signs,hook,truncated,"Your boss takes credit for your work, belittles you in meetings, and plays favorites. That's not tough love. It's."
Career,office-politics,career--office-politics--t-toxic-leadership-recognizing-the-signs,punchline,truncated,Recognize toxicity early. Enduring it doesn't make you strong -- it makes you.
Career,remote-work-mastery,career--remote-work-mastery--t-video-call-fatigue-the-science,buildup,truncated,"Jeremy Bailenson identified four causes: excessive eye contact, seeing yourself, reduced mobility, higher cognitive."
Career,remote-work-mastery,career--remote-work-mastery--t-remote-onboarding-the-critical-window,climax,truncated,"A great remote onboarding: written handbook, assigned buddy, weekly check-ins, and a real first project within two."
Career,remote-work-mastery,career--remote-work-mastery--t-remote-work-and-career-advancement,hook,truncated,Remote workers are 38% less likely to receive a bonus and 35% less likely to be promoted. The visibility penalty is.
Career,workplace-communication,career--workplace-communication--t-writing-for-decision-makers,twist,truncated,Executives don't want options without recommendations. 'Here are three options' is lazy. 'I recommend option B.
Career,workplace-communication,career--workplace-communication--t-navigating-conflict-productively,twist,truncated,Productive conflict -- task-focused disagreement -- actually improves team decisions. It's personal conflict that.
Career,workplace-communication,career--workplace-communication--t-communication-in-virtual-teams,punchline,truncated,"In virtual teams, if you think you've communicated enough, communicate once."
Communication,body-language,display-rules-when-to-show-emotion,climax,truncated,Americans see Japanese restraint as coldness; Japanese see American.
Communication,conflict-resolution,the-conflict-escalation-ladder,twist,truncated,"Most conflicts become unsolvable not because the issue is complex, but because emotions escalated past the point of."
Communication,conflict-resolution,the-role-of-identity-in-conflict,twist,truncated,This explains why small criticisms cause big reactions. The issue isn't the feedback -- it's the identity story it.
Communication,conflict-resolution,the-role-of-identity-in-conflict,climax,truncated,Effective conflict resolution requires making it safe for identities.
Communication,conflict-resolution,cultural-conflict-styles-around-the-world,buildup,truncated,Cultures differ dramatically in preferred conflict styles. Western cultures favor direct confrontation; many Asian.
Communication,conflict-resolution,when-competing-is-the-right-move,discovery,truncated,"But in emergencies, ethical stands, and situations requiring quick decisive action, competing saves lives and."
Communication,conflict-resolution,labeling-emotions-to-tame-them,discovery,truncated,"When you label someone's emotion, it signals understanding. The other person feels heard and their defensive walls."
Communication,conflict-resolution,the-amygdala-hijack,discovery,truncated,"During a hijack, the amygdala triggers fight-or-flight before the prefrontal cortex can process what's actually."
Communication,conflict-resolution,the-amygdala-hijack,climax,truncated,"De-escalation starts with recognizing your own hijack. If your heart races and jaw clenches, your amygdala has taken."
Communication,conflict-resolution,the-90-second-rule,punchline,truncated,"Emotions are visitors. After 90 seconds, you're the one who invites them to."
Communication,conflict-resolution,crucial-conversations-when-stakes-are-high,buildup,truncated,"Patterson et al. found that the ability to handle crucial conversations predicts career success, relationships, and."
Communication,conflict-resolution,crucial-conversations-when-stakes-are-high,climax,truncated,"The formula: share facts first, then your story, then ask for theirs. Facts are least controversial; stories are most."
Communication,conflict-resolution,crucial-conversations-when-stakes-are-high,punchline,truncated,Hard conversations aren't hard because of the topic.
Communication,conflict-resolution,difficult-feedback-the-sbi-model,hook,truncated,"'You're unprofessional' triggers defensiveness. 'In Monday's meeting, when you interrupted the client, it created."
Communication,conflict-resolution,reframing-changing-the-lens,discovery,missing_closing_quote,Mediators reframe accusations into needs: 'She never listens' becomes 'You need to feel heard.
Communication,conflict-resolution,nonviolent-communication-nvc,discovery,missing_closing_quote,"'You never listen' becomes 'When I see you on your phone during our talks, I feel hurt because I need connection."
Communication,conflict-resolution,nonviolent-communication-nvc,climax,truncated,"Rosenberg used NVC in prisons, war zones, and schools. The framework scales from personal arguments to international."
Communication,conflict-resolution,when-not-to-resolve-strategic-disengagement,twist,truncated,Many conflict resolution books assume good faith on both sides.
Communication,conflict-resolution,building-a-conflict-competent-culture,discovery,truncated,Google's Project Aristotle found that 'psychological safety' -- the freedom to disagree -- is the #1 predictor of team.
Communication,conflict-resolution,restorative-justice-healing-over-punishment,buildup,truncated,"Restorative justice brings offenders and victims together in facilitated dialogue -- focusing on harm and healing, not."
Communication,cross-cultural-communication,ethnocentrism-the-default-bias,hook,truncated,Every culture thinks it's normal and others are strange. That's not an insult -- it's a cognitive default called.
Communication,cross-cultural-communication,high-context-vs-low-context-cultures,buildup,truncated,Edward T. Hall divided cultures by context: high-context cultures communicate implicitly; low-context cultures.
Communication,cross-cultural-communication,high-context-vs-low-context-cultures,climax,truncated,"Global teams fail when high-context members think low-context ones are rude, and low-context members think."
Communication,cross-cultural-communication,the-dmis-stages-of-cultural-sensitivity,buildup,truncated,"The Developmental Model of Intercultural Sensitivity has six stages: Denial, Defense, Minimization, Acceptance."
Communication,cross-cultural-communication,the-dmis-stages-of-cultural-sensitivity,climax,truncated,"Integration, the final stage, means holding multiple cultural frames simultaneously -- thinking and feeling in more."
Communication,cross-cultural-communication,erin-meyer-s-culture-map,climax,truncated,"Meyer's model is more practical than Hofstede's for daily business because it maps specific workplace behaviors, not."
Communication,cross-cultural-communication,hofstede-s-cultural-dimensions,buildup,truncated,"His six dimensions: Power Distance, Individualism, Masculinity, Uncertainty Avoidance, Long-Term Orientation."
Communication,cross-cultural-communication,hofstede-s-cultural-dimensions,twist,truncated,"Hofstede's model is powerful but imperfect -- it treats nations as uniform and ignores subcultures, generations, and."
Communication,cross-cultural-communication,hofstede-s-cultural-dimensions,climax,truncated,"Despite its limits, the framework gave global businesses their first systematic language for discussing cultural."
Communication,cross-cultural-communication,individualism-vs-collectivism,buildup,truncated,"Individualist cultures (US, UK, Australia) prioritize personal goals."
Communication,cross-cultural-communication,individualism-vs-collectivism,discovery,truncated,This dimension shapes communication: individualists are direct and self-promoting; collectivists are indirect and.
Communication,cross-cultural-communication,individualism-vs-collectivism,twist,truncated,Neither is morally superior. Individualism drives innovation but loneliness.
Communication,cross-cultural-communication,power-distance-who-decides,discovery,truncated,"High PD countries (Malaysia, Philippines, Mexico) expect deference."
Communication,cross-cultural-communication,power-distance-who-decides,twist,truncated,Korean Air crashes in the 1990s were partly caused by high power distance -- co-pilots wouldn't correct senior pilots'.
Communication,cross-cultural-communication,power-distance-who-decides,climax,truncated,"Power distance shapes everything: management style, classroom dynamics, parent-child relationships, and political."
Communication,cross-cultural-communication,uncertainty-avoidance-comfort-with-ambiguity,hook,truncated,German trains run on the second. Brazilian parties start 'whenever.
Communication,cross-cultural-communication,uncertainty-avoidance-comfort-with-ambiguity,climax,truncated,Mismatched UA in global teams causes friction: one side wants detailed plans; the other wants to 'figure it out as we.
Communication,cross-cultural-communication,humor-across-cultures-what-s-funny-where,buildup,truncated,"Humor relies on shared assumptions, cultural knowledge, and linguistic nuance -- the hardest things to transfer across."
Communication,cross-cultural-communication,lost-in-translation-untranslatable-words,discovery,truncated,Untranslatable words reveal what a culture pays attention to.
Communication,cross-cultural-communication,saying-no-around-the-world,twist,truncated,Low-context businesspeople waste months on deals that high-context partners politely declined weeks ago -- without.
Communication,cross-cultural-communication,saying-no-around-the-world,punchline,truncated,Some cultures say 'no' loudly. Others say it so softly you have to learn to.
Communication,cross-cultural-communication,silence-the-language-that-speaks-volumes,discovery,truncated,Western cultures fill silence because it signals disconnect. Many Eastern cultures use silence because it signals.
Communication,cross-cultural-communication,eye-contact-respect-or-confrontation,hook,truncated,An American manager sees a Japanese employee looking down during feedback and thinks 'disengaged.
Communication,cross-cultural-communication,eye-contact-respect-or-confrontation,buildup,truncated,"In Western cultures, eye contact signals confidence and honesty."
Communication,cross-cultural-communication,eye-contact-respect-or-confrontation,discovery,truncated,"The rule is often hierarchy-based: in high power-distance cultures, looking down before superiors shows deference, not."
Communication,cross-cultural-communication,gestures-that-get-lost-in-translation,twist,truncated,Even pointing is cultural. Americans point with a finger; Malaysians point with their thumb; Laotians point with their.
Communication,cross-cultural-communication,personal-space-the-invisible-bubble,discovery,truncated,These zones vary dramatically by culture. Arab and Latin cultures use closer distances; Northern European and East.
Communication,cross-cultural-communication,time-orientation-clock-vs-event,discovery,truncated,"Monochronic cultures (US, Germany, Japan) see time as a resource to spend."
Communication,cross-cultural-communication,time-orientation-clock-vs-event,twist,truncated,Neither orientation is more productive. Monochronic cultures waste time in unnecessary meetings.
Communication,cross-cultural-communication,time-orientation-clock-vs-event,climax,truncated,The deepest time conflicts arise in mixed teams: one side feels disrespected by lateness; the other feels rushed by.
Communication,cross-cultural-communication,touch-from-handshakes-to-hugs,buildup,truncated,Touch norms vary enormously: Mediterranean and Latin cultures are high-touch; East Asian and Northern European.
Communication,cross-cultural-communication,touch-from-handshakes-to-hugs,twist,truncated,"The COVID pandemic disrupted greeting norms worldwide. Elbow bumps, foot taps, and hand-over-heart replaced physical."
Communication,cross-cultural-communication,expatriate-failure-why-assignments-go-wrong,buildup,truncated,"Companies select expatriates for technical competence, then wonder why they fail."
Communication,cross-cultural-communication,expatriate-failure-why-assignments-go-wrong,discovery,truncated,The biggest predictor of expatriate success isn't IQ or experience.
Communication,cross-cultural-communication,expatriate-failure-why-assignments-go-wrong,punchline,truncated,You can move people across borders. Moving them across cultures takes.
Communication,cross-cultural-communication,gift-giving-etiquette-a-minefield-of-meaning,buildup,truncated,"Gift-giving rules vary wildly: open gifts immediately (US), never open in front of the giver (Japan), always give with."
Communication,cross-cultural-communication,global-virtual-teams-the-new-frontier,buildup,truncated,"Remote work amplified cross-cultural challenges: fewer nonverbal cues, more misinterpreted emails, and time zone."
Communication,cross-cultural-communication,global-virtual-teams-the-new-frontier,climax,truncated,"Successful global teams create 'cultural contracts' -- explicit agreements about communication norms, decision-making."
Communication,cross-cultural-communication,building-global-communication-competence,twist,truncated,Many people plateau at 'acceptance' -- tolerating difference without adapting.
Communication,cross-cultural-communication,cultural-intelligence-cq-the-skill-of-adaptation,discovery,truncated,"Unlike personality traits, CQ is learnable. Travel, immersion, diverse relationships, and cross-cultural training all."
Communication,cross-cultural-communication,digital-culture-the-emerging-global-tribe,hook,truncated,"A gamer in Tokyo, a memer in Lagos, and a streamer in Sao Paulo share more culture with each other than with their."
Communication,cross-cultural-communication,digital-culture-the-emerging-global-tribe,climax,truncated,The future of cross-cultural communication isn't just nation-to-nation.
Communication,cross-cultural-communication,the-global-citizen-mindset,discovery,truncated,Third Culture Kids (TCKs) -- those raised across cultures -- show higher empathy and adaptability but also higher.
Communication,cross-cultural-communication,the-global-citizen-mindset,twist,truncated,You don't need to travel to develop a global mindset. Genuine curiosity about any 'other' -- next door or overseas -- is.
Communication,cross-cultural-communication,third-culture-building,hook,truncated,"When a German and a Brazilian work together, the answer isn't 'do it the German way' or 'do it the Brazilian way."
Communication,cross-cultural-communication,third-culture-building,twist,missing_closing_quote,The process requires explicit negotiation: 'How will we handle deadlines? How will we give feedback?
Communication,cross-cultural-communication,third-culture-building,climax,truncated,Third cultures work because nobody has to abandon their identity.
Communication,emotional-intelligence,emotions-are-data-not-noise,buildup,truncated,Antonio Damasio's somatic marker hypothesis: emotions are rapid signals that summarize past experience into a felt.
Communication,emotional-intelligence,emotions-are-data-not-noise,discovery,truncated,"Patients with damaged emotional centers make terrible decisions -- not because they can't reason, but because they."
Communication,emotional-intelligence,emotions-are-data-not-noise,twist,truncated,Pure rationality is a myth. Every decision involves emotion. People who think they decide purely logically are simply.
Communication,emotional-intelligence,emotions-are-data-not-noise,climax,truncated,Emotionally intelligent people don't suppress emotions. They read them as data -- signals about what matters and what's.
Communication,emotional-intelligence,iq-vs-eq-the-great-debate,discovery,truncated,"IQ gets you in the door. EQ determines how far you go -- especially in roles requiring leadership, teamwork, and."
Communication,emotional-intelligence,the-birth-of-emotional-intelligence,buildup,truncated,Daniel Goleman's 'Emotional Intelligence' argued that EQ -- the ability to manage emotions -- predicts success better.
Communication,emotional-intelligence,the-birth-of-emotional-intelligence,punchline,truncated,Smart isn't just about what you know. It's about what you feel -- and what you.
Communication,emotional-intelligence,the-eq-skeptics-valid-criticisms,buildup,truncated,"Critics argue EQ is poorly defined, inconsistently measured, and overlaps with existing personality traits like."
Communication,emotional-intelligence,the-eq-skeptics-valid-criticisms,discovery,truncated,Locke and others point out that self-report EQ tests can be easily faked -- socially desirable answers don't equal real.
Communication,emotional-intelligence,the-four-branch-model-of-eq,hook,truncated,"Before Goleman's bestseller, two psychologists built the scientific foundation: perceiving, using, understanding, and."
Communication,emotional-intelligence,the-four-branch-model-of-eq,climax,truncated,The four-branch model proved EQ isn't just 'being nice.' It's a cognitive skill -- using emotions as data for better.
Communication,emotional-intelligence,the-four-branch-model-of-eq,punchline,truncated,Emotional intelligence isn't about feeling more.
Communication,emotional-intelligence,body-signals-your-emotional-dashboard,discovery,truncated,Finnish researchers mapped where emotions are felt in the body. Anger activates the chest and arms.
Communication,emotional-intelligence,body-signals-your-emotional-dashboard,twist,truncated,Many people are 'alexithymic' -- unable to identify their emotions.
Communication,emotional-intelligence,emotional-granularity-name-it-to-tame-it,hook,truncated,'I feel bad.' Bad how? Sad? Anxious? Frustrated? Guilty? The precision of your emotional vocabulary changes your.
Communication,emotional-intelligence,emotional-granularity-name-it-to-tame-it,buildup,truncated,Lisa Feldman Barrett discovered that people with richer emotional vocabularies experience and regulate emotions more.
Communication,emotional-intelligence,emotional-granularity-name-it-to-tame-it,twist,truncated,"People with low granularity use 'good' and 'bad.' People with high granularity distinguish between 'wistful,'."
Communication,emotional-intelligence,internal-vs-external-self-awareness,buildup,truncated,Tasha Eurich's research distinguishes two types: internal self-awareness (understanding your own emotions) and.
Communication,emotional-intelligence,triggers-your-emotional-buttons,climax,truncated,"Self-aware people map their triggers: specific words, tones, situations, or people that consistently activate strong."
Communication,emotional-intelligence,cognitive-reappraisal-changing-the-story,twist,truncated,Telling people to 'stay calm' fails. Telling them to reframe anxiety as excitement works -- because the physiology is.
Communication,emotional-intelligence,emotional-suppression-the-hidden-cost,discovery,truncated,"Gross's research shows suppression reduces visible emotion but increases physiological stress, memory impairment, and."
Communication,emotional-intelligence,mindfulness-and-emotional-regulation,buildup,truncated,Mindfulness -- non-judgmental awareness of present-moment experience -- is the most researched emotion regulation.
Communication,emotional-intelligence,mindfulness-and-emotional-regulation,twist,truncated,Mindfulness doesn't eliminate emotions. It creates a 'witness perspective' -- observing emotions without being.
Communication,emotional-intelligence,mindfulness-and-emotional-regulation,climax,truncated,"Google, SAP, and Aetna built mindfulness programs. Aetna reported a 28% reduction in stress and $3,000 per employee in."
Communication,emotional-intelligence,the-marshmallow-test-revisited,buildup,truncated,"Walter Mischel's 1972 Stanford experiment found that kids who delayed gratification had better SAT scores, health, and."
Communication,emotional-intelligence,the-marshmallow-test-revisited,climax,truncated,Self-regulation isn't about white-knuckling through temptation.
Communication,emotional-intelligence,cognitive-empathy-thinking-what-they-think,twist,truncated,Cognitive empathy without emotional empathy can be dangerous.
Communication,emotional-intelligence,cognitive-empathy-thinking-what-they-think,climax,truncated,"In professional settings, cognitive empathy is essential: understanding clients, users, and colleagues without."
Communication,emotional-intelligence,compassionate-empathy-the-action-bridge,hook,truncated,Understanding pain is cognitive empathy. Feeling pain is emotional empathy. Helping with pain?
Communication,emotional-intelligence,compassionate-empathy-the-action-bridge,discovery,truncated,Neuroscientist Tania Singer found that compassion activates different brain regions than empathic distress -- reward.
Communication,emotional-intelligence,compassionate-empathy-the-action-bridge,twist,truncated,Training compassion instead of empathy prevents burnout. Compassion feels positive and energizing; empathic distress.
Communication,emotional-intelligence,emotional-empathy-feeling-what-they-feel,discovery,truncated,Mirror neurons fire both when you perform an action and when you watch someone else perform it -- creating a neural.
Communication,emotional-intelligence,empathy-fatigue-when-caring-hurts,buildup,truncated,Empathy fatigue -- also called compassion fatigue -- occurs when prolonged exposure to others' suffering depletes.
Communication,emotional-intelligence,empathy-fatigue-when-caring-hurts,twist,truncated,"The solution isn't less caring. It's strategic caring -- boundaries, self-care, and shifting from empathic distress to."
Communication,emotional-intelligence,empathy-fatigue-when-caring-hurts,punchline,truncated,You can't pour from an empty cup. Caring for others starts with caring for.
Communication,emotional-intelligence,emotional-agility-in-difficult-conversations,hook,truncated,Susan David was 15 when her father died. A teacher handed her a notebook: 'Write what you feel.
Communication,emotional-intelligence,emotional-agility-in-difficult-conversations,climax,truncated,"Emotional agility in conversations means being present, choosing responses that align with values, and adapting as."
Communication,emotional-intelligence,emotional-agility-in-difficult-conversations,punchline,truncated,"Emotions are visitors. You are the home. Welcome them, but don't let them."
Communication,emotional-intelligence,emotional-contagion-catching-feelings,twist,truncated,Leaders are 'super-spreaders' of emotion. A leader's mood disproportionately affects the entire team's emotional.
Communication,emotional-intelligence,giving-feedback-with-eq,buildup,truncated,"Emotionally intelligent feedback considers timing, emotional state, relationship context, and the other person's."
Communication,emotional-intelligence,giving-feedback-with-eq,climax,missing_closing_quote,EQ in feedback means asking: 'Is this the right moment? Am I the right person?
Communication,emotional-intelligence,leading-with-emotional-influence,buildup,truncated,"Influence without authority -- leading through relationships, trust, and emotional connection -- is the highest-leverage."
Communication,emotional-intelligence,leading-with-emotional-influence,discovery,truncated,"It requires understanding others' motivations, building genuine rapport, and making people feel valued -- not."
Communication,emotional-intelligence,leading-with-emotional-influence,twist,truncated,"In flat organizations and cross-functional teams, nobody has authority over anybody."
Communication,emotional-intelligence,reading-the-room-social-perception,buildup,truncated,"Reading the room means perceiving the unspoken emotional dynamics -- tension, enthusiasm, boredom, resistance -- behind."
Communication,emotional-intelligence,reading-the-room-social-perception,discovery,truncated,"It requires attending to body language, energy shifts, who speaks (and who doesn't), and the gap between words and."
Communication,emotional-intelligence,reading-the-room-social-perception,twist,truncated,"Most leaders focus on content. Socially intelligent leaders also monitor process: how the room feels, not just what it."
Communication,emotional-intelligence,dark-eq-when-emotional-skills-go-wrong,hook,truncated,The most charming person in the room understood everyone's emotions perfectly.
Communication,emotional-intelligence,dark-eq-when-emotional-skills-go-wrong,discovery,truncated,Studies show people high in Machiavellianism and narcissism often score high on emotional perception -- they read.
Communication,emotional-intelligence,dark-eq-when-emotional-skills-go-wrong,twist,truncated,EQ training without values is dangerous. Teaching someone to read emotions without teaching empathy creates a more.
Communication,emotional-intelligence,dark-eq-when-emotional-skills-go-wrong,climax,truncated,Ethical EQ requires both skill AND intention. The same abilities that create great leaders also create great con.
Communication,emotional-intelligence,eq-across-the-lifespan,twist,truncated,"But aging alone isn't enough. Without deliberate practice, some adults never develop beyond adolescent emotional."
Communication,emotional-intelligence,eq-in-leadership-the-resonant-leader,hook,truncated,"Goleman studied 3,000 executives and found EQ accounted for nearly 90% of the difference between average and."
Communication,emotional-intelligence,eq-in-leadership-the-resonant-leader,discovery,truncated,"Six leadership styles -- visionary, coaching, affiliative, democratic, pacesetting, commanding -- each requires."
Communication,emotional-intelligence,eq-in-leadership-the-resonant-leader,twist,truncated,The most effective leaders don't have one style. They flexibly switch between styles based on the emotional needs of.
Communication,emotional-intelligence,eq-in-leadership-the-resonant-leader,punchline,truncated,The best leaders don't command followers.
Communication,emotional-intelligence,eq-in-relationships-gottman-s-discoveries,buildup,truncated,"His 'Four Horsemen' -- criticism, contempt, defensiveness, and stonewalling -- are the communication patterns that."
Communication,emotional-intelligence,eq-in-relationships-gottman-s-discoveries,twist,truncated,The antidote isn't grand gestures. It's small moments of 'turning toward' your partner's bids for emotional.
Communication,emotional-intelligence,eq-in-relationships-gottman-s-discoveries,climax,truncated,Happy couples have a 5:1 ratio of positive to negative interactions.
Communication,emotional-intelligence,teaching-eq-can-schools-change-hearts,buildup,truncated,"Social-Emotional Learning (SEL) programs teach children to identify emotions, manage them, show empathy, and navigate."
Communication,emotional-intelligence,teaching-eq-can-schools-change-hearts,discovery,truncated,A meta-analysis of 213 studies showed SEL programs improve academic achievement by 11 percentile points and reduce.
Communication,emotional-intelligence,teaching-eq-can-schools-change-hearts,twist,truncated,Critics worry SEL is 'soft' or distracts from academics. The data shows the opposite: emotional skills boost cognitive.
Communication,media-literacy,framing-how-the-same-story-changes-meaning,discovery,truncated,Kahneman and Tversky showed that framing a surgery as '90% survival' vs.
Communication,media-literacy,framing-how-the-same-story-changes-meaning,twist,truncated,"All media is framed. There's no 'view from nowhere.' The question isn't whether framing exists, but whose frame you're."
Communication,media-literacy,the-attention-economy-you-are-the-product,discovery,truncated,Social media platforms earn money per second of your attention.
Communication,media-literacy,the-attention-economy-you-are-the-product,twist,truncated,"Outrage, fear, and novelty capture attention most effectively."
Communication,media-literacy,the-medium-is-the-message,discovery,truncated,TV didn't just deliver news -- it created a visual culture. The internet didn't just share information -- it created.
Communication,media-literacy,the-medium-is-the-message,climax,truncated,"Media literacy starts here: understanding that the tools we consume through actively reshape how we think, feel, and."
Communication,media-literacy,advertising-psychology-selling-dreams,discovery,truncated,Bernays proved this in 1929 when he got women to smoke by framing cigarettes as 'torches of freedom' -- linking smoking.
Communication,media-literacy,advertising-psychology-selling-dreams,twist,truncated,You think you're immune to advertising. Research shows even people who believe they're unaffected are influenced by.
Communication,media-literacy,cold-war-information-warfare,buildup,truncated,Both superpowers built massive propaganda machines: Voice of America vs.
Communication,media-literacy,nazi-propaganda-the-machinery-of-hate,climax,truncated,"Studying Nazi propaganda isn't just history. The techniques -- dehumanization, repetition, fear -- reappear in modern."
Communication,media-literacy,wwi-propaganda-the-birth-of-modern-persuasion,buildup,truncated,World War I was the first war where governments systematically used mass media to shape public opinion and recruit.
Communication,media-literacy,wwi-propaganda-the-birth-of-modern-persuasion,twist,truncated,"Edward Bernays, Creel's protege, later applied wartime propaganda techniques to peacetime -- inventing modern public."
Communication,media-literacy,wwi-propaganda-the-birth-of-modern-persuasion,climax,truncated,WWI proved that mass media could manufacture consent on a national scale.
Communication,media-literacy,conspiracy-theories-why-smart-people-believe,climax,truncated,"The most effective approach: empathy first, then inoculation -- exposing people to weakened conspiracy arguments before."
Communication,media-literacy,conspiracy-theories-why-smart-people-believe,punchline,truncated,Conspiracy theories don't spread because people are dumb.
Communication,media-literacy,deepfakes-seeing-isn-t-believing,buildup,truncated,"Deepfakes use AI to create synthetic media -- realistic video, audio, and images of real people doing things they never."
Communication,media-literacy,deepfakes-seeing-isn-t-believing,twist,truncated,The biggest threat isn't fake videos. It's the 'liar's dividend' -- real evidence dismissed as 'probably fake' because.
Communication,media-literacy,fact-checking-the-verification-toolkit,twist,truncated,The biggest barrier to fact-checking isn't skill -- it's motivation.
Communication,media-literacy,the-illusory-truth-effect,buildup,truncated,"Hasher, Goldstein, and Toppino discovered that repeated statements are judged as more true -- regardless of actual."
Communication,media-literacy,the-illusory-truth-effect,discovery,truncated,"Repetition creates cognitive fluency -- the brain processes familiar statements more easily, and ease of processing."
Communication,media-literacy,confirmation-bias-the-filter-you-don-t-see,discovery,truncated,It's not just what you seek. It's what you notice: your brain literally filters out information that contradicts your.
Communication,media-literacy,confirmation-bias-the-filter-you-don-t-see,twist,truncated,"The smarter you are, the better you are at rationalizing your biases."
Communication,media-literacy,false-balance-when-both-sides-misleads,buildup,truncated,"False balance occurs when media gives equal weight to positions with vastly unequal evidence, creating a false."
Communication,media-literacy,false-balance-when-both-sides-misleads,discovery,truncated,Journalists trained in 'objectivity' sometimes confuse balance with accuracy.
Communication,media-literacy,filter-bubbles-and-echo-chambers,buildup,truncated,"Eli Pariser coined 'filter bubble': algorithms personalize content based on past behavior, narrowing your information."
Communication,media-literacy,filter-bubbles-and-echo-chambers,discovery,truncated,"Echo chambers go further: social groups where everyone shares the same views, reinforcing beliefs and demonizing."
Communication,media-literacy,filter-bubbles-and-echo-chambers,twist,truncated,Research suggests filter bubbles may be less powerful than feared.
Communication,media-literacy,filter-bubbles-and-echo-chambers,climax,truncated,The problem isn't just algorithmic. It's psychological: we self-sort into like-minded groups because disagreement is.
Communication,media-literacy,ownership-bias-who-owns-the-news,buildup,truncated,Media ownership consolidation means fewer independent voices.
Communication,media-literacy,ownership-bias-who-owns-the-news,climax,truncated,"Media literacy requires knowing who owns what you consume. Ownership shapes editorial decisions, even when journalists."
Communication,media-literacy,sensationalism-if-it-bleeds-it-leads,buildup,truncated,"'If it bleeds, it leads' -- news prioritizes dramatic, visual, and emotional stories over slow, complex, but more."
Communication,media-literacy,sensationalism-if-it-bleeds-it-leads,discovery,truncated,"Sensationalism exploits negativity bias: our brains pay more attention to threats, disasters, and conflict than to."
Communication,media-literacy,sensationalism-if-it-bleeds-it-leads,twist,truncated,"Hans Rosling showed that most global trends are positive -- poverty declining, health improving -- but news never covers."
Communication,media-literacy,constructive-journalism-reporting-solutions,buildup,truncated,Constructive journalism doesn't ignore problems. It covers them AND asks: 'What's being done? What works?
Communication,media-literacy,constructive-journalism-reporting-solutions,discovery,truncated,"Research shows solution-focused stories increase reader engagement, sense of agency, and willingness to act -- without."
Communication,media-literacy,constructive-journalism-reporting-solutions,twist,truncated,Critics call it 'happy news' or naive. Proponents argue traditional journalism's exclusive focus on problems creates.
Communication,media-literacy,constructive-journalism-reporting-solutions,climax,truncated,The Solutions Journalism Network now trains reporters worldwide.
Communication,media-literacy,digital-literacy-beyond-reading-skills,buildup,truncated,"Digital literacy combines technical skills with critical thinking -- not just using tools, but understanding how they."
Communication,media-literacy,digital-literacy-beyond-reading-skills,discovery,truncated,Stanford research found that 82% of middle school students couldn't distinguish between news articles and sponsored.
Communication,media-literacy,digital-literacy-beyond-reading-skills,twist,truncated,Adults aren't much better. Older generations share more misinformation online than younger ones -- despite having more.
Communication,media-literacy,inoculation-theory-vaccines-for-the-mind,buildup,truncated,"Inoculation theory (McGuire, 1961) exposes people to weakened versions of persuasive arguments so they build."
Communication,media-literacy,inoculation-theory-vaccines-for-the-mind,discovery,truncated,"The game 'Bad News' lets players create fake news. After playing, they're significantly better at spotting real."
Communication,media-literacy,inoculation-theory-vaccines-for-the-mind,climax,truncated,"Google, WHO, and governments now use inoculation campaigns. Short videos teaching manipulation techniques reduce."
Communication,media-literacy,news-avoidance-the-cost-of-checking-out,climax,truncated,"A 'news diet' -- deliberate, limited, diverse consumption -- protects mental health while maintaining informed."
Communication,media-literacy,source-evaluation-the-sift-method,discovery,truncated,Most misinformation succeeds because people react before investigating.
Communication,media-literacy,source-evaluation-the-sift-method,twist,truncated,Website design and professional appearance have zero correlation with accuracy.
Communication,media-literacy,source-evaluation-the-sift-method,climax,truncated,SIFT takes less than 60 seconds and catches most misinformation.
Communication,media-literacy,ai-generated-content-the-trust-crisis,climax,truncated,"The future of media literacy isn't just detecting fakes. It's building trust systems: verified sources, provenance."
Communication,media-literacy,citizen-journalism-everyone-s-a-reporter,buildup,truncated,Smartphones turned billions of people into potential reporters.
Communication,media-literacy,citizen-journalism-everyone-s-a-reporter,discovery,truncated,The Arab Spring was documented largely by citizens -- not journalists.
Communication,media-literacy,citizen-journalism-everyone-s-a-reporter,twist,truncated,"Citizen journalism is powerful but unvetted. Without editorial standards, it can spread unverified claims as fast as."
Communication,media-literacy,the-splinternet-when-the-internet-fragments,discovery,truncated,"China's Great Firewall blocks Google, Facebook, and Twitter. 900 million Chinese users live in a completely different."
Communication,media-literacy,the-splinternet-when-the-internet-fragments,climax,truncated,The splinternet means global media literacy must include understanding which internet you're on -- and what you can't.
Communication,media-literacy,media-literacy-as-a-democratic-survival-skill,buildup,truncated,"Finland teaches media literacy from primary school: evaluating sources, recognizing manipulation, and understanding."
Communication,media-literacy,media-literacy-as-a-democratic-survival-skill,climax,truncated,Democracy requires informed citizens. Information warfare targets that requirement.
Communication,psychology-of-listening,hearing-vs-listening-the-critical-difference,hook,truncated,Your ears are always on. You hear 24/7 -- even while sleeping. But listening?
Communication,psychology-of-listening,how-the-brain-processes-speech,twist,truncated,The speed gap between speech and thought creates spare mental capacity.
Communication,psychology-of-listening,how-the-brain-processes-speech,climax,truncated,"Expert listeners use spare capacity productively: summarizing, connecting ideas, and formulating questions instead of."
Communication,psychology-of-listening,listening-fatigue-why-we-tune-out,buildup,truncated,"Active listening consumes significant cognitive resources: attention, working memory, emotional processing, and."
Communication,psychology-of-listening,listening-fatigue-why-we-tune-out,climax,truncated,"Managing listening energy is a skill: take breaks, reduce visual clutter, and schedule deep listening for when you're."
Communication,psychology-of-listening,the-cocktail-party-effect,twist,truncated,The unattended conversations aren't gone. Your brain monitors them at low level -- which is how your name breaks.
Communication,psychology-of-listening,the-four-levels-of-listening,buildup,truncated,Level 1: Downloading -- hearing only what confirms existing beliefs.
Communication,psychology-of-listening,the-four-levels-of-listening,discovery,truncated,Level 3: Empathetic -- sensing the emotional reality behind words.
Communication,psychology-of-listening,the-four-levels-of-listening,climax,truncated,"Moving to higher levels requires intention. You must consciously choose to suspend judgment, open your heart, and."
Communication,psychology-of-listening,confirmation-bias-in-listening,buildup,truncated,"Confirmation bias in listening: we selectively attend to, interpret, and remember parts of a message that confirm our."
Communication,psychology-of-listening,confirmation-bias-in-listening,discovery,truncated,"In a study, partisans watching the same debate each believed their candidate won -- because they filtered for."
Communication,psychology-of-listening,confirmation-bias-in-listening,climax,missing_closing_quote,Fighting confirmation bias in listening requires asking: 'What am I not hearing? What would change my mind?
Communication,psychology-of-listening,status-and-power-who-gets-listened-to,buildup,truncated,"Research shows we listen more attentively to people with higher status, authority, or perceived expertise -- even when."
Communication,psychology-of-listening,status-and-power-who-gets-listened-to,discovery,truncated,"Conversely, we dismiss ideas from lower-status speakers. Nurses who noticed medical errors were often ignored by."
Communication,psychology-of-listening,status-and-power-who-gets-listened-to,twist,truncated,"Power also corrupts the powerful listener. High-power individuals interrupt more, listen less, and are more likely to."
Communication,psychology-of-listening,the-inner-monologue-your-biggest-listening-enemy,buildup,truncated,"The inner monologue runs constantly -- planning, evaluating, rehearsing."
Communication,psychology-of-listening,the-inner-monologue-your-biggest-listening-enemy,climax,truncated,Expert listeners don't silence the monologue. They redirect it -- using it to summarize and question rather than to.
Communication,psychology-of-listening,asking-powerful-questions,twist,missing_closing_quote,Many 'questions' are actually opinions in disguise: 'Don't you think that's a bad idea?
Communication,psychology-of-listening,asking-powerful-questions,climax,missing_closing_quote,Powerful questions create insight in the speaker. 'What would success look like?
Communication,psychology-of-listening,asking-powerful-questions,punchline,truncated,The right question doesn't just get answers.
Communication,psychology-of-listening,carl-rogers-and-reflective-listening,buildup,truncated,"Reflective listening: paraphrase the speaker's words and feelings back to them, showing that you've genuinely."
Communication,psychology-of-listening,carl-rogers-and-reflective-listening,discovery,truncated,"Rogers found that when people feel truly heard, they become calmer, more open, and more able to solve their own."
Communication,psychology-of-listening,carl-rogers-and-reflective-listening,twist,truncated,Most people hate reflective listening at first -- it feels artificial.
Communication,psychology-of-listening,nonverbal-listening-cues,buildup,truncated,"Nonverbal listening cues include eye contact, nodding, leaning forward, open posture, and facial expressions that."
Communication,psychology-of-listening,nonverbal-listening-cues,climax,truncated,The best nonverbal listening is natural -- it emerges from genuine interest.
Communication,psychology-of-listening,silence-as-a-listening-tool,buildup,truncated,"Strategic silence -- pausing after someone speaks -- gives them space to continue, go deeper, and reveal what they."
Communication,psychology-of-listening,silence-as-a-listening-tool,discovery,truncated,Therapists know that the deepest revelations come after silence.
Communication,psychology-of-listening,silence-as-a-listening-tool,twist,truncated,Most people can only tolerate 4 seconds of silence in conversation.
Communication,psychology-of-listening,silence-as-a-listening-tool,climax,missing_closing_quote,"Silence communicates respect, patience, and genuine interest. It says: 'I'm not rushing you."
Communication,psychology-of-listening,the-power-of-paraphrasing,climax,truncated,Paraphrasing also helps the listener. Restating ideas in your own words deepens your own comprehension and memory of.
Communication,psychology-of-listening,the-power-of-paraphrasing,punchline,truncated,Repeat their words and they feel heard. Restate their meaning and they feel.
Communication,psychology-of-listening,compassion-fatigue-when-empathy-runs-out,discovery,truncated,Charles Figley found that the most empathetic caregivers are most vulnerable.
Communication,psychology-of-listening,compassion-fatigue-when-empathy-runs-out,twist,truncated,The antidote isn't less empathy -- it's 'compassion satisfaction' and self-care.
Communication,psychology-of-listening,compassion-fatigue-when-empathy-runs-out,climax,truncated,You can't pour from an empty cup. Protecting your emotional health isn't selfish -- it's what makes continued.
Communication,psychology-of-listening,empathy-vs-sympathy-in-listening,climax,truncated,"Empathetic listening is rare because it's vulnerable. To truly hear someone's pain, you must be willing to feel some."
Communication,psychology-of-listening,empathy-vs-sympathy-in-listening,punchline,truncated,Sympathy says 'I'm sorry.' Empathy says 'I'm here.' One is a word.
Communication,psychology-of-listening,listening-to-what-s-not-said,discovery,truncated,What people omit is as revealing as what they say. A person describing their day who skips over the morning may be.
Communication,psychology-of-listening,listening-to-what-s-not-said,twist,truncated,Naming the unspoken is powerful but risky: 'It sounds like there's something else going on.
Communication,psychology-of-listening,listening-without-fixing,discovery,truncated,Research shows that unsolicited advice makes people feel unheard and patronized.
Communication,psychology-of-listening,listening-without-fixing,climax,missing_closing_quote,"The skill: ask 'Do you want advice, or do you need me to listen?"
Communication,psychology-of-listening,mirror-neurons-and-emotional-resonance,discovery,truncated,These neurons may be the neurological basis for empathy -- allowing us to literally simulate others' experiences in our.
Communication,psychology-of-listening,listening-across-generations,climax,missing_closing_quote,"Cross-generational listening requires curiosity, not assumptions. Ask 'how do you prefer to communicate?"
Communication,psychology-of-listening,listening-up-how-leaders-hear-dissent,hook,truncated,A CEO asks for honest feedback. Everyone says 'great job.' Is the work really that good -- or is everyone too afraid to.
Communication,psychology-of-listening,listening-up-how-leaders-hear-dissent,climax,truncated,"The best leaders create 'safe to fail' zones: regular forums where critical feedback is expected, welcomed, and."
Communication,psychology-of-listening,psychological-safety-leading-by-listening,discovery,truncated,"Leaders create psychological safety primarily through listening behaviors: asking questions, acknowledging."
Communication,psychology-of-listening,the-listening-organization-systems-that-hear,buildup,truncated,"Listening organizations build systematic channels: suggestion systems, skip-level meetings, anonymous feedback, and."
Communication,psychology-of-listening,contemplative-listening-beyond-conversation,buildup,truncated,"Contemplative listening goes beyond interpersonal skills to a meditative practice: deep, non-judgmental presence with."
Communication,psychology-of-listening,contemplative-listening-beyond-conversation,discovery,truncated,"Mindfulness meditation is essentially listening training -- attending to sounds, thoughts, and sensations without."
Communication,psychology-of-listening,contemplative-listening-beyond-conversation,climax,truncated,Contemplative listening isn't spiritual luxury. It's practical neural training -- building the attention muscles that.
Communication,psychology-of-listening,listening-as-connection-the-thread-that-binds,discovery,truncated,Research on relationships consistently shows the single best predictor of satisfaction is feeling heard by your.
Communication,psychology-of-listening,listening-as-connection-the-thread-that-binds,twist,truncated,"We spend years learning to read, write, and speak. Almost no one is formally taught to listen -- the skill that matters."
Communication,psychology-of-listening,listening-to-nature-what-silence-teaches,twist,truncated,We don't notice noise pollution because we've adapted. But our nervous systems haven't -- chronic noise stress.
Communication,psychology-of-listening,music-and-the-listening-brain,discovery,truncated,"Musicians have structurally different brains: larger auditory cortices, stronger corpus callosum connections, and."
Communication,psychology-of-listening,music-and-the-listening-brain,twist,truncated,"You don't need to play an instrument. Attentive music listening -- focused, analytical -- builds many of the same neural."
Communication,psychology-of-listening,music-and-the-listening-brain,climax,truncated,"Musical listening is transferable: trained musicians are better at detecting emotional nuance in speech, tone of."
Communication,psychology-of-listening,the-listening-revolution-a-noisy-world-needs-quiet-minds,discovery,truncated,"Kate Murphy's research showed that listening is the most neglected communication skill in education, business, and."
Communication,psychology-of-listening,the-listening-revolution-a-noisy-world-needs-quiet-minds,twist,truncated,"The irony: in an age of connection, loneliness is epidemic. Not because people don't talk -- but because nobody feels."
Communication,psychology-of-listening,the-listening-revolution-a-noisy-world-needs-quiet-minds,climax,truncated,"The listening revolution isn't about new technology. It's about an ancient skill -- presence, patience, and genuine."
Communication,rhetoric-and-logic,aristotle-s-three-proofs-ethos-pathos-logos,hook,truncated,"Aristotle said all persuasion flows from three sources: your character, your audience's emotions, and your logical."
Communication,rhetoric-and-logic,aristotle-s-three-proofs-ethos-pathos-logos,discovery,truncated,"A doctor recommending exercise (ethos), a charity showing a suffering child (pathos), a scientist presenting data."
Communication,rhetoric-and-logic,aristotle-s-three-proofs-ethos-pathos-logos,twist,truncated,Most people think logos is most important. Research shows ethos matters most -- people accept arguments from people.
Communication,rhetoric-and-logic,cicero-s-five-canons-of-rhetoric,climax,truncated,"The five canons remain the backbone of speech training, legal education, and political communication -- after two."
Communication,rhetoric-and-logic,kairos-the-art-of-perfect-timing,buildup,truncated,Kairos is the rhetorical concept of timing -- saying the right thing at the right moment in the right way for maximum.
Communication,rhetoric-and-logic,kairos-the-art-of-perfect-timing,discovery,truncated,"MLK's 'I Have a Dream' speech worked because of kairos: the March on Washington, national tension, and a quarter."
Communication,rhetoric-and-logic,the-birth-of-rhetoric-athens-and-the-agora,buildup,truncated,Rhetoric -- the art of persuasive communication -- was born in 5th-century Greece as democracy demanded every citizen.
Communication,rhetoric-and-logic,the-socratic-method-questioning-to-truth,buildup,truncated,"The Socratic method uses guided questioning to expose assumptions, reveal contradictions, and arrive at deeper."
Communication,rhetoric-and-logic,the-socratic-method-questioning-to-truth,discovery,missing_closing_quote,"Instead of saying 'you're wrong,' Socrates asked 'what do you mean by that?"
Communication,rhetoric-and-logic,burden-of-proof-who-must-prove-what,twist,missing_closing_quote,People constantly shift the burden: 'Prove God doesn't exist' or 'Prove this supplement doesn't work.
Communication,rhetoric-and-logic,deductive-reasoning-from-general-to-specific,discovery,truncated,Deduction is powerful because it produces certainty. Mathematics is entirely deductive -- every theorem follows.
Communication,rhetoric-and-logic,deductive-reasoning-from-general-to-specific,twist,truncated,The catch: deduction is only as good as its premises. 'All swans are white' seemed true -- until black swans were.
Communication,rhetoric-and-logic,inductive-reasoning-from-specific-to-general,discovery,truncated,Every scientific law is inductive. Gravity 'always' pulls down because we've observed it billions of times -- not.
Communication,rhetoric-and-logic,inductive-reasoning-from-specific-to-general,climax,truncated,"Induction gives us probability, not certainty. Science embraces this -- theories are always provisional, updated by new."
Communication,rhetoric-and-logic,steel-manning-arguing-against-the-best-version,twist,truncated,Steel-manning is rare because it's hard. It requires genuinely understanding the other side -- which sometimes changes.
Communication,rhetoric-and-logic,the-toulmin-model-how-real-arguments-work,punchline,truncated,"Every argument hides an assumption. Find it, and you find the argument's."
Communication,rhetoric-and-logic,appeal-to-authority-when-experts-are-wrong,buildup,truncated,Appeal to authority uses an expert's opinion as proof -- even when the expert is outside their field or a consensus.
Communication,rhetoric-and-logic,false-dilemma-the-illusion-of-two-choices,discovery,missing_closing_quote,Politicians love false dilemmas: 'Either we build the wall or the country is overrun.
Communication,rhetoric-and-logic,false-dilemma-the-illusion-of-two-choices,climax,missing_closing_quote,The antidote: always ask 'Are these really the only two options?
Communication,rhetoric-and-logic,slippery-slope-the-domino-that-never-falls,hook,missing_closing_quote,"'If we allow A, then B will happen, then C, then the apocalypse!"
Communication,rhetoric-and-logic,charitable-interpretation-the-principle-of-charity,twist,truncated,"Social media destroyed charitable interpretation. We read text without tone, assume the worst, and attack the most."
Communication,rhetoric-and-logic,groupthink-when-consensus-becomes-dangerous,buildup,truncated,"Irving Janis defined groupthink: a group prioritizes harmony and conformity over critical evaluation, leading to."
Communication,rhetoric-and-logic,groupthink-when-consensus-becomes-dangerous,climax,truncated,"Combating groupthink requires structural safeguards: anonymous feedback, devil's advocates, and leaders who speak."
Communication,rhetoric-and-logic,the-devil-s-advocate-arguing-what-you-don-t-believe,discovery,truncated,Research shows groups with a designated devil's advocate make better decisions -- they consider more options and catch.
Communication,rhetoric-and-logic,the-structure-of-a-debate-clash-and-resolution,climax,truncated,"Real debate demands intellectual courage: listening to the other side, engaging honestly, and conceding points when."
Communication,rhetoric-and-logic,advertising-rhetoric-the-hidden-persuaders,discovery,truncated,"Vance Packard's 'The Hidden Persuaders' exposed how ads exploit subconscious desires: belonging, status, security, and."
Communication,rhetoric-and-logic,advertising-rhetoric-the-hidden-persuaders,twist,truncated,"Digital advertising uses rhetoric at scale: personalized messages, A/B tested for maximum emotional impact, delivered."
Communication,rhetoric-and-logic,advertising-rhetoric-the-hidden-persuaders,punchline,truncated,"Every ad is an argument. Once you see the argument, you can decide whether to."
Communication,rhetoric-and-logic,legal-rhetoric-arguing-in-the-courtroom,hook,truncated,"Johnnie Cochran said 'If the glove doesn't fit, you must acquit.' Eight words, rhymed, repeated. O.J."
Communication,rhetoric-and-logic,legal-rhetoric-arguing-in-the-courtroom,twist,truncated,Research shows jurors often decide based on narrative coherence -- which story makes more sense -- rather than on.
Communication,rhetoric-and-logic,legal-rhetoric-arguing-in-the-courtroom,climax,truncated,"The courtroom is where rhetoric has life-or-death stakes. The better storyteller doesn't always win, but storytelling."
Communication,rhetoric-and-logic,political-rhetoric-how-leaders-persuade,buildup,truncated,"Political rhetoric combines Aristotle's three appeals with modern techniques: soundbites, slogans, dog whistles, and."
Communication,rhetoric-and-logic,rhetoric-of-science-how-researchers-persuade,buildup,truncated,"Scientific papers follow a rhetorical structure: establish a gap in knowledge (exigence), present methods (ethos), and."
Communication,rhetoric-and-logic,rhetoric-of-science-how-researchers-persuade,discovery,truncated,"Even data visualization is rhetorical. Choosing which graph to show, what scale to use, and what to highlight are all."
Communication,rhetoric-and-logic,rhetoric-of-science-how-researchers-persuade,twist,truncated,"This doesn't mean science is 'just rhetoric.' The rhetoric of science is constrained by evidence, peer review, and."
Communication,rhetoric-and-logic,rhetoric-of-science-how-researchers-persuade,climax,truncated,Understanding science as rhetorical doesn't undermine it -- it reveals why communication skills matter as much as lab.
Communication,rhetoric-and-logic,cognitive-biases-thinking-errors-we-all-make,hook,truncated,"You're not as rational as you think. Your brain runs on shortcuts -- and those shortcuts create predictable, systematic."
Communication,rhetoric-and-logic,intellectual-humility-the-courage-to-be-wrong,climax,truncated,The highest form of rhetoric isn't winning arguments. It's knowing when to concede a point -- because you've learned.
Communication,rhetoric-and-logic,occam-s-razor-the-simplest-explanation-wins,twist,truncated,"Conspiracy theorists violate Occam's Razor constantly -- requiring vast, coordinated deception when simpler."
Communication,storytelling,social-media-microstories,hook,missing_closing_quote,"Hemingway reportedly wrote a story in six words: 'For sale: baby shoes, never worn."
Communication,storytelling,social-media-microstories,discovery,truncated,"Constraint breeds creativity. The best Twitter threads, TikTok stories, and Instagram captions pack full arcs into."Cooking,food-myths-debunked,t-searing-meat-doesn-t-seal-in-juices,punchline,truncated,"Sear for flavor, not for sealing. The juice myth is 170 years overdue for."
Cooking,great-chefs-and-culinary-revolutions,t-the-restaurant-a-french-revolution-invention,climax,truncated,"The concept spread globally -- menus, courses, reservations, and dining as entertainment all originated in."
Cooking,history-of-world-cuisines,t-japanese-washoku-food-as-philosophy,punchline,truncated,Washoku doesn't ask 'what's for dinner?' It asks 'what does this season taste.
Cooking,street-food-stories,t-indian-chaat-the-art-of-layered-flavor,twist,truncated,Each city has its own chaat identity. Delhi's gol gappas are different from Mumbai's pani puri -- a source of fierce.
Cooking,street-food-stories,t-shawarma-the-rotating-spit-that-conquered-the-world,discovery,truncated,"As the Ottoman Empire spread, so did the technique -- becoming shawarma in Arabic, gyros in Greek, and al pastor in."
Cooking,street-food-stories,t-italian-gelato-carts-the-frozen-revolution,punchline,truncated,Gelato isn't Italian ice cream. It's a completely different philosophy of.
Cooking,tea-and-coffee-culture,t-moroccan-mint-tea-the-national-ritual,twist,truncated,"Three glasses are traditionally served. A Moroccan proverb explains: 'The first is gentle as life, the second strong as."
Cooking,tea-and-coffee-culture,t-moroccan-mint-tea-the-national-ritual,punchline,truncated,"Morocco's most sacred ritual uses a Chinese tea, British trade routes, and."
Cooking,tea-and-coffee-culture,t-third-wave-coffee-the-craft-revolution,punchline,truncated,Third-wave coffee isn't snobby. It's just paying attention to what first and.
Cooking,tea-and-coffee-culture,t-turkish-coffee-fortune-in-the-grounds,punchline,truncated,"Turkish coffee is the only beverage you drink twice -- once as coffee, once as."
Cooking,tea-and-coffee-culture,t-bubble-tea-taiwan-s-global-export,punchline,truncated,Two tea shops argued over who invented it. The world drank 4.
Cooking,tea-and-coffee-culture,t-coffee-and-climate-change-a-shrinking-future,punchline,truncated,The morning coffee you take for granted is one of climate change's most.
Cooking,tea-and-coffee-culture,t-decaf-how-they-remove-the-buzz,hook,truncated,Decaf coffee still contains caffeine -- about 3% remains. And the story of how caffeine gets removed is surprisingly.
Cooking,tea-and-coffee-culture,t-decaf-how-they-remove-the-buzz,discovery,truncated,Modern methods use supercritical CO2 or the Swiss Water Process -- chemical-free soaking that selectively removes.
Copywriting,art-of-the-slogan,copywriting--art-of-the-slogan--t-the-science-of-stickiness,buildup,truncated,"Chip and Dan Heath's 'Made to Stick' identifies six principles: Simple, Unexpected, Concrete, Credible, Emotional,."
Copywriting,art-of-the-slogan,copywriting--art-of-the-slogan--t-lessons-from-failed-slogans,buildup,truncated,"Failed slogans share patterns: they insult the audience, they're too clever, they contradict the brand promise, or they."
Copywriting,copywriting-legends,copywriting--copywriting-legends--t-albert-lasker-the-father-of-modern-ads,buildup,truncated,"In 1904, Lasker met John E. Kennedy, who defined advertising as 'salesmanship in print.' That phrase changed Lasker's."
Copywriting,email-marketing-that-works,copywriting--email-marketing-that-works--t-event-triggered-emails,discovery,truncated,"Spotify's 'Wrapped' email, sent annually, gets massive engagement because it's triggered by a year of personal."
Copywriting,email-marketing-that-works,copywriting--email-marketing-that-works--t-the-endowment-effect-in-trials,hook,truncated,"Once people own something, they value it more. Free trial emails that say 'Your account is ready' create instant."
Copywriting,email-marketing-that-works,copywriting--email-marketing-that-works--t-the-endowment-effect-in-trials,discovery,truncated,Trial expiration emails work because ending the trial feels like loss: 'Your workspace and all your files will be.
Copywriting,language-of-luxury-brands,copywriting--language-of-luxury-brands--t-dior-the-new-look-in-words,buildup,truncated,"Dior's language was architectural: 'sculpted waists,' 'structured shoulders,' 'flowing skirts.' Clothing was described."
Copywriting,language-of-luxury-brands,copywriting--language-of-luxury-brands--t-dior-the-new-look-in-words,discovery,truncated,"Modern Dior copy blends French and English seamlessly: 'savoir-faire,' 'atelier,' 'maison.' French words signal."
Copywriting,language-of-luxury-brands,copywriting--language-of-luxury-brands--t-dior-the-new-look-in-words,twist,truncated,Using French in luxury copy is a global convention--even Japanese and Korean luxury brands add French words to suggest.
Copywriting,language-of-luxury-brands,copywriting--language-of-luxury-brands--t-emirates-flying-reimagined,hook,truncated,'Fly Emirates. Hello Tomorrow.' The airline turned coach-class Dubai flights into aspirational luxury through.
Copywriting,language-of-luxury-brands,copywriting--language-of-luxury-brands--t-emirates-flying-reimagined,climax,truncated,Emirates proves that an entire industry--aviation--can be reframed from 'transport' to 'luxury experience' through.
Copywriting,language-of-luxury-brands,copywriting--language-of-luxury-brands--t-aman-resorts-the-art-of-understatement,buildup,truncated,Aman's website copy reads like haiku: 'Peace found. Journey's end.
Copywriting,language-of-luxury-brands,copywriting--language-of-luxury-brands--t-the-ritz-carlton-ladies-and-gentlemen,discovery,truncated,"Ritz-Carlton's external copy mirrors the internal language: 'anticipatory service,' 'personalized experiences,' 'warm."
Copywriting,language-of-luxury-brands,copywriting--language-of-luxury-brands--t-cartier-the-jeweler-of-kings,hook,truncated,King Edward VII called Cartier 'the jeweler of kings and the king of jewelers.' Royal endorsement became the brand's.
Copywriting,language-of-luxury-brands,copywriting--language-of-luxury-brands--t-mercedes-benz-engineered-like-no-other,buildup,truncated,Mercedes copy emphasizes engineering lineage: 'Invented the automobile.
Copywriting,language-of-luxury-brands,copywriting--language-of-luxury-brands--t-mercedes-benz-engineered-like-no-other,discovery,truncated,"The three-pointed star is explained as 'domination of land, sea, and air.' The logo itself becomes copy--a symbol that."
Copywriting,language-of-luxury-brands,copywriting--language-of-luxury-brands--t-mercedes-benz-engineered-like-no-other,twist,truncated,Mercedes recently softened its copy for younger audiences: 'Grow up.' The brand risked its heritage image to seem less.
Copywriting,language-of-luxury-brands,copywriting--language-of-luxury-brands--t-aston-martin-the-bond-effect,climax,truncated,Aston Martin proves that association copy--linking your brand to a cultural icon--can be more powerful than any written.
Copywriting,propaganda-and-persuasion,copywriting--propaganda-and-persuasion--t-the-french-revolution-pamphlets,buildup,truncated,Writers like Abbe Sieyes asked: 'What is the Third Estate? Everything. What has it been?
Copywriting,propaganda-and-persuasion,copywriting--propaganda-and-persuasion--t-goebbels-and-the-big-lie,twist,truncated,"The 'Big Lie' technique exploited a cognitive bias: people assume they'd notice a huge lie, so big lies feel more."
Copywriting,propaganda-and-persuasion,copywriting--propaganda-and-persuasion--t-tokyo-rose-and-voice-propaganda,hook,truncated,"'Hello, boys. Your sweethearts back home are being unfaithful.' Tokyo Rose broadcast demoralization to US troops via."
Copywriting,propaganda-and-persuasion,copywriting--propaganda-and-persuasion--t-tokyo-rose-and-voice-propaganda,buildup,truncated,Japan used English-speaking women to play American music mixed with psychological messaging aimed at lowering Allied.
Copywriting,propaganda-and-persuasion,copywriting--propaganda-and-persuasion--t-tokyo-rose-and-voice-propaganda,twist,truncated,"After the war, Iva Toguri--one of several 'Tokyo Roses'--was convicted of treason, then pardoned in 1977 when evidence."
Copywriting,propaganda-and-persuasion,copywriting--propaganda-and-persuasion--t-soviet-socialist-realism,discovery,truncated,"The copy was aspirational: showing the world as it should be, not as it was. Factory workers smiled in posters while."
Copywriting,propaganda-and-persuasion,copywriting--propaganda-and-persuasion--t-the-space-race-narrative,discovery,truncated,JFK's 1961 speech reframed the narrative: 'We choose to go to the moon.' He turned the space race into American.
Copywriting,propaganda-and-persuasion,copywriting--propaganda-and-persuasion--t-deepfakes-and-synthetic-persuasion,discovery,truncated,"The greater threat isn't fake content--it's the 'liar's dividend.' When anything can be faked, real evidence can be."
Copywriting,propaganda-and-persuasion,copywriting--propaganda-and-persuasion--t-ethical-copywriting-principles,buildup,truncated,"Ethical copywriting means truthful claims, honest urgency, real testimonials, and products that deliver on their."
Copywriting,propaganda-and-persuasion,copywriting--propaganda-and-persuasion--t-media-literacy-as-self-defense,climax,truncated,The best defense against propaganda isn't blocking it--it's teaching people to recognize it. Inoculation beats.
Copywriting,propaganda-and-persuasion,copywriting--propaganda-and-persuasion--t-the-future-of-truth,climax,truncated,"The future of truth depends on two things: technology that makes verification easy, and cultures that value truth over."
Copywriting,sales-letters-that-made-millions,copywriting--sales-letters-that-made-millions--t-features-tell-benefits-sell,discovery,truncated,"Apple says 'thousands of songs in your pocket,' not '5GB hard drive.' The benefit is emotional; the feature is."
Copywriting,science-of-storytelling-in-ads,copywriting--science-of-storytelling-in-ads--t-oxytocin-the-trust-molecule,hook,truncated,Paul Zak found that character-driven stories cause the brain to release oxytocin--the same chemical released during.
Copywriting,science-of-storytelling-in-ads,copywriting--science-of-storytelling-in-ads--t-the-identifiable-victim-effect,discovery,truncated,"Ads use this constantly. 'Meet Sarah, age 7' beats 'millions affected.' A single character carries more emotional."
Copywriting,science-of-storytelling-in-ads,copywriting--science-of-storytelling-in-ads--t-before-and-after-transformation,climax,truncated,"The best before-after stories include a specific detail: '12 weeks, no gym, just a jump rope.' Specificity adds."
Copywriting,science-of-storytelling-in-ads,copywriting--science-of-storytelling-in-ads--t-the-curiosity-gap,climax,truncated,Smart storytelling uses curiosity gaps within content: cliffhangers between paragraphs keep readers on Sugarman's.
Creativity,comedy-and-the-art-of-humor,t-incongruity-theory,buildup,truncated,Your brain predicted one thing - the joke delivered another. Humor lives in the gap between what your brain expects and what actually happens. When the punchline doesn't match what your.
Creativity,comedy-and-the-art-of-humor,t-incongruity-theory,discovery,missing_closing_quote,"Kant called humor 'a strained expectation that is suddenly reduced to nothing' - your brain builds tension, the punchline dissolves it, and laughter is the release."
Creativity,comedy-and-the-art-of-humor,t-incongruity-theory,climax,truncated,"Stand-up comedians are unconscious neuroscientists - they've learned to engineer expectation violations. The best ones find the sweet spot: too safe is boring, too."
Creativity,comedy-and-the-art-of-humor,t-laughter-yoga,discovery,truncated,"Scientific studies confirm: even fake laughter produces real benefits. Forced laughter quickly becomes genuine, can lower blood pressure, boost endorphins, and strengthen."
Creativity,comedy-and-the-art-of-humor,t-laughter-yoga,climax,truncated,"Laughter Yoga is now practiced in 110+ countries. It's used in prisons, hospitals, and corporations for."
Creativity,comedy-and-the-art-of-humor,t-tickling,twist,truncated,"This may explain why you can't tickle yourself - your brain predicts your own touch perfectly. It's about impaired self-prediction, treating."
Creativity,comedy-and-the-art-of-humor,t-why-we-laugh,buildup,truncated,Laughing predates language by millions of years. Great apes laugh during play. It may be the earliest known form of.
Creativity,comedy-and-the-art-of-humor,t-why-we-laugh,discovery,missing_closing_quote,Neuroscientist Robert Provine found that most laughter isn't about jokes at all - it's about social bonding. We laugh 30x more in groups. You're safe.
Creativity,comedy-and-the-art-of-humor,t-why-we-laugh,twist,truncated,Contagious laughter triggers mirror neurons. Hearing someone laugh activates the same brain regions as laughing yourself. It's nature's tool for connection and social.
Creativity,comedy-and-the-art-of-humor,t-commedia,buildup,truncated,"Commedia dell'arte gave us stock characters - the scheming servant, the foolish old man, the pompous doctor. These weren't random. They were social archetypes so recognizable that audiences immediately understood the characters - audiences."
Creativity,comedy-and-the-art-of-humor,t-commedia,climax,truncated,"The DNA of Commedia is everywhere: Bugs Bunny is Arlecchino, Squidward is Il Dottore, and any sitcom boss is Il Capitano. These 500-year-old masks evolved into modern archetypes and eventually."
Creativity,comedy-and-the-art-of-humor,t-internet-comedy,punchline,truncated,"Comedy was once gatekept by networks, clubs, and agents. Now anyone with a phone and 6."
Creativity,comedy-and-the-art-of-humor,t-shakespeare-fools,punchline,truncated,Shakespeare's greatest trick: making truth funny so nobody.
Creativity,comedy-and-the-art-of-humor,t-vaudeville,discovery,truncated,"Vaudeville forced performers to be versatile: you had to sing, dance, tell jokes, AND hold an audience. It was the ultimate training ground for comedic writing and timing."
Creativity,comedy-and-the-art-of-humor,t-vaudeville,twist,truncated,"At its peak, vaudeville employed 25,000 performers across 1,000 theaters. Radio, then film, killed the format - but absorbed its DNA. The variety show, late-night TV, and 60 million."
Creativity,comedy-and-the-art-of-humor,t-comedic-timing,discovery,truncated,Timing isn't just speed - it's rhythm. Comics like Jack Benny mastered the long pause - silence that builds tension until the audience breaks. The laugh comes not from the joke but from the unbearable wait. Deliver too fast or.
Creativity,comedy-and-the-art-of-humor,t-comedic-timing,climax,truncated,"Timing is the ONE element of comedy that AI struggles to replicate. Algorithms can generate jokes, but they can't feel the room. The pause."
Creativity,comedy-and-the-art-of-humor,t-setup-punchline,discovery,missing_closing_quote,"Misdirection is key. The setup leads your brain down one path. The punchline takes a sharp turn. Groucho Marx's 'Outside of a dog, a book is man's best friend. Inside of a dog, it's too dark to read' works because 'inside a dog' has high eyebrows."
Creativity,comedy-and-the-art-of-humor,t-subversion,discovery,truncated,Anti-jokes subvert by giving the expected answer. 'Why did the chicken cross the road? To get to the other side.' The humor comes from the LACK of a punchline. They work because.
Creativity,comedy-and-the-art-of-humor,t-subversion,twist,missing_closing_quote,The anti-joke format has exploded online. 'Why did the chicken cross the road? Because chickens lack the cognitive ability to assess traffic patterns and make risk-based decisions.' The absurd literalism subverts both the joke AND the anti-joke. The humor isn't in the answer - it's in endlessly defying what you expect. Why did the chicken cross the road?
Creativity,comedy-and-the-art-of-humor,t-rule-of-three,climax,missing_closing_quote,"The Rule of Three is so embedded in culture that it structures everything: 'life, liberty, and the pursuit of happiness.' 'Blood, sweat, and tears.' Comedy just weaponizes this universal pattern by breaking the third element. Even movie titles use it: 'the good, the bad, and the ugly."
Creativity,comedy-and-the-art-of-humor,t-chaplin,buildup,truncated,Chaplin created the most recognizable character in film history - the Tramp: poor.
Creativity,comedy-and-the-art-of-humor,t-chaplin,discovery,truncated,He pioneered the feature-length comedy at a time when comedies were only short films. 'The Kid' (1921) proved audiences would watch something no filmmaker.
Creativity,comedy-and-the-art-of-humor,t-chaplin,punchline,truncated,Chaplin mastered the art of turning.
Creativity,comedy-and-the-art-of-humor,t-lucille-ball,buildup,truncated,"'I Love Lucy' was revolutionary: she insisted on shooting on film (not live TV), using three cameras, and was filmed before a live."
Creativity,comedy-and-the-art-of-humor,t-lucille-ball,punchline,truncated,"Ball proved women could lead comedy, own the production, control the industry and broke."
Creativity,comedy-and-the-art-of-humor,t-richard-pryor,twist,truncated,"Dave Chappelle, Chris Rock, Eddie Murphy - every major Black comedian traces directly to."
Creativity,comedy-and-the-art-of-humor,t-richard-pryor,punchline,truncated,Pryor turned his pain into comedy so raw that audiences who'd never experienced his life found themselves.
Creativity,comedy-and-the-art-of-humor,t-tina-fey,buildup,truncated,"She became SNL's first female head writer and created '30 Rock.' Her comedy family tree includes Amy Poehler, Stephen Colbert, and."
Creativity,comedy-and-the-art-of-humor,t-absurdist,buildup,truncated,"Absurdist humor breaks the rules of reality itself. In Monty Python's world, dead parrots are 'just resting' and the Spanish Inquisition is unexpected. It works by creating a world where expectations."
Creativity,comedy-and-the-art-of-humor,t-absurdist,twist,truncated,"Absurdist humor is the hardest to write because it must be simultaneously random AND internally consistent. Tim and Eric, Eric Andre, and 'I Think You Should Leave' succeed because they commit fully to their absurd premise - never winking at the audience, never breaking to question what."
Creativity,comedy-and-the-art-of-humor,t-cringe,twist,truncated,The genre splits audiences sharply: the same scene that makes one viewer cry with laughter makes another physically uncomfortable. Research shows empathy levels predict reaction - high-empathy viewers feel the character's pain so intensely that some viewers.
Creativity,comedy-and-the-art-of-humor,t-dark-comedy,punchline,truncated,"Dark comedy's paradox: by laughing at the worst of life, we prove we can survive it. When reality becomes."
Creativity,creative-thinking-frameworks,t-associative,twist,truncated,The most creative people aren't smarter.
Creativity,creative-thinking-frameworks,t-random-entry,twist,truncated,The technique works because it bypasses the brain's habit of following familiar paths. Random input forces new neural connections - and it's often.
Creativity,creative-thinking-frameworks,t-systems-thinking,discovery,truncated,Donella Meadows showed that most 'solutions' create new problems because they ignore feedback loops - quick fixes often generate unintended consequences that become solutions to previous.
Creativity,creative-thinking-frameworks,t-reframing,twist,missing_closing_quote,"Einstein reportedly said: 'If I had an hour to solve a problem, I'd spend 55 minutes defining the problem and 5 solving."
Creativity,creative-thinking-frameworks,t-analogical,buildup,truncated,"Analogical thinking works by mapping relationships from a familiar domain to an unfamiliar one. The key insight is structural similarity, not surface similarity - the further apart, the more."
Creativity,creative-thinking-frameworks,t-analogical,climax,truncated,"Studies show analogical reasoning is the strongest predictor of creative problem-solving. The key is finding DEEP structural parallels, not superficial similarity."
Creativity,creative-writing-secrets,t-show-dont-tell,buildup,missing_closing_quote,Chekhov said: 'Don't tell me the moon is shining; show me the glint of light on broken glass.
Creativity,creative-writing-secrets,t-three-act,hook,truncated,"Every great story follows basically the same structure - and has for 2,500."
Creativity,creative-writing-secrets,t-unreliable,twist,truncated,"Gone Girl made the unreliable narrator mainstream. Amy Dunne's diary entries seemed truthful - until halfway through, when readers discovered the narrator was."
Creativity,creative-writing-secrets,t-unreliable,climax,truncated,"The unreliable narrator is uniquely literary. Film struggles with it because the camera is 'objective.' The written word's power is that every sentence is filtered through a consciousness - and the question of whether that consciousness is trustworthy, or whether the entire narrative construct is."
Creativity,creative-writing-secrets,t-characters-want-need,buildup,truncated,Want is conscious (the character knows it). Need is unconscious (the character don't know they.
Creativity,creative-writing-secrets,t-characters-want-need,climax,truncated,"In the best stories, the character must sacrifice their want to fulfill their need. Walter White wanted to provide for his family. He needed power. The collision between these two drives is the story's."
Creativity,creative-writing-secrets,t-subtext,buildup,truncated,"Harold Pinter mastered subtext. In his plays, a couple discussing dinner are actually negotiating their entire relationship. The audience feels the tension of."
Creativity,creative-writing-secrets,t-voice,twist,missing_closing_quote,"The acid test for voice: if you remove the character's name, can you still tell who's speaking? If not, they don't have a voice yet. Ask: 'What would THIS person never say?"
Creativity,creative-writing-secrets,t-ensemble,hook,truncated,How does George R.R.
Creativity,creative-writing-secrets,t-villains,climax,truncated,Hannibal Lecter terrifies because he's MORE civilized than anyone else in the room. His evil comes wrapped in his refinement and his.
Creativity,creative-writing-secrets,t-conflict-dialogue,buildup,truncated,"Great dialogue conflict isn't shouting matches. It's two people wanting different things from THE SAME conversation. A parent asks about grades; the teen hears judgment. The surface conversation masks hidden agendas, or power."
Creativity,creative-writing-secrets,t-conflict-dialogue,discovery,truncated,Dialogue escalation follows a pattern: from polite to pointed to personal. Each line raises the emotional stakes. The best dialogue conflicts reveal character by showing the gap between what each person expects to happen in conversation and what.
Creativity,creative-writing-secrets,t-horror,buildup,truncated,"H.P. Lovecraft said the oldest human emotion is fear, and the oldest kind of fear is fear of."
Creativity,creative-writing-secrets,t-sci-fi,hook,missing_closing_quote,Science fiction is the only genre that asks 'what if?
Creativity,creative-writing-secrets,t-sci-fi,twist,truncated,Ursula K. Le Guin used sci-fi to explore gender and anarchy. Octavia Butler explored race and power. They proved it's not about technology - it's about humanity. They transformed a genre that had been.
Creativity,creative-writing-secrets,t-ai-writing,buildup,truncated,Large language models generate grammatically perfect prose - but struggle with.
Creativity,creative-writing-secrets,t-murakami,discovery,missing_closing_quote,Murakami described writing as 'a physical rather than intellectual activity.
Creativity,creative-writing-secrets,t-murakami,twist,truncated,"He didn't plan to be a writer. At 29, watching a baseball game, he suddenly thought: 'I."
Creativity,creative-writing-secrets,t-toni-morrison,hook,truncated,Toni Morrison won the Nobel Prize for Literature. She wrote about the African American experience with such power that the Swedish Academy said her work 'gives life to an essential aspect of American reality' - but it doesn't.
Creativity,creative-writing-secrets,t-writer-block,buildup,missing_closing_quote,The inner critic paralyzes: 'People will judge me.
Creativity,creative-writing-secrets,t-writer-block,twist,missing_closing_quote,Anthony Trollope wrote 47 novels by writing from 5:30 to 8:30 AM daily then going to his day job. He didn't wait for inspiration to make.
Creativity,creativity-in-music,t-earworms,climax,truncated,"Spotify, TikTok, and Pop producers have weaponized earworm science - creating melodic hooks designed."
Creativity,creativity-in-music,t-improvisation,climax,missing_closing_quote,Miles Davis was asked what notes he played. His answer: 'Do not fear mistakes. There are none.
Creativity,creativity-in-music,t-improvisation,punchline,truncated,Improvisation isn't random. It's everything you've ever.
Creativity,creativity-in-music,t-melody-harmony,twist,truncated,Jazz expanded harmonic language so far that classical composers borrowed back from it. George Gershwin fused both - creating a uniquely American emotional vocabulary from.
Creativity,creativity-in-music,t-melody-harmony,climax,truncated,"Technology is rewriting these rules. Auto-Tune, digital production, and AI composition create melodies and harmonies no human would naturally sing or play - expanding the creative palette in melody, rhythm, and."
Creativity,creativity-in-music,t-sampling,twist,truncated,The 1991 Biz Markie ruling changed everything - a court decided that ANY uncleared sample was theft - devastating.
Creativity,creativity-in-music,t-sampling,climax,truncated,"The Avalanches' 'Since I Left You' contains 3,500 samples from different."
Creativity,creativity-in-music,t-stravinsky,climax,truncated,"Virtually every film score, rock opera, and avant-garde performance owes a debt to Stravinsky's."
Creativity,creativity-in-music,t-kind-of-blue,discovery,missing_closing_quote,"Davis gave his musicians scales instead of chord charts - modal jazz. Instead of 'play these exact notes,' he said 'play within this mood.' The question became: 'What mood can I create?"
Creativity,creativity-in-music,t-radiohead,buildup,truncated,Thom Yorke brought paranoia and alienation into rock - lyrics about technology's.
Creativity,creativity-in-music,t-radiohead,punchline,truncated,Radiohead proved that rock could be a vehicle for existential dread - songs about losing humanity.
Creativity,creativity-in-music,t-electronic,buildup,truncated,"Early electronic music required custom-built instruments. The Moog synthesizer (1964) was revolutionary but massive, expensive, and required."
Creativity,creativity-in-music,t-kpop,buildup,truncated,"K-pop trainees spend 3-7 years in academies learning singing, dancing, acting, and language - intensive preparation before."
Creativity,creativity-in-music,t-kpop,climax,truncated,BTS proved K-pop could break Western markets without singing in English. Their secret: authentic storytelling and direct fan engagement through social media - is.
Creativity,creativity-in-music,t-birth-of-blues,hook,truncated,"The blues was born from suffering - enslaved people creating beauty from pain, using work songs, spirituals, and African musical traditions. Sorrow expressed as."
Creativity,creativity-in-music,t-birth-of-blues,buildup,truncated,"The Mississippi Delta was the crucible. Artists like Robert Johnson, Muddy Waters, and B.B. King developed a raw, emotional sound characterized by bent notes, call-and-response patterns and raw emotional."
Creativity,creativity-in-music,t-hip-hop,buildup,truncated,DJ Kool Herc invented the 'break' - isolating and looping the funkiest part of a record using two copies of the same.
Creativity,creativity-in-music,t-hip-hop,climax,truncated,"Hip-hop emerged from the Bronx in the 1970s - a borough with burnt-out buildings, gang violence, and zero arts funding. It started in a recreation room with zero."
Creativity,creativity-in-music,t-auto-tune,buildup,truncated,Auto-Tune uses an algorithm based on the autocorrelation function - the same math that mapped.
Creativity,creativity-in-music,t-auto-tune,twist,truncated,Every voice you hear on modern radio has been processed - reverb.
Creativity,creativity-in-music,t-auto-tune,climax,truncated,Artists like Bon Iver and James Blake use extreme Auto-Tune to sound alien to express.
Creativity,creativity-in-music,t-streaming,climax,truncated,"Some artists are resisting: Radiohead, Taylor Swift, and Adele have all pushed back against algorithmic optimization. Art vs."
Creativity,creativity-in-music,t-streaming,punchline,truncated,Streaming democratized music - anyone can release a song worldwide in minutes. But it also commodified it. The creative question: do you write for it - or.
Creativity,creativity-in-music,t-electric-guitar,buildup,truncated,"When guitar amplifiers were pushed too hard, they distorted the signal. Musicians loved it. An engineering flaw accidentally created a new."
Creativity,creativity-in-music,t-electric-guitar,punchline,truncated,The electric guitar remains the most important instrument of the 20th.
Creativity,creativity-in-music,t-music-memory,buildup,truncated,"Music memory is incredibly durable because songs encode in multiple brain regions simultaneously - melody, rhythm, lyrics, and emotions are stored separately, making them."
Creativity,creativity-in-music,t-music-memory,twist,truncated,"Alzheimer's patients who can't remember their own names can sing songs from their youth. Music therapists use this to reduce agitation, and trigger."
Creativity,creativity-in-music,t-musical-chills,buildup,truncated,"Frisson is triggered by specific musical features: unexpected harmonic changes, a singer's voice entering, volume changes, or new."
Creativity,creativity-in-music,t-synesthesia,buildup,truncated,"Synesthesia occurs when the senses cross-wire: sounds have colors, numbers have textures, letters."
Creativity,creativity-in-music,t-synesthesia,discovery,truncated,Research suggests synesthesia may enhance musical.
Creativity,creativity-in-music,t-synesthesia,twist,truncated,Alexander Scriabin built a color organ that projected.
Creativity,creativity-in-music,t-mozart-effect,buildup,truncated,"The original 1993 study by Rauscher, Shaw, and Ky showed a temporary boost in spatial reasoning after listening to Mozart - lasting about 15."
Creativity,creativity-in-music,t-mozart-effect,discovery,truncated,Follow-up studies found that ANY music the listener enjoyed produced the same.
Creativity,creativity-in-music,t-mozart-effect,climax,truncated,"What IS real: active music training (learning an instrument) genuinely improves cognitive skills, including spatial reasoning, memory, and academic."
Creativity,creativity-in-music,t-minor-keys,climax,truncated,"Composers, filmmakers, and advertisers all exploit the minor/major divide. The music underneath a scene doesn't just accompany the emotion - it creates it. Composers literally manipulate your emotions frame."
Creativity,creativity-in-music,t-ai-music,discovery,truncated,"AI analyzes patterns in existing music and generates statistically probable new combinations. It can predict likely next notes, not."
Creativity,creativity-in-music,t-ai-music,twist,truncated,The criticism: AI optimizes for patterns. True creative breakthroughs BREAK patterns. AI may perfect the average while eliminating the extraordinary - the opposite of what great art.
Creativity,creativity-in-music,t-ai-music,climax,truncated,"The tools that will survive: AI as collaborator, not replacement. Musicians using AI to explore musical spaces they couldn't."
Creativity,creativity-in-music,t-spatial-audio,buildup,truncated,Dolby Atmos and Sony 360 Reality Audio allow musicians to place individual instruments in a three-dimensional sound field around.
Creativity,creativity-in-music,t-music-nfts,twist,truncated,The hype crashed - but the technology survived. Kings of Leon sold an NFT album for $11.
Creativity,creativity-myths-debunked,t-iq,climax,truncated,"Creative achievement depends on domain knowledge, motivation, personality (especially openness to experience), and environment - none of which IQ."
Creativity,creativity-myths-debunked,t-mozart-legend,buildup,truncated,"Leopold Mozart was an ambitious music teacher who trained Wolfgang from age 3. By 5, Wolfgang could play and compose. By 8, he'd performed for European royalty. But virtually no other child."
Creativity,creativity-myths-debunked,t-mozart-legend,climax,truncated,"The Mozart myth endures because it flatters our desire for magic. But the truth is more inspiring: the greatest genius in music history was built on relentless practice, and a father."
Creativity,creativity-myths-debunked,t-10000-hour,punchline,truncated,Talent isn't the starting point. It's the point where practice meets passion - and you get so good at being.
Creativity,creativity-myths-debunked,t-eureka-myth,punchline,truncated,The 'aha' moment is real - but it's earned through years of.
Creativity,creativity-myths-debunked,t-lone-genius,climax,truncated,Modern creativity research confirms: innovation is a team sport disguised as a solo.
Creativity,creativity-myths-debunked,t-drugs,buildup,truncated,Some studies show mild increases in divergent thinking with certain substances - but objective creative.
Creativity,creativity-myths-debunked,t-10-brain,twist,missing_closing_quote,Markets worth hundreds of millions sell 'brain-unlocking' supplements and apps. Their implicit promise: 'imagine what 100% would be!
Creativity,creativity-myths-debunked,t-right-brain,hook,truncated,"'I'm right-brained, that's why I'm creative.' You've heard this a million times - and it's completely."
Creativity,creativity-myths-debunked,t-right-brain,buildup,truncated,Roger Sperry's 1960s split-brain experiments showed each hemisphere could function independently. Pop science ran with it - massively oversimplifying. The hemispheres have SOME.
Creativity,creativity-myths-debunked,t-right-brain,discovery,truncated,Brain imaging studies consistently show creative tasks activate BOTH hemispheres. There is no such thing as being 'left-brained' or.
Creativity,creativity-myths-debunked,t-originality,punchline,truncated,Nothing is original. Everything is a remix. The creative act is combining what exists into what.
Creativity,creativity-myths-debunked,t-passion,climax,truncated,Passion crystallizes through practice. Research shows most passionate people discovered their passion through deep engagement with a field - not as a thunderbolt that.
Creativity,creativity-myths-debunked,t-passion,punchline,truncated,"Passion isn't the spark. It's the fire that builds after years of friction. Don't find your passion - build it. Passion follows mastery, not its."
Creativity,creativity-myths-debunked,t-blank-canvas,climax,truncated,The lesson: constraints are creative tools. Twitter's 140-character limit spawned new writing forms. The sonnet's strict structure produced some of the greatest poetry ever written. Each constraint forced innovation that wouldn't exist.
Creativity,creativity-myths-debunked,t-waiting,discovery,missing_closing_quote,Chuck Close said: 'Inspiration is for amateurs. The rest of us just show up and get to work.
Creativity,creativity-myths-debunked,t-messy,twist,truncated,"Many highly creative people (Beethoven, Marie Curie, Darwin) had rigid routines and."
Creativity,creativity-myths-debunked,t-introverts,buildup,truncated,The truth: creative people tend to be ambiverts - comfortable in both social and solitary modes as the creative.
Creativity,creativity-myths-debunked,t-tortured-artist,discovery,truncated,Some studies show slightly higher rates of mood disorders among artists - but their most productive periods.
Creativity,creativity-myths-debunked,t-tortured-artist,twist,missing_closing_quote,"The most dangerous part of this myth: it discourages creative people from seeking treatment. 'If I get better, will I lose my creativity?"
Creativity,creativity-myths-debunked,t-you're-creative,hook,truncated,'I'm just not a creative person.' You've said it. Most people have. And it's.
Creativity,creativity-myths-debunked,t-you're-creative,twist,truncated,"A landmark NASA study tested 1,600 five-year-olds for creativity. 98% scored at 'genius' level. By age 10: 30%. By 15: 12%. Adults: 2%. School literally trained creativity out. But here's the key: re-testing trained adults showed they could recover. Simple divergent-thinking exercises for just 2 weeks helped adults produce measurably."
Creativity,creativity-myths-debunked,t-big-cities,buildup,truncated,"Richard Florida's 'creative class' theory argued that cities with diversity, tolerance, and."
Creativity,creativity-myths-debunked,t-big-cities,twist,truncated,"Remote work, Zoom, and digital collaboration tools have shattered the geographic requirement. You can now access every."
Creativity,creativity-myths-debunked,t-competition,discovery,truncated,The full picture: moderate competition boosts creativity up to a point - then excessive competition causes anxiety that crashes it. Tournament-style competitions tend to reward safe choices over risky innovations. The most creative work tends to come from those in.
Creativity,creativity-myths-debunked,t-money,discovery,truncated,"When money is the primary motivator, people take fewer risks and produce more conventional work. Intrinsic motivation (doing work because it's interesting) produces more creative output because the activity feels like."
Creativity,creativity-myths-debunked,t-failure,buildup,truncated,A study of scientists found that those who experienced early failure produce.
Creativity,creativity-myths-debunked,t-rules,buildup,truncated,All creative fields have foundational rules: music has scales.
Creativity,creativity-myths-debunked,t-technology,climax,truncated,"The real lesson: technology shifts where creative energy goes. When photography freed painters from realism, they invented Impressionism. When DAWs made recording accessible, bedroom producers created new genres. Creative tools separate conception (which the human does) from execution (which the tool handles)."
Creativity,creativity-myths-debunked,t-technology,punchline,truncated,Every generation fears the new tool. Every generation finds the new tool.
Creativity,design-thinking-and-innovation,t-design-thinking,buildup,truncated,Design thinking is a human-centered approach to problem-solving. It draws from the designer's.
Creativity,design-thinking-and-innovation,t-design-thinking,discovery,truncated,"It works through five stages: Empathize, Define, Ideate, Prototype, Test. Each stage is iterative - you circle back as you learn. The goal isn't a perfect first answer but discovering solutions that fit their."
Creativity,design-thinking-and-innovation,t-design-thinking,twist,truncated,"Design thinking has expanded far beyond product design into education, government policy, and social."
Creativity,design-thinking-and-innovation,t-design-thinking,climax,truncated,A 2018 study by the Design Management.
Creativity,design-thinking-and-innovation,t-design-thinking,punchline,truncated,Design thinking doesn't design products. It designs thinking differently about.
Creativity,design-thinking-and-innovation,t-dt-vs-traditional,discovery,truncated,Traditional problem-solving starts with solutions. Design thinking starts with people. Instead of asking 'What can we build?' it asks 'What do people need?' This shifts the entire trajectory - solutions emerge from empathy rather than assumption - and the result is often something nobody expected could be - often.
Creativity,design-thinking-and-innovation,t-ideo,punchline,truncated,IDEO didn't just design products - it designed how the world thinks about.
Creativity,design-thinking-and-innovation,t-double-diamond,twist,truncated,Teams who skip 'Discover' and 'Define' (the first diamond) build solutions to the wrong problem. Research shows 87% of failed products had this flaw: they defined the problem.
Creativity,design-thinking-and-innovation,t-double-diamond,climax,truncated,The Double Diamond has become a universal creative.
Creativity,design-thinking-and-innovation,t-wicked,buildup,truncated,Wicked problems have no right.
Creativity,design-thinking-and-innovation,t-wicked,twist,truncated,"Traditional design thinking assumes a definable user with articulable needs. Wicked problems have stakeholders with conflicting needs who may not even be aware of the problem. The design thinker must be simultaneously analytical, creative, and empathetic."
Creativity,design-thinking-and-innovation,t-accessibility,discovery,truncated,"Designing for extremes reveals universal needs. Curb cuts were created for wheelchair users but benefited everyone - parents with strollers, delivery workers, travelers. Similarly, closed captions designed for deaf users now serve gym-goers, language learners, and the communication needs of someone who."
Creativity,design-thinking-and-innovation,t-accessibility,twist,truncated,1 billion people worldwide have disabilities. That's not a niche market - it's a massive underserved population with $13 trillion in disposable income. Accessible design isn't charity - it's good business and far less.
Creativity,design-thinking-and-innovation,t-empathy-mapping,hook,truncated,You can't design for someone you don't understand. Empathy mapping forces teams to see the person behind.
Creativity,design-thinking-and-innovation,t-empathy-mapping,twist,truncated,"Microsoft's Xbox Adaptive Controller was born from empathy mapping - designers spent hundreds of hours with gamers with disabilities. The result was a controller that adapts to any body, used by the military and gamers - Microsoft's Xbox Adaptive Controller, now used by."
Creativity,design-thinking-and-innovation,t-inclusive,twist,truncated,"Microsoft's Inclusive Design Toolkit counts three types of exclusion: permanent (one arm), temporary (broken arm), and situational (holding a baby). Designing for permanent exclusion serves all three. The numbers are staggering: 26,000 people lose an arm annually, 13 million have temporary injuries and 8."
Creativity,design-thinking-and-innovation,t-journey-mapping,buildup,truncated,"A journey map visualizes the complete customer experience - every touchpoint, interaction, pain points, and."
Creativity,design-thinking-and-innovation,t-journey-mapping,twist,truncated,"Before journey mapping, LEGO focused only on the toy. The map revealed that the experience began with opening the box and ended with display. LEGO redesigned packaging, improved instructions, and created a community platform - and suddenly had its worst."
Creativity,design-thinking-and-innovation,t-personas,buildup,truncated,A persona is a research-based fictional character representing key user segments with.
Creativity,design-thinking-and-innovation,t-personas,twist,truncated,"The danger of personas: when they're based on assumptions rather than research, they bake stereotypes into design. Alan Cooper, who invented personas, warns against 'elastic users' who stretch to fit whatever the team wants. Good personas constrain - they force you to say 'this user would NEVER do that.' Bad personas confirm the stuff."
Creativity,design-thinking-and-innovation,t-personas,climax,missing_closing_quote,Well-crafted personas shift conversations from 'What do we think?' to 'What do we think?
Creativity,design-thinking-and-innovation,t-ab-testing,discovery,missing_closing_quote,"A/B testing settles debates with data, not opinions. Instead of arguing over button color in a meeting, you test both and let users decide. As Netflix says: 'Data shows this converts 15%."
Creativity,design-thinking-and-innovation,t-mvp,buildup,truncated,Eric Ries defined MVP as the fastest way to validate a hypothesis about customers - do customers actually want it - before.
Creativity,design-thinking-and-innovation,t-prototyping,buildup,missing_closing_quote,"A prototype in design thinking isn't a polished model. It's a rough, fast, cheap artifact that answers a specific question: 'Does this size feel right?"
Creativity,design-thinking-and-innovation,t-prototyping,discovery,missing_closing_quote,"IDEO's mantra: 'If a picture is worth a thousand words, a prototype is worth a thousand meetings."
Creativity,design-thinking-and-innovation,t-prototyping,climax,truncated,"The smartest companies prototype before investing millions. Amazon writes internal press releases for products that don't exist yet - testing the concept's appeal. Dropbox created a video showing what the product WOULD do before building it - and got 75,000 signups overnight. Prototypes answer critical business questions before."
Creativity,design-thinking-and-innovation,t-blue-ocean,hook,truncated,"Cirque du Soleil eliminated animals, star performers, and arena seating from the circus - then charged."
Creativity,design-thinking-and-innovation,t-blue-ocean,discovery,truncated,Blue ocean strategy provides tools: the Strategy Canvas maps your industry's competitive factors. The Eliminate-Reduce-Raise-Create grid helps you drop costly features competitors fight over and add new ones that customers.
Creativity,design-thinking-and-innovation,t-blue-ocean,twist,truncated,"Critics argue blue oceans are only visible in hindsight. No one can reliably predict which new market space will succeed. Many 'blue ocean' attempts fail because the new market didn't exist for a reason - or because incumbents quickly followed. The strategy works best when backed by genuine value innovation, not just targeting."
Creativity,design-thinking-and-innovation,t-disruptive,buildup,truncated,"Clayton Christensen's theory: successful companies get disrupted because they focus on their best customers. Meanwhile, new entrants serve overlooked segments with cheaper, simpler products, then."
Creativity,design-thinking-and-innovation,t-open-innovation,hook,missing_closing_quote,Procter & Gamble's 'Connect + Develop' program sources 50%+ of innovations externally. Their mantra: 'Not all the smart people work for us.
Creativity,design-thinking-and-innovation,t-open-innovation,buildup,truncated,Henry Chesbrough coined 'open innovation' in 2003 - the idea that companies should use external ideas as well as.
Creativity,design-thinking-and-innovation,t-circular-design,buildup,truncated,"Circular design follows nature's model: waste from one process becomes input for another. It's cradle-to-cradle thinking - designing products for disassembly, reuse, and recycling from the start, eliminating the concept of."
Creativity,design-thinking-and-innovation,t-dieter-rams,buildup,truncated,"His '10 Principles of Good Design' read like commandments: innovative, useful, aesthetic, understandable, unobtrusive, honest."
Creativity,design-thinking-and-innovation,t-dieter-rams,discovery,missing_closing_quote,His most radical principle: 'Good design is as little design as possible.
Creativity,design-thinking-and-innovation,t-dieter-rams,twist,truncated,"Jony Ive acknowledged Rams as his primary influence. Apple's clean aesthetic IS Rams' aesthetic - the same minimalism, 43 years."
Creativity,design-thinking-and-innovation,t-bauhaus,twist,missing_closing_quote,"The Nazis closed the Bauhaus in 1933, calling it 'degenerate."
Creativity,design-thinking-and-innovation,t-iphone,twist,missing_closing_quote,Steve Ballmer laughed: '$500 for a phone? No chance.
Creativity,design-thinking-and-innovation,t-iphone,climax,truncated,The iPhone wasn't for tech experts - it was for everyone. Your grandmother could use it without.
Creativity,design-thinking-and-innovation,t-london-underground,buildup,truncated,"Beck's radical idea: the map didn't need to show actual geography. Riders only needed to know connections between stations. He simplified the map to straight lines and equal spacing - a diagram of circuits, not."
Creativity,design-thinking-and-innovation,t-london-underground,twist,missing_closing_quote,London Underground initially rejected Beck's design as 'too radical.
Creativity,design-thinking-and-innovation,t-ai-design,twist,missing_closing_quote,AI can generate a thousand logo variations in seconds. But it can't answer the critical question: 'why this one?
Creativity,design-thinking-and-innovation,t-ai-design,climax,truncated,"The risk: AI-generated design creates a homogenized aesthetic. When everyone uses the same tools with the same training data, everything starts looking the same. The human designer's role shifts from creation to curation - choosing from a vast space of AI-generated options and adding the intentionality, cultural sensitivity, and meaning that make great design. You must choose from - a hundred."
Creativity,design-thinking-and-innovation,t-biomimicry,climax,truncated,"Biomimicry reframes nature from 'resource to be extracted' to 'mentor to be learned from.' It produces solutions that are often more efficient, sustainable, and elegant versus conventional."
Creativity,design-thinking-and-innovation,t-design-for-space,discovery,truncated,"NASA's design innovations regularly transfer to Earth: memory foam, scratch-resistant lenses, water purification. Extreme constraints produce breakthrough solutions. The challenge of designing for zero gravity, extreme temperatures, and limited resources forces engineers to rethink everything - and."
Creativity,design-thinking-and-innovation,t-design-for-space,climax,truncated,"Space design faces unique human factors: isolation, confined spaces, sensory deprivation. Future habitats must support mental health, social bonding, and creativity - not just survival. Mars habitats will need gardens, art spaces, variable lighting, windows (or screens simulating them), acoustic variety, and comfortable furniture. They'll need adjustable lenses, and."
Creativity,design-thinking-and-innovation,t-speculative,twist,truncated,MIT's Media Lab and London's Royal College of Art use speculative design as a research method. Projects like 'Republic of Salivation' (meals made from human saliva) aren't proposals - they're provocations that force audiences to.
Creativity,design-thinking-and-innovation,t-speculative,climax,truncated,"The technique is spreading to corporate strategy: companies create fictional products from possible futures to stress-test their business models. If this trend continues, what products would we need? The answer reveals both opportunities and threats - making abstract futures tangible and."
Creativity,design-thinking-and-innovation,t-speculative,punchline,truncated,"Speculative design designs conversations, not products. It's about futures that may never arrive - but."
Creativity,history-of-creative-genius,t-shakespeare,buildup,truncated,"He invented 1,700+ words (lonely, generous, eyeball, bedroom) and rewrote how characters on stage declared their feelings."
Creativity,history-of-creative-genius,t-marie-curie,discovery,truncated,Her discovery of radium required processing TONS of pitchblende ore by hand to extract a fraction of a gram - years of tedious.
Creativity,history-of-creative-genius,t-coco-chanel,climax,truncated,Chanel No. 5 was the first 'designer' fragrance - and it's still the world's best-selling fragrance a century.
Creativity,history-of-creative-genius,t-beethoven,twist,truncated,"By 1814, Beethoven was almost completely deaf. He sawed the legs off his piano to feel vibrations through the floor. He couldn't hear what was."
Creativity,the-business-of-creativity,t-intellectual-property-how-ideas-become-assets,buildup,truncated,"Intellectual property (IP) - patents, copyrights, trademarks, trade secrets - turns intangible ideas into legally."
Creativity,the-business-of-creativity,t-south-korea-s-creative-miracle-from-war-to-hallyu,hook,truncated,"In 1960, South Korea was poorer than Ghana. By 2023, Korean pop culture (K-pop, K-drama, K-film) generates $12."
Creativity,the-business-of-creativity,t-south-korea-s-creative-miracle-from-war-to-hallyu,buildup,truncated,"After the 1997 Asian financial crisis, Korea's government deliberately invested in cultural industries - creating."
Creativity,the-business-of-creativity,t-south-korea-s-creative-miracle-from-war-to-hallyu,twist,truncated,BTS alone contributed $5 billion per year to Korea's GDP. One band's creative output matched the economic impact of.
Creativity,the-business-of-creativity,t-the-attention-economy-creativity-s-new-battlefield,hook,truncated,"You see 6,000-10,000 ads per day. Your attention is the scarcest resource in the modern economy - and creative work."
Creativity,the-business-of-creativity,t-the-attention-economy-creativity-s-new-battlefield,buildup,missing_closing_quote,Herbert Simon predicted it in 1971: 'A wealth of information creates a poverty of attention.
Creativity,the-business-of-creativity,t-the-attention-economy-creativity-s-new-battlefield,twist,truncated,"Netflix's biggest competitor isn't Disney+. It's sleep. In the attention economy, every creative product competes with."
Creativity,the-business-of-creativity,t-the-attention-economy-creativity-s-new-battlefield,climax,truncated,The creators who win aren't the most talented - they're the ones who understand attention as a currency and craft for.
Creativity,the-business-of-creativity,t-the-creative-economy-when-ideas-became-the-product,buildup,truncated,John Howkins coined 'the creative economy' in 2001 - an economy where value comes from creativity and intellectual.
Creativity,the-business-of-creativity,t-the-creator-economy-when-individuals-become-industries,twist,truncated,But 97% of creators earn below the poverty line. The creator economy has extreme winner-take-all dynamics - a few earn.
Creativity,the-business-of-creativity,t-3m-and-the-post-it-note-innovation-by-accident,buildup,truncated,Silver's weak adhesive was a 'failed' experiment at 3M. But 3M had a policy: employees could spend 15% of time on.
Creativity,the-business-of-creativity,t-3m-and-the-post-it-note-innovation-by-accident,punchline,truncated,"The Post-it Note: a failed glue, used by the wrong person, for the wrong."
Creativity,the-business-of-creativity,t-apple-s-design-led-strategy-how-aesthetics-beat-specs,buildup,truncated,"Steve Jobs made design Apple's core strategy - not a department that prettified engineering's work, but the driving force."
Creativity,the-business-of-creativity,t-apple-s-design-led-strategy-how-aesthetics-beat-specs,climax,truncated,Apple became the first $3 trillion company. Its premium pricing is sustained by design - people pay more for products.
Creativity,the-business-of-creativity,t-dyson-s-obsession-5-127-failures-and-a-7-billion-fortune,buildup,truncated,His bagless vacuum concept was rejected by every existing vacuum company - they made too much money selling replacement.
Creativity,the-business-of-creativity,t-netflix-s-culture-of-creative-freedom-no-rules-rules,buildup,truncated,Reed Hastings built Netflix's culture on 'freedom and responsibility' - maximum creative autonomy paired with radical.
Creativity,the-business-of-creativity,t-toyota-s-kaizen-creativity-from-every-employee-every-day,buildup,truncated,Kaizen means 'continuous improvement.' Every Toyota employee is expected to identify small improvements daily - no.
Creativity,the-business-of-creativity,t-creative-leadership-vs-management-different-jobs-entirely,buildup,truncated,Management optimizes known processes. Creative leadership navigates unknown territory - where the destination itself.
Creativity,the-business-of-creativity,t-creative-leadership-vs-management-different-jobs-entirely,punchline,missing_closing_quote,Management asks: 'Are we doing things right?
Creativity,the-business-of-creativity,t-hiring-for-creativity-what-google-apple-and-pixar-look-for,hook,truncated,Google stopped asking brainteaser questions in interviews. They found zero correlation with job performance or creative.
Creativity,the-business-of-creativity,t-hiring-for-creativity-what-google-apple-and-pixar-look-for,buildup,truncated,"Laszlo Bock (Google's HR chief) found the best predictors of creative hiring: structured interviews, work sample tests."
Creativity,the-business-of-creativity,t-pixar-s-ed-catmull-building-a-culture-where-creativity-thrives,hook,truncated,Every Pixar movie starts bad. Catmull says so himself. The job of creative leadership isn't to prevent bad ideas - it's.
Creativity,the-business-of-creativity,t-pixar-s-ed-catmull-building-a-culture-where-creativity-thrives,punchline,truncated,Creative leadership isn't choosing the best idea.
Creativity,the-business-of-creativity,t-psychological-safety-google-s-secret-to-team-creativity,buildup,truncated,Project Aristotle (2015) found that the #1 predictor of team innovation was whether members felt safe to take risks and.
Creativity,the-business-of-creativity,t-psychological-safety-google-s-secret-to-team-creativity,twist,truncated,Amy Edmondson's research showed that hospital teams with HIGH reported error rates were actually SAFER - they just.
Creativity,the-business-of-creativity,t-psychological-safety-google-s-secret-to-team-creativity,punchline,truncated,The most innovative teams aren't fearless.
Creativity,the-business-of-creativity,t-the-70-20-10-rule-google-s-innovation-budget,twist,missing_closing_quote,"Amazon's Jeff Bezos operates similarly: 'If you're going to invent, you're going to fail."
Creativity,the-business-of-creativity,t-crowdfunding-when-the-audience-becomes-the-investor,twist,truncated,"Kickstarter has funded $7+ billion in creative projects, but 65% of funded projects ship late and 9% never deliver at."
Creativity,the-business-of-creativity,t-crowdfunding-when-the-audience-becomes-the-investor,punchline,truncated,Crowdfunding proves something powerful: if enough people want your idea to.
Creativity,the-business-of-creativity,t-licensing-making-money-while-you-sleep,buildup,truncated,Licensing allows creators to earn money from their work without doing additional work - others pay for the right to use.
Creativity,the-business-of-creativity,t-nfts-royalties-and-digital-scarcity-new-models-for-creators,twist,truncated,"The NFT bubble burst in 2022, but the underlying technology (creator royalties, verified provenance, direct sales) is."
Creativity,the-business-of-creativity,t-the-subscription-model-how-creativity-became-recurring-revenue,climax,truncated,"For creators, subscriptions provide stability: $10/month from 1,000 fans is $120,000/year - reliable income that."
Creativity,the-business-of-creativity,t-advertising-the-most-profitable-creative-art-form,hook,truncated,A 30-second Super Bowl ad costs $7 million. Brands pay willingly because 113 million viewers will watch - and creative.
Creativity,the-business-of-creativity,t-advertising-the-most-profitable-creative-art-form,buildup,truncated,Global advertising spending exceeds $800 billion annually. It's the industry that converts creative ideas most directly.
Creativity,the-business-of-creativity,t-advertising-the-most-profitable-creative-art-form,twist,truncated,"Digital advertising killed the 30-second golden age. Now creativity must work in 6-second pre-rolls, banner ads, and."
Creativity,the-business-of-creativity,t-hollywood-s-creative-machine-how-movies-actually-get-made,buildup,truncated,"Hollywood operates on portfolio theory: studios make many movies knowing most will lose money, because a few hits cover."
Creativity,the-business-of-creativity,t-the-fashion-industry-creativity-on-a-6-month-timer,climax,truncated,The sustainability crisis is forcing the industry's greatest creative challenge: how to be innovative and desirable.
Creativity,the-business-of-creativity,t-the-video-game-industry-bigger-than-movies-and-music-combined,twist,truncated,The biggest revenue isn't from AAA games. It's from free mobile games using microtransactions. Candy Crush earns $1.
Creativity,the-business-of-creativity,t-ai-and-the-future-of-creative-work-threat-or-toolkit,buildup,truncated,"Generative AI (ChatGPT, DALL-E, Midjourney) automates the execution layer of creative work - first drafts, rough."
Creativity,the-business-of-creativity,t-ai-and-the-future-of-creative-work-threat-or-toolkit,discovery,truncated,"What AI can't do yet: understand cultural context, feel empathy, make taste judgments, or create with intentional."
Creativity,the-business-of-creativity,t-ai-and-the-future-of-creative-work-threat-or-toolkit,climax,truncated,The creators who thrive will be 'centaurs' - human-AI hybrids who use AI for speed and scale while providing.
Creativity,the-business-of-creativity,t-creative-cities-2-0-how-places-will-compete-for-creators,buildup,truncated,Richard Florida's creative class theory evolved: it's not just cities competing for creatives - it's countries offering.
Creativity,the-business-of-creativity,t-creative-cities-2-0-how-places-will-compete-for-creators,climax,truncated,"The future: hybrid creative hubs - affordable cities with creative infrastructure (studios, events, fast internet) that."
Creativity,the-business-of-creativity,t-creative-entrepreneurship-why-artists-need-business-skills,buildup,truncated,"Picasso controlled his supply (withholding paintings to maintain scarcity), cultivated dealer relationships, and."
Creativity,the-business-of-creativity,t-creative-entrepreneurship-why-artists-need-business-skills,twist,truncated,Virgil Abloh turned streetwear into luxury fashion at Louis Vuitton. Rihanna built Fenty Beauty into a $2.
Creativity,the-business-of-creativity,t-the-next-creative-revolution-what-comes-after-the-internet,climax,truncated,Whoever invents spatial computing's 'native creative form' - like film invented cinema or social media invented memes.
Creativity,the-business-of-creativity,t-the-passion-economy-from-mass-market-to-niche-mastery,punchline,truncated,You don't need millions of fans. You need the right ones willing to pay for.
Creativity,the-psychology-of-imagination,t-counterfactual-thinking-imagining-what-didn-t-happen,twist,missing_closing_quote,Olympic silver medalists are less happy than bronze medalists. Silver thinks 'I almost won gold.
Creativity,the-psychology-of-imagination,t-imagination-vs-reality-where-the-brain-draws-the-line,discovery,truncated,This 'simulation' ability is why mental rehearsal works - athletes who visualize performance improve almost as much as.
Creativity,the-psychology-of-imagination,t-imagination-vs-reality-where-the-brain-draws-the-line,twist,truncated,"The blurriness cuts both ways. False memories, phobias, and placebo effects all exploit the brain's imagination-reality."
Creativity,the-psychology-of-imagination,t-three-types-of-imagination-sensory-creative-fantastical,discovery,truncated,"Creative imagination recombines existing elements into novel configurations - a flying car, a story that hasn't been."
Creativity,the-psychology-of-imagination,t-auditory-imagination-hearing-music-in-your-head,discovery,truncated,Musicians have stronger auditory imagery than non-musicians - they can mentally 'play' entire orchestral pieces with.
Creativity,the-psychology-of-imagination,t-auditory-imagination-hearing-music-in-your-head,climax,truncated,Deaf Beethoven composed his late masterpieces using auditory imagery alone - hearing music that existed only in his.
Creativity,the-psychology-of-imagination,t-hyperphantasia-when-mental-images-are-too-real,discovery,truncated,Their visual cortex activates as strongly during imagination as during actual perception - the brain treats both as.
Creativity,the-psychology-of-imagination,t-hyperphantasia-when-mental-images-are-too-real,climax,truncated,Many successful artists and inventors report hyperphantasia - they literally build prototypes in their minds before.
Creativity,the-psychology-of-imagination,t-motor-imagery-moving-without-moving,twist,truncated,Stroke patients who can't move their affected limbs can still imagine moving them - and this mental practice speeds.
Creativity,the-psychology-of-imagination,t-motor-imagery-moving-without-moving,climax,truncated,"Surgeons, pianists, and gymnasts all use motor imagery. Your brain can rehearse movements thousands of times without."
Creativity,the-psychology-of-imagination,t-flow-states-and-imagination-getting-lost-in-creation,buildup,truncated,"Flow requires a precise balance: the challenge must slightly exceed your skill level - too easy breeds boredom, too."
Creativity,the-psychology-of-imagination,t-lucid-dreaming-controlling-your-dream-imagination,twist,truncated,Salvador Dali used 'hypnagogic naps' - dozing with a key in hand.
Creativity,the-psychology-of-imagination,t-maladaptive-daydreaming-when-imagination-takes-over,twist,truncated,It's not officially recognized as a disorder yet. Sufferers often feel alone - nobody believes that daydreaming can be.
Creativity,the-psychology-of-imagination,t-maladaptive-daydreaming-when-imagination-takes-over,climax,truncated,Research suggests MD correlates with childhood trauma - the imagination becomes a refuge that grows too powerful to.
Creativity,the-psychology-of-imagination,t-the-incubation-effect-why-sleeping-on-it-works,twist,truncated,The effect only works if you've done the hard work first. Incubation processes loaded information - it doesn't create.
Creativity,the-psychology-of-imagination,t-adolescent-imagination-the-identity-laboratory,buildup,truncated,Erik Erikson called adolescence an 'identity moratorium' - a period of imaginative experimentation before committing to.
Creativity,the-psychology-of-imagination,t-children-s-imaginary-friends-normal-or-concerning,twist,truncated,Children with imaginary friends score higher on 'theory of mind' tests - they're better at understanding others'.
Creativity,the-psychology-of-imagination,t-children-s-imaginary-friends-normal-or-concerning,climax,truncated,Many writers and actors report childhood imaginary friends. The habit of inhabiting other minds doesn't disappear - it.
Creativity,the-psychology-of-imagination,t-creativity-and-mental-illness-the-myth-and-the-reality,buildup,truncated,Some studies show higher rates of bipolar disorder and depression among creative professionals - but not all types of.
Creativity,the-psychology-of-imagination,t-creativity-and-mental-illness-the-myth-and-the-reality,discovery,truncated,"The link may be shared traits, not causation. Both creativity and certain conditions involve heightened sensitivity and."
Creativity,the-psychology-of-imagination,t-does-imagination-decline-with-age,twist,truncated,"Many great works were created after 60: Verdi composed Falstaff at 80, Hokusai created iconic works past 70, Frank."
Creativity,the-psychology-of-imagination,t-pretend-play-the-foundation-of-creative-thinking,twist,truncated,Children who engage in less pretend play (due to screen time or structured schedules) show lower creative thinking.
Creativity,the-psychology-of-imagination,t-pretend-play-the-foundation-of-creative-thinking,punchline,truncated,Every child who turns a stick into a sword is practicing the skill that built.
Creativity,the-psychology-of-imagination,t-conspiracy-thinking-imagination-without-evidence,twist,truncated,Studies show people prone to conspiracy thinking also score higher on creativity measures - the same imaginative.
Creativity,the-psychology-of-imagination,t-the-future-of-imagination-virtual-worlds-and-digital-minds,twist,truncated,"But some researchers worry: if VR provides pre-built imaginary worlds, will our internal imagination skills atrophy."
Creativity,the-psychology-of-imagination,t-meditation-and-imagination-clearing-the-creative-stage,buildup,truncated,Open monitoring meditation (observing thoughts without judgment) increases divergent thinking - the ability to generate.
Creativity,the-psychology-of-imagination,t-meditation-and-imagination-clearing-the-creative-stage,discovery,truncated,Focused attention meditation improves convergent thinking - the ability to find a single correct solution to a defined.
Creativity,the-psychology-of-imagination,t-meditation-and-imagination-clearing-the-creative-stage,climax,truncated,"Regular meditators show increased cortical thickness in brain regions associated with imagination, attention, and."
Creativity,the-psychology-of-imagination,t-reading-fiction-imagination-gym-for-empathy,twist,truncated,"The effect is causal, not just correlational. Experiments where people read literary fiction showed immediate."
Critical Thinking,critical-thinking--argumentation-and-debate,t-counterarguments-and-rebuttals,discovery,truncated,...here's why that.
Critical Thinking,critical-thinking--argumentation-and-debate,t-counterarguments-and-rebuttals,punchline,truncated,...argue your.
Critical Thinking,critical-thinking--argumentation-and-debate,t-evidence-types-testimony-statistics-and-expert-opinion,buildup,truncated,...meta-analyses <.
Critical Thinking,critical-thinking--argumentation-and-debate,t-steelmanning-arguing-against-the-strongest-version,buildup,truncated,...maybe.
Critical Thinking,critical-thinking--argumentation-and-debate,t-steelmanning-arguing-against-the-strongest-version,discovery,truncated,...position.
Critical Thinking,critical-thinking--argumentation-and-debate,t-steelmanning-arguing-against-the-strongest-version,twist,truncated,...stronger.
Critical Thinking,critical-thinking--argumentation-and-debate,t-the-principle-of-charity,twist,truncated,...demands.
Critical Thinking,critical-thinking--argumentation-and-debate,t-the-toulmin-model-of-argumentation,twist,truncated,...fail.
Critical Thinking,critical-thinking--argumentation-and-debate,t-concession-and-rebuttal-the-art-of-yielding-ground,hook,truncated,'You're right that X.
Critical Thinking,critical-thinking--argumentation-and-debate,t-concession-and-rebuttal-the-art-of-yielding-ground,discovery,truncated,...stronger.
Critical Thinking,critical-thinking--argumentation-and-debate,t-reductio-ad-absurdum-taking-arguments-to-their-limits,hook,truncated,...conclusion.
Critical Thinking,critical-thinking--argumentation-and-debate,t-reductio-ad-absurdum-taking-arguments-to-their-limits,buildup,truncated,...or.
Critical Thinking,critical-thinking--argumentation-and-debate,t-reductio-ad-absurdum-taking-arguments-to-their-limits,discovery,truncated,...valid -.
Critical Thinking,critical-thinking--argumentation-and-debate,t-cross-examination-skills,hook,truncated,...at.
Critical Thinking,critical-thinking--argumentation-and-debate,t-cross-examination-skills,twist,truncated,...controls.
Critical Thinking,critical-thinking--argumentation-and-debate,t-debate-in-democracies-argumentation-as-civic-duty,discovery,truncated,...duty.
Critical Thinking,critical-thinking--argumentation-and-debate,t-debate-in-democracies-argumentation-as-civic-duty,twist,truncated,...accountability.
Critical Thinking,critical-thinking--argumentation-and-debate,t-lincoln-douglas-debate-values-in-conflict,buildup,truncated,...prioritize.
Critical Thinking,critical-thinking--argumentation-and-debate,t-lincoln-douglas-debate-values-in-conflict,climax,truncated,...framework.
Critical Thinking,critical-thinking--argumentation-and-debate,t-online-debates-argumentation-in-the-digital-age,buildup,truncated,...algorithmic.
Critical Thinking,critical-thinking--argumentation-and-debate,t-online-debates-argumentation-in-the-digital-age,twist,truncated,...world.
Critical Thinking,critical-thinking--argumentation-and-debate,t-parliamentary-debate-thinking-on-your-feet,discovery,truncated,...seconds.
Critical Thinking,critical-thinking--argumentation-and-debate,t-parliamentary-debate-thinking-on-your-feet,climax,grammatical_error,the'ssue (should be the issue)
Critical Thinking,critical-thinking--argumentation-and-debate,t-argument-mapping-visualizing-reasoning,hook,truncated,...supports.
Critical Thinking,critical-thinking--argumentation-and-debate,t-argument-mapping-visualizing-reasoning,twist,truncated,...in.
Critical Thinking,critical-thinking--argumentation-and-debate,t-argument-mapping-visualizing-reasoning,climax,truncated,...analysis.
Critical Thinking,critical-thinking--argumentation-and-debate,t-everyday-argumentation-making-better-decisions-through-reasoning,hook,truncated,...reasoning.
Critical Thinking,critical-thinking--argumentation-and-debate,t-everyday-argumentation-making-better-decisions-through-reasoning,discovery,truncated,...through.
Critical Thinking,critical-thinking--argumentation-and-debate,t-the-meta-debate-arguing-about-how-to-argue,climax,truncated,...meta-debate.
Critical Thinking,critical-thinking--argumentation-and-debate,t-when-arguments-go-viral-rhetoric-in-social-media,twist,truncated,...emotion.
Critical Thinking,critical-thinking--argumentation-and-debate,t-the-gish-gallop-overwhelming-with-quantity,climax,truncated,...technique.
Critical Thinking,critical-thinking--argumentation-and-debate,t-framing-controlling-the-debate-before-it-begins,twist,truncated,...vs.
Critical Thinking,critical-thinking--argumentation-and-debate,t-rhetorical-tricks-vs-genuine-argumentation,discovery,truncated,...argument.
Critical Thinking,critical-thinking--argumentation-and-debate,t-rhetorical-tricks-vs-genuine-argumentation,twist,truncated,...persuasion.
Critical Thinking,critical-thinking--argumentation-and-debate,t-rhetorical-tricks-vs-genuine-argumentation,climax,truncated,...genuine.
Critical Thinking,critical-thinking--cognitive-biases-and-mental-traps,t-the-framing-effect-how-the-question-shapes-the-answer,discovery,truncated,...vs.
Critical Thinking,critical-thinking--cognitive-biases-and-mental-traps,t-the-narrative-fallacy-seeing-stories-where-there-are-none,twist,truncated,"...timing, &."
Critical Thinking,critical-thinking--decision-making-under-uncertainty,t-the-art-of-good-enough-when-to-stop-looking,buildup,truncated,Satisficing vs.
Critical Thinking,critical-thinking--decision-making-under-uncertainty,t-the-art-of-good-enough-when-to-stop-looking,discovery,truncated,...enough.
Critical Thinking,critical-thinking--decision-making-under-uncertainty,t-the-art-of-good-enough-when-to-stop-looking,climax,truncated,...satisficing.
Critical Thinking,critical-thinking--decision-making-under-uncertainty,t-chaos-theory-and-decision-making-when-small-inputs-have-big-outputs,climax,truncated,...chaos.
Critical Thinking,critical-thinking--decision-making-under-uncertainty,t-uncertainty-vs-risk-knowing-what-you-don-t-know,climax,truncated,...uncertainty.
Critical Thinking,critical-thinking--decision-making-under-uncertainty,t-black-swans-preparing-for-the-unthinkable,twist,truncated,...predictable.
Critical Thinking,critical-thinking--decision-making-under-uncertainty,t-black-swans-preparing-for-the-unthinkable,climax,truncated,...fragile.
Critical Thinking,critical-thinking--decision-making-under-uncertainty,t-risk-literacy-reading-probabilities-like-a-pro,twist,truncated,...frequencies.
Critical Thinking,critical-thinking--decision-making-under-uncertainty,t-bayes-theorem-updating-beliefs-with-evidence,punchline,truncated,...update.
Critical Thinking,critical-thinking--decision-making-under-uncertainty,t-expected-value-thinking-like-a-mathematician,climax,truncated,...expected.
Critical Thinking,critical-thinking--decision-making-under-uncertainty,t-the-planning-fallacy-why-everything-takes-longer,discovery,truncated,...behind.
Critical Thinking,critical-thinking--decision-making-under-uncertainty,t-the-planning-fallacy-why-everything-takes-longer,twist,truncated,...data.
Critical Thinking,critical-thinking--decision-making-under-uncertainty,t-the-10-10-10-rule-decisions-across-time-horizons,discovery,truncated,...matters.
Critical Thinking,critical-thinking--decision-making-under-uncertainty,t-the-10-10-10-rule-decisions-across-time-horizons,twist,truncated,...weight.
Critical Thinking,critical-thinking--decision-making-under-uncertainty,t-decision-journals-tracking-your-reasoning-over-time,twist,truncated,...accurate.
Critical Thinking,critical-thinking--decision-making-under-uncertainty,t-decision-journals-tracking-your-reasoning-over-time,climax,truncated,...accountability.
Critical Thinking,critical-thinking--decision-making-under-uncertainty,t-decision-journals-tracking-your-reasoning-over-time,punchline,truncated,...record.
Critical Thinking,critical-thinking--decision-making-under-uncertainty,t-overconfidence-the-mother-of-all-biases,climax,truncated,...calibration.
Critical Thinking,critical-thinking--decision-making-under-uncertainty,t-the-affect-heuristic-deciding-with-feelings,discovery,truncated,...risky.
Critical Thinking,critical-thinking--decision-making-under-uncertainty,t-inversion-solving-problems-backwards,twist,truncated,...avoid.
Critical Thinking,critical-thinking--evidence-and-truth,t-burden-of-proof-who-needs-to-prove-what,discovery,truncated,...claim.
Critical Thinking,critical-thinking--evidence-and-truth,t-unfalsifiability-immunity-from-evidence,discovery,truncated,...explain.
Critical Thinking,critical-thinking--evidence-and-truth,t-unfalsifiability-immunity-from-evidence,climax,truncated,...unfalsifiable.
Critical Thinking,critical-thinking--evidence-and-truth,t-the-scientific-method-hypothesis-test-revise,twist,truncated,...revise.
Critical Thinking,critical-thinking--evidence-and-truth,t-the-replication-crisis-when-science-fails-its-own-standards,discovery,truncated,...replicate.
Critical Thinking,critical-thinking--evidence-and-truth,t-pseudoscience-the-imitation-game,hook,truncated,...science.
Critical Thinking,critical-thinking--evidence-and-truth,t-evidence-based-thinking-in-everyday-life,buildup,truncated,...or.
Critical Thinking,critical-thinking--evidence-and-truth,t-evidence-based-thinking-in-everyday-life,climax,truncated,...How strong is the evidence?
Critical Thinking,critical-thinking--evidence-and-truth,t-intellectual-courage-following-evidence-where-it-leads,buildup,truncated,...or.
Critical Thinking,critical-thinking--evidence-and-truth,t-the-map-is-not-the-territory,twist,truncated,...rational.
Critical Thinking,critical-thinking--fallacies-flawed-arguments-exposed,t-why-fallacies-are-so-persuasive,climax,truncated,...actually.
Critical Thinking,critical-thinking--fallacies-flawed-arguments-exposed,t-ad-hominem-attacking-the-person-not-the-argument,hook,truncated,...regardless of who.
Critical Thinking,critical-thinking--fallacies-flawed-arguments-exposed,t-begging-the-question-circular-reasoning,twist,truncated,That's.
Critical Thinking,critical-thinking--fallacies-flawed-arguments-exposed,t-slippery-slope-the-domino-that-never-falls,discovery,truncated,...the causal.
Critical Thinking,critical-thinking--fallacies-flawed-arguments-exposed,t-equivocation-when-words-shift-meaning,twist,truncated,...political.
Critical Thinking,critical-thinking--fallacies-flawed-arguments-exposed,t-the-motte-and-bailey-retreating-to-safe-ground,buildup,truncated,...when.
Critical Thinking,critical-thinking--fallacies-flawed-arguments-exposed,t-conspiracy-theories-a-fallacy-ecosystem,discovery,truncated,...immune to.
Critical Thinking,critical-thinking--fallacies-flawed-arguments-exposed,t-how-to-argue-without-fallacies,discovery,truncated,...position.
Critical Thinking,critical-thinking--great-thinkers-and-their-methods,t-al-khwarizmi-the-father-of-algorithms,buildup,truncated,...systematic.
Critical Thinking,critical-thinking--great-thinkers-and-their-methods,t-al-khwarizmi-the-father-of-algorithms,punchline,truncated,...make.
Critical Thinking,critical-thinking--great-thinkers-and-their-methods,t-aristotle-the-first-scientist-of-everything,hook,truncated,...study them.
Critical Thinking,critical-thinking--great-thinkers-and-their-methods,t-aristotle-the-first-scientist-of-everything,buildup,truncated,...Lyceum.
Critical Thinking,critical-thinking--great-thinkers-and-their-methods,t-aristotle-the-first-scientist-of-everything,discovery,truncated,All A are B. All B are C.
Critical Thinking,critical-thinking--great-thinkers-and-their-methods,t-aristotle-the-first-scientist-of-everything,punchline,truncated,His conclusions were often wrong.
Critical Thinking,critical-thinking--great-thinkers-and-their-methods,t-hypatia-of-alexandria-reason-in-an-age-of-dogma,hook,truncated,...Alexandria.
Critical Thinking,critical-thinking--great-thinkers-and-their-methods,t-hypatia-of-alexandria-reason-in-an-age-of-dogma,buildup,truncated,...Christians.
Critical Thinking,critical-thinking--great-thinkers-and-their-methods,t-ibn-al-haytham-the-first-true-scientist,buildup,truncated,...verified by.
Critical Thinking,critical-thinking--great-thinkers-and-their-methods,t-socrates-the-man-who-knew-he-knew-nothing,discovery,truncated,What is justice?
Critical Thinking,critical-thinking--great-thinkers-and-their-methods,t-socrates-the-man-who-knew-he-knew-nothing,twist,truncated,...think for.
Critical Thinking,critical-thinking--great-thinkers-and-their-methods,t-david-hume-the-great-skeptic-of-cause-and-effect,discovery,truncated,...B moves.
Critical Thinking,critical-thinking--great-thinkers-and-their-methods,t-david-hume-the-great-skeptic-of-cause-and-effect,twist,truncated,...scientifically.
Critical Thinking,critical-thinking--great-thinkers-and-their-methods,t-david-hume-the-great-skeptic-of-cause-and-effect,climax,truncated,...can &.
Critical Thinking,critical-thinking--great-thinkers-and-their-methods,t-john-stuart-mill-the-harm-principle-and-free-thought,hook,truncated,...prevent.
Critical Thinking,critical-thinking--great-thinkers-and-their-methods,t-john-stuart-mill-the-harm-principle-and-free-thought,climax,truncated,...actually harm.
Critical Thinking,critical-thinking--great-thinkers-and-their-methods,t-mary-wollstonecraft-reasoning-for-rights,buildup,truncated,...denying.
Critical Thinking,critical-thinking--great-thinkers-and-their-methods,t-mary-wollstonecraft-reasoning-for-rights,twist,truncated,She was vilified in her time.
Critical Thinking,critical-thinking--great-thinkers-and-their-methods,t-mary-wollstonecraft-reasoning-for-rights,climax,truncated,...tools in.
Critical Thinking,critical-thinking--great-thinkers-and-their-methods,t-mary-wollstonecraft-reasoning-for-rights,punchline,truncated,She didn't invent new rights.
Critical Thinking,critical-thinking--great-thinkers-and-their-methods,t-charles-darwin-thinking-through-deep-time,hook,truncated,Darwin didn't have a lab or equipment.
Critical Thinking,critical-thinking--great-thinkers-and-their-methods,t-charles-darwin-thinking-through-deep-time,buildup,truncated,...its.
Critical Thinking,critical-thinking--great-thinkers-and-their-methods,t-charles-darwin-thinking-through-deep-time,punchline,truncated,He waited 20 years to publish.
Critical Thinking,critical-thinking--great-thinkers-and-their-methods,t-karl-popper-science-advances-by-trying-to-be-wrong,buildup,truncated,...be.
Critical Thinking,critical-thinking--great-thinkers-and-their-methods,t-karl-popper-science-advances-by-trying-to-be-wrong,discovery,truncated,...sun.
Critical Thinking,critical-thinking--great-thinkers-and-their-methods,t-karl-popper-science-advances-by-trying-to-be-wrong,punchline,truncated,...False confidence.
Critical Thinking,critical-thinking--great-thinkers-and-their-methods,t-rosalind-franklin-evidence-stolen-credit-denied,hook,truncated,Watson & Crick discovered DNA's structure.
Critical Thinking,critical-thinking--great-thinkers-and-their-methods,t-thomas-kuhn-how-scientific-revolutions-actually-work,punchline,truncated,Science doesn't just add to what we know.
Critical Thinking,critical-thinking--great-thinkers-and-their-methods,t-bertrand-russell-logic-skepticism-and-clear-thinking,hook,truncated,...full of.
Critical Thinking,critical-thinking--great-thinkers-and-their-methods,t-bertrand-russell-logic-skepticism-and-clear-thinking,buildup,truncated,...&.
Critical Thinking,critical-thinking--great-thinkers-and-their-methods,t-bertrand-russell-logic-skepticism-and-clear-thinking,discovery,truncated,...you can't disprove it.
Critical Thinking,critical-thinking--great-thinkers-and-their-methods,t-bertrand-russell-logic-skepticism-and-clear-thinking,climax,truncated,...&.
Critical Thinking,critical-thinking--great-thinkers-and-their-methods,t-carl-sagan-science-as-a-candle-in-the-dark,hook,truncated,...accessible to.
Critical Thinking,critical-thinking--great-thinkers-and-their-methods,t-carl-sagan-science-as-a-candle-in-the-dark,buildup,truncated,...Occam's.
Critical Thinking,critical-thinking--great-thinkers-and-their-methods,t-carl-sagan-science-as-a-candle-in-the-dark,discovery,truncated,I don't want to believe.
Critical Thinking,critical-thinking--great-thinkers-and-their-methods,t-carl-sagan-science-as-a-candle-in-the-dark,climax,truncated,...critical.
Critical Thinking,critical-thinking--great-thinkers-and-their-methods,t-daniel-kahneman-two-systems-of-thinking,buildup,truncated,...& slow.
Critical Thinking,critical-thinking--great-thinkers-and-their-methods,t-hannah-arendt-the-banality-of-evil-and-the-duty-to-think,buildup,truncated,...stop.
Critical Thinking,critical-thinking--great-thinkers-and-their-methods,t-simone-de-beauvoir-questioning-what-seems-natural,hook,truncated,...natural or.
Critical Thinking,critical-thinking--great-thinkers-and-their-methods,t-simone-de-beauvoir-questioning-what-seems-natural,discovery,truncated,...analysis.
Critical Thinking,critical-thinking--great-thinkers-and-their-methods,t-simone-de-beauvoir-questioning-what-seems-natural,twist,truncated,...social.
Critical Thinking,critical-thinking--great-thinkers-and-their-methods,t-simone-de-beauvoir-questioning-what-seems-natural,climax,truncated,...Who benefits from you.
Critical Thinking,critical-thinking--great-thinkers-and-their-methods,t-nassim-taleb-black-swans-and-the-limits-of-prediction,buildup,truncated,...can't.
Critical Thinking,critical-thinking--great-thinkers-and-their-methods,t-nassim-taleb-black-swans-and-the-limits-of-prediction,twist,truncated,...were.
Critical Thinking,critical-thinking--great-thinkers-and-their-methods,t-nassim-taleb-black-swans-and-the-limits-of-prediction,climax,truncated,Taleb's advice: don't try to predict Black Swans.
Critical Thinking,critical-thinking--great-thinkers-and-their-methods,t-philip-tetlock-superforecasters-and-the-science-of-prediction,climax,truncated,...& say.
Critical Thinking,critical-thinking--great-thinkers-and-their-methods,t-philip-tetlock-superforecasters-and-the-science-of-prediction,punchline,truncated,The best predictors aren't the most confident.
Critical Thinking,critical-thinking--great-thinkers-and-their-methods,t-the-collective-legacy-what-all-great-thinkers-share,punchline,truncated,Great thinkers don't give you answers.
Critical Thinking,critical-thinking--great-thinkers-and-their-methods,t-yuval-noah-harari-stories-that-rule-the-world,climax,truncated,...story.
Critical Thinking,critical-thinking--great-thinkers-and-their-methods,t-michel-foucault-power-shapes-what-counts-as-truth,punchline,truncated,...what power does that.
Critical Thinking,critical-thinking--great-thinkers-and-their-methods,t-noam-chomsky-manufacturing-consent-and-media-criticism,buildup,truncated,...model.
Critical Thinking,critical-thinking--great-thinkers-and-their-methods,t-noam-chomsky-manufacturing-consent-and-media-criticism,discovery,truncated,Chomsky's method: compare coverage.
Critical Thinking,critical-thinking--media-literacy-and-information-warfare,t-filter-bubbles-the-internet-that-agrees-with-you,twist,truncated,...through.
Critical Thinking,critical-thinking--media-literacy-and-information-warfare,t-the-information-overload-paradox,buildup,truncated,...decisions.
Critical Thinking,critical-thinking--media-literacy-and-information-warfare,t-narrative-warfare-stories-as-weapons,hook,truncated,Russia's Internet Research Agency didn't hack votes.
Critical Thinking,critical-thinking--media-literacy-and-information-warfare,t-narrative-warfare-stories-as-weapons,discovery,truncated,It's cheaper than missiles.
Critical Thinking,critical-thinking--media-literacy-and-information-warfare,t-conspiracy-theory-mechanics-how-they-self-reinforce,hook,truncated,...'That's what they want you to think.'
Critical Thinking,critical-thinking--media-literacy-and-information-warfare,t-conspiracy-theory-mechanics-how-they-self-reinforce,twist,truncated,...powerlessness.
Critical Thinking,critical-thinking--media-literacy-and-information-warfare,t-bot-networks-fake-people-real-influence,hook,truncated,...outrage.
Critical Thinking,critical-thinking--media-literacy-and-information-warfare,t-bot-networks-fake-people-real-influence,twist,truncated,Bots don't need to convince you directly.
Critical Thinking,critical-thinking--media-literacy-and-information-warfare,t-bot-networks-fake-people-real-influence,climax,truncated,...suspicious.
Critical Thinking,critical-thinking--media-literacy-and-information-warfare,t-data-manipulation-how-numbers-lie-honestly,buildup,truncated,...or.
Critical Thinking,critical-thinking--media-literacy-and-information-warfare,t-deepfakes-when-seeing-is-no-longer-believing,twist,truncated,...from both.
Critical Thinking,critical-thinking--media-literacy-and-information-warfare,t-expertise-verification-is-this-person-actually-an-expert,buildup,truncated,...& a track.
Critical Thinking,critical-thinking--media-literacy-and-information-warfare,t-expertise-verification-is-this-person-actually-an-expert,discovery,truncated,Beware: expertise in one field doesn't transfer.
Critical Thinking,critical-thinking--media-literacy-and-information-warfare,t-following-the-money-who-funds-the-message,twist,truncated,It's not always fraud.
Critical Thinking,critical-thinking--media-literacy-and-information-warfare,t-primary-vs-secondary-vs-tertiary-sources,discovery,truncated,...distortion.
Critical Thinking,critical-thinking--media-literacy-and-information-warfare,t-primary-vs-secondary-vs-tertiary-sources,twist,truncated,Most people never reach the primary source.
Critical Thinking,critical-thinking--media-literacy-and-information-warfare,t-sift-method-a-quick-source-evaluation-framework,climax,truncated,...is a red flag if only one source reports it.
Critical Thinking,critical-thinking--media-literacy-and-information-warfare,t-building-a-balanced-media-diet,twist,truncated,...opinion.
Critical Thinking,critical-thinking--media-literacy-and-information-warfare,t-astroturfing-manufacturing-grassroots-movements,twist,truncated,...about.
Critical Thinking,critical-thinking--media-literacy-and-information-warfare,t-astroturfing-manufacturing-grassroots-movements,climax,truncated,...interested.
Critical Thinking,critical-thinking--media-literacy-and-information-warfare,t-thinking-like-a-fact-checker-everyday-habits,twist,truncated,Habit 4: Reverse image search photos.
Critical Thinking,critical-thinking--moral-reasoning-and-ethical-dilemmas,t-is-vs-ought-the-fact-value-gap,buildup,truncated,...generate.
Critical Thinking,critical-thinking--moral-reasoning-and-ethical-dilemmas,t-is-vs-ought-the-fact-value-gap,climax,truncated,Facts inform ethics but don't determine it.
Critical Thinking,critical-thinking--moral-reasoning-and-ethical-dilemmas,t-moral-relativism-vs-moral-universalism-is-anything-always-wrong,buildup,truncated,...context.
Critical Thinking,critical-thinking--moral-reasoning-and-ethical-dilemmas,t-moral-relativism-vs-moral-universalism-is-anything-always-wrong,discovery,truncated,...with.
Critical Thinking,critical-thinking--moral-reasoning-and-ethical-dilemmas,t-moral-relativism-vs-moral-universalism-is-anything-always-wrong,twist,truncated,...also.
Critical Thinking,critical-thinking--moral-reasoning-and-ethical-dilemmas,t-moral-relativism-vs-moral-universalism-is-anything-always-wrong,climax,truncated,...wherever it.
Critical Thinking,critical-thinking--moral-reasoning-and-ethical-dilemmas,t-moral-relativism-vs-moral-universalism-is-anything-always-wrong,punchline,truncated,Cultures differ on what's wrong.
Critical Thinking,critical-thinking--moral-reasoning-and-ethical-dilemmas,t-what-is-ethics-morality-beyond-just-follow-the-rules,buildup,truncated,...they're.
Critical Thinking,critical-thinking--moral-reasoning-and-ethical-dilemmas,t-act-vs-rule-utilitarianism-follow-the-rule-or-break-it,buildup,truncated,...individually.
Critical Thinking,critical-thinking--moral-reasoning-and-ethical-dilemmas,t-act-vs-rule-utilitarianism-follow-the-rule-or-break-it,discovery,truncated,...even if.
Critical Thinking,critical-thinking--moral-reasoning-and-ethical-dilemmas,t-act-vs-rule-utilitarianism-follow-the-rule-or-break-it,twist,truncated,...is.
Critical Thinking,critical-thinking--moral-reasoning-and-ethical-dilemmas,t-consequentialism-s-blind-spot-can-good-intentions-produce-evil,buildup,truncated,...matter.
Critical Thinking,critical-thinking--moral-reasoning-and-ethical-dilemmas,t-peter-singer-and-effective-altruism-ethics-by-the-numbers,twist,truncated,Critics: it reduces ethics to calculation.
Critical Thinking,critical-thinking--moral-reasoning-and-ethical-dilemmas,t-the-utility-monster-when-maximizing-goes-wrong,buildup,truncated,...monstrous.
Critical Thinking,critical-thinking--moral-reasoning-and-ethical-dilemmas,t-the-utility-monster-when-maximizing-goes-wrong,punchline,truncated,Maximizing happiness sounds perfect.
Critical Thinking,critical-thinking--moral-reasoning-and-ethical-dilemmas,t-utilitarianism-the-greatest-good-for-the-greatest-number,discovery,truncated,...vs.
Critical Thinking,critical-thinking--moral-reasoning-and-ethical-dilemmas,t-utilitarianism-the-greatest-good-for-the-greatest-number,punchline,truncated,Maximize happiness. Minimize suffering. Simple to say.
Critical Thinking,critical-thinking--moral-reasoning-and-ethical-dilemmas,t-kant-s-categorical-imperative-act-as-if-it-were-universal-law,climax,truncated,Kant's insight survives the edge cases: consistency matters.
Critical Thinking,critical-thinking--moral-reasoning-and-ethical-dilemmas,t-moral-duty-vs-supererogation-what-s-required-vs-what-s-heroic,twist,truncated,...saving.
Critical Thinking,critical-thinking--moral-reasoning-and-ethical-dilemmas,t-the-doctrine-of-double-effect-intent-vs-side-effect,buildup,truncated,...cause.
Critical Thinking,critical-thinking--moral-reasoning-and-ethical-dilemmas,t-the-doctrine-of-double-effect-intent-vs-side-effect,discovery,truncated,Thomas Aquinas originated it.
Critical Thinking,critical-thinking--moral-reasoning-and-ethical-dilemmas,t-the-doctrine-of-double-effect-intent-vs-side-effect,climax,truncated,...thin.
Critical Thinking,critical-thinking--moral-reasoning-and-ethical-dilemmas,t-care-ethics-relationships-as-the-foundation-of-morality,discovery,truncated,...&.
Critical Thinking,critical-thinking--moral-reasoning-and-ethical-dilemmas,t-character-vs-rules-what-kind-of-person-should-i-be,climax,truncated,The defense: no ethical system gives specific answers to every case.
Critical Thinking,critical-thinking--moral-reasoning-and-ethical-dilemmas,t-moral-luck-are-you-responsible-for-what-you-can-t-control,punchline,truncated,You're judged by outcomes you can't fully control. That's not fair.
Critical Thinking,critical-thinking--moral-reasoning-and-ethical-dilemmas,t-the-drowning-child-problem-how-much-must-you-sacrifice,buildup,truncated,...-.
Critical Thinking,critical-thinking--moral-reasoning-and-ethical-dilemmas,t-the-drowning-child-problem-how-much-must-you-sacrifice,discovery,truncated,...then.
Critical Thinking,critical-thinking--moral-reasoning-and-ethical-dilemmas,t-the-prisoner-s-dilemma-when-self-interest-defeats-cooperation,hook,truncated,...light sentences.
Critical Thinking,critical-thinking--moral-reasoning-and-ethical-dilemmas,t-the-prisoner-s-dilemma-when-self-interest-defeats-cooperation,discovery,truncated,...Start.
Critical Thinking,critical-thinking--moral-reasoning-and-ethical-dilemmas,t-the-ship-of-theseus-identity-and-moral-responsibility-over-time,climax,truncated,...persistent.
Critical Thinking,critical-thinking--moral-reasoning-and-ethical-dilemmas,t-the-ship-of-theseus-identity-and-moral-responsibility-over-time,punchline,truncated,You're not the person you were 10 years ago.
Critical Thinking,critical-thinking--moral-reasoning-and-ethical-dilemmas,t-the-veil-of-ignorance-designing-a-fair-society-blind,discovery,truncated,...benefit.
Critical Thinking,critical-thinking--moral-reasoning-and-ethical-dilemmas,t-the-veil-of-ignorance-designing-a-fair-society-blind,twist,truncated,Critics: Nozick argued this assumes risk-aversion.
Critical Thinking,critical-thinking--moral-reasoning-and-ethical-dilemmas,t-the-veil-of-ignorance-designing-a-fair-society-blind,climax,truncated,...&.
Critical Thinking,critical-thinking--moral-reasoning-and-ethical-dilemmas,t-the-veil-of-ignorance-designing-a-fair-society-blind,punchline,truncated,...which.
Critical Thinking,critical-thinking--moral-reasoning-and-ethical-dilemmas,t-ai-ethics-who-s-responsible-when-the-algorithm-decides,buildup,truncated,...diagnosis.
Critical Thinking,critical-thinking--moral-reasoning-and-ethical-dilemmas,t-ai-ethics-who-s-responsible-when-the-algorithm-decides,twist,truncated,AI systems can be biased without anyone intending it.
Critical Thinking,critical-thinking--moral-reasoning-and-ethical-dilemmas,t-ai-ethics-who-s-responsible-when-the-algorithm-decides,climax,truncated,"Ethical AI requires: transparency, accountability, and fairness."
Critical Thinking,critical-thinking--moral-reasoning-and-ethical-dilemmas,t-medical-ethics-triage-and-impossible-choices,discovery,truncated,...or.
Critical Thinking,critical-thinking--moral-reasoning-and-ethical-dilemmas,t-medical-ethics-triage-and-impossible-choices,climax,truncated,The lesson: ethical frameworks don't eliminate tragic choices.
Critical Thinking,critical-thinking--moral-reasoning-and-ethical-dilemmas,t-whistleblowing-loyalty-vs-morality,punchline,truncated,The cost of speaking truth is high.
Critical Thinking,critical-thinking--moral-reasoning-and-ethical-dilemmas,t-how-to-actually-change-someone-s-mind,discovery,grammatical_error,the'ssue (should be the issue)
Critical Thinking,critical-thinking--the-psychology-of-belief,t-childhood-imprinting-beliefs-formed-before-you-could-think,buildup,truncated,"Children learn by trust, not evidence."
Critical Thinking,critical-thinking--the-psychology-of-belief,t-childhood-imprinting-beliefs-formed-before-you-could-think,discovery,truncated,...they.
Critical Thinking,critical-thinking--the-psychology-of-belief,t-belief-perseverance-clinging-to-debunked-ideas,discovery,truncated,Ross et al.
Critical Thinking,critical-thinking--the-psychology-of-belief,t-sunk-cost-of-beliefs-when-you-ve-invested-too-much-to-quit,discovery,truncated,This is why cult members resist deprogramming.
Critical Thinking,critical-thinking--the-psychology-of-belief,t-sunk-cost-of-beliefs-when-you-ve-invested-too-much-to-quit,twist,truncated,Professional experts are most vulnerable.
Critical Thinking,critical-thinking--the-psychology-of-belief,t-the-continued-influence-effect-retractions-don-t-work,punchline,truncated,...Gaps get.
Critical Thinking,critical-thinking--the-psychology-of-belief,t-the-semmelweis-reflex-rejecting-new-evidence,twist,truncated,It's not just historical.
Critical Thinking,critical-thinking--the-psychology-of-belief,t-the-semmelweis-reflex-rejecting-new-evidence,climax,truncated,...is.
Critical Thinking,critical-thinking--the-psychology-of-belief,t-conspiracy-thinking-the-need-for-grand-explanations,twist,truncated,...distrust.
Critical Thinking,critical-thinking--the-psychology-of-belief,t-conspiracy-thinking-the-need-for-grand-explanations,climax,truncated,...evidence.
Critical Thinking,critical-thinking--the-psychology-of-belief,t-magical-thinking-rituals-luck-and-invisible-forces,climax,truncated,...agency.
Critical Thinking,critical-thinking--the-psychology-of-belief,t-magical-thinking-rituals-luck-and-invisible-forces,punchline,truncated,Words don't change reality.
Critical Thinking,critical-thinking--the-psychology-of-belief,t-conformity-the-power-of-everyone-else-is-doing-it,hook,truncated,Solomon Asch showed people an obviously wrong answer.
Critical Thinking,critical-thinking--the-psychology-of-belief,t-conformity-the-power-of-everyone-else-is-doing-it,twist,truncated,A single dissenter breaks conformity dramatically.
Critical Thinking,critical-thinking--the-psychology-of-belief,t-anchoring-of-first-impressions,twist,truncated,Interviewers decide about candidates in the first 4 minutes.
Critical Thinking,critical-thinking--the-psychology-of-belief,t-depolarization-bridging-divided-minds,punchline,truncated,We agree more than we think. The disagreement is real.
Cybersecurity,anatomy-of-cyber-attacks,cybersecurity--anatomy-of-cyber-attacks--t-vulnerability-scanning-finding-the-weak-spots,buildup,truncated,"Vulnerability scanners test systems against databases of known flaws. Thousands of new vulnerabilities are."
Cybersecurity,anatomy-of-cyber-attacks,cybersecurity--anatomy-of-cyber-attacks--t-ddos-attacks-death-by-a-million-requests,discovery,truncated,"Botnets – armies of hacked computers and IoT devices – generate the flood. The Mirai botnet used hacked."
Cybersecurity,anatomy-of-cyber-attacks,cybersecurity--anatomy-of-cyber-attacks--t-man-in-the-middle-intercepting-every-message,buildup,truncated,"MitM attacks intercept communication between two parties. The attacker relays messages while secretly reading."
Cybersecurity,anatomy-of-cyber-attacks,cybersecurity--anatomy-of-cyber-attacks--t-man-in-the-middle-intercepting-every-message,discovery,truncated,"On unencrypted networks, MitM is trivial. On encrypted ones, attackers try to downgrade connections or."
Cybersecurity,anatomy-of-cyber-attacks,cybersecurity--anatomy-of-cyber-attacks--t-man-in-the-middle-intercepting-every-message,twist,truncated,"Lenovo shipped laptops with Superfish adware that installed fake certificates – enabling MitM attacks on its."
Cybersecurity,anatomy-of-cyber-attacks,cybersecurity--anatomy-of-cyber-attacks--t-ransomware-your-files-held-hostage,buildup,truncated,"Ransomware encrypts victims' files with strong cryptography. Only the attacker has the decryption key – available for."
Cybersecurity,anatomy-of-cyber-attacks,cybersecurity--anatomy-of-cyber-attacks--t-ransomware-your-files-held-hostage,twist,truncated,"WannaCry hit 200,000+ systems in 150 countries in 2017. A security researcher stopped it by registering a $10.69."
Cybersecurity,anatomy-of-cyber-attacks,cybersecurity--anatomy-of-cyber-attacks--t-rootkits-hiding-in-plain-sight,twist,truncated,"Sony BMG installed a rootkit on millions of music CDs in 2005. If you played the CD, it secretly modified your."
Cybersecurity,anatomy-of-cyber-attacks,cybersecurity--anatomy-of-cyber-attacks--t-spyware-and-keyloggers-watching-every-keystroke,twist,truncated,"In 2015, Kaspersky discovered that luxury hotel business centers had keyloggers installed – guests typed passwords."
Cybersecurity,anatomy-of-cyber-attacks,cybersecurity--anatomy-of-cyber-attacks--t-trojans-malware-in-disguise,twist,truncated,"Emotet started as a banking Trojan and evolved into the world's most dangerous malware delivery platform before."
Cybersecurity,anatomy-of-cyber-attacks,cybersecurity--anatomy-of-cyber-attacks--t-worms-malware-that-spreads-itself,twist,truncated,"The Morris Worm in 1988 was meant to measure the internet's size. A bug made it replicate uncontrollably, crashing."
Cybersecurity,anatomy-of-cyber-attacks,cybersecurity--anatomy-of-cyber-attacks--t-cross-site-scripting-injecting-code-into-websites,discovery,truncated,"The injected script runs with the victim's privileges – it can steal cookies, redirect to fake sites, or modify."
Cybersecurity,anatomy-of-cyber-attacks,cybersecurity--anatomy-of-cyber-attacks--t-cross-site-scripting-injecting-code-into-websites,twist,truncated,"The Samy worm used XSS on MySpace in 2005. It added 'Samy is my hero' to a million profiles in 20 hours –."
Cybersecurity,anatomy-of-cyber-attacks,cybersecurity--anatomy-of-cyber-attacks--t-phishing-pages-websites-that-steal-your-credentials,climax,truncated,"Phishing pages are the #1 way passwords are stolen. Technical sophistication is unnecessary when humans are."
Cybersecurity,anatomy-of-cyber-attacks,cybersecurity--anatomy-of-cyber-attacks--t-command-and-control-the-attacker-s-remote-control,twist,truncated,"Some malware uses domain generation algorithms, creating thousands of random domain names. Only the attacker."
Cybersecurity,anatomy-of-cyber-attacks,cybersecurity--anatomy-of-cyber-attacks--t-data-exfiltration-stealing-data-without-being-noticed,twist,truncated,"Some attackers hide data in DNS queries, image files, or even Slack messages. Any outbound channel can carry."
Cybersecurity,anatomy-of-cyber-attacks,cybersecurity--anatomy-of-cyber-attacks--t-lateral-movement-spreading-through-the-network,twist,truncated,"A compromised printer or IoT device can be the stepping stone to the CEO's laptop. Every device is a potential."
Cybersecurity,anatomy-of-cyber-attacks,cybersecurity--anatomy-of-cyber-attacks--t-living-off-the-land-hacking-with-built-in-tools,discovery,truncated,"PowerShell can download files, execute code in memory, and access any system resource – all without."
Cybersecurity,anatomy-of-cyber-attacks,cybersecurity--anatomy-of-cyber-attacks--t-living-off-the-land-hacking-with-built-in-tools,climax,truncated,"LOtL makes detection extremely hard. The attack leaves no malware to find – only legitimate tools used in."
Cybersecurity,cryptography-secrets-and-ciphers,cybersecurity--cryptography-secrets-and-ciphers--t-post-quantum-cryptography-preparing-for-the-unbreakable,buildup,truncated,"Post-quantum algorithms use math problems that quantum computers also can't solve: lattices, codes, and."
Cybersecurity,cryptography-secrets-and-ciphers,cybersecurity--cryptography-secrets-and-ciphers--t-quantum-computing-the-encryption-killer,twist,truncated,"Nation-states are harvesting encrypted data now, planning to decrypt it when quantum computers arrive. 'Harvest."
Cybersecurity,cryptography-secrets-and-ciphers,cybersecurity--cryptography-secrets-and-ciphers--t-quantum-computing-the-encryption-killer,climax,truncated,"The race is on: build quantum-resistant encryption before quantum computers become powerful enough to break today's."
Cybersecurity,cyber-warfare-and-digital-espionage,cybersecurity--cyber-warfare-and-digital-espionage--t-the-estonia-cyber-attack-a-nation-under-digital-siege,discovery,truncated,"Estonia, one of the world's most digitized nations, was uniquely vulnerable. Everything was online – and."
Cybersecurity,cyber-warfare-and-digital-espionage,cybersecurity--cyber-warfare-and-digital-espionage--t-the-estonia-cyber-attack-a-nation-under-digital-siege,twist,truncated,"Russia denied involvement, but botnets traced to Russian servers orchestrated the attack. NATO had no cyber."
Cybersecurity,cyber-warfare-and-digital-espionage,cybersecurity--cyber-warfare-and-digital-espionage--t-lazarus-group-north-korea-s-cyber-army,discovery,truncated,"They stole $81 million from Bangladesh Bank via SWIFT. A typo in a transfer request was the only thing that stopped."
Cybersecurity,cyber-warfare-and-digital-espionage,cybersecurity--cyber-warfare-and-digital-espionage--t-pegasus-spyware-hacking-any-phone-on-earth,buildup,truncated,"NSO Group's Pegasus spyware is sold to governments for 'lawful surveillance.' It can hack any iPhone or."
Cybersecurity,cyber-warfare-and-digital-espionage,cybersecurity--cyber-warfare-and-digital-espionage--t-pegasus-spyware-hacking-any-phone-on-earth,twist,truncated,"Pegasus was found on phones of journalists, activists, and world leaders. Saudi Arabia used it before."
Cybersecurity,cyber-warfare-and-digital-espionage,cybersecurity--cyber-warfare-and-digital-espionage--t-the-solarwinds-attack-the-biggest-espionage-hack,twist,truncated,"FireEye, a cybersecurity firm, discovered the attack only because its own tools were stolen – the hackers got."
Cybersecurity,cyber-warfare-and-digital-espionage,cybersecurity--cyber-warfare-and-digital-espionage--t-notpetya-the-most-destructive-cyber-attack-in-history,twist,truncated,"Maersk, the world's largest shipping company, lost 49,000 laptops and all domain controllers. They rebuilt from."
Cybersecurity,cyber-warfare-and-digital-espionage,cybersecurity--cyber-warfare-and-digital-espionage--t-notpetya-the-most-destructive-cyber-attack-in-history,twist,wrong_emoji,"Maersk, the world's largest shipping company, lost 49,000 laptops and all domain controllers. They rebuilt from."
Cybersecurity,cyber-warfare-and-digital-espionage,cybersecurity--cyber-warfare-and-digital-espionage--t-cyber-deterrence-can-you-stop-a-cyber-war,twist,truncated,"The U.S. responded to cyber attacks with sanctions, indictments, and even kinetic strikes – but none has stopped."
Cybersecurity,cyber-warfare-and-digital-espionage,cybersecurity--cyber-warfare-and-digital-espionage--t-disinformation-campaigns-hacking-minds-not-machines,twist,truncated,"Both sides of every debate were targeted. The goal wasn't to pick a winner – it was to make everyone."
Cybersecurity,cyber-warfare-and-digital-espionage,cybersecurity--cyber-warfare-and-digital-espionage--t-election-interference-hacking-democracy,discovery,truncated,"Russia scanned election systems in all 50 states. Even without changing votes, the perception of vulnerability."
Cybersecurity,cyber-warfare-and-digital-espionage,cybersecurity--cyber-warfare-and-digital-espionage--t-ai-powered-cyber-warfare-the-coming-escalation,twist,truncated,"If both sides have AI, cyber conflict accelerates beyond human decision-making speed. Humans may lose control of."
Cybersecurity,cyber-warfare-and-digital-espionage,cybersecurity--cyber-warfare-and-digital-espionage--t-cyber-mercenaries-hackers-for-hire,discovery,truncated,"These cyber mercenaries give small nations capabilities that once required intelligence agencies. Offense is."
Cybersecurity,cybersecurity-law-and-ethics,cybersecurity--cybersecurity-law-and-ethics--t-computer-crime-classifications-what-makes-a-hack-illegal,buildup,truncated,"Computer crimes range from unauthorized access and data theft to denial of service and malware distribution, each."
Cybersecurity,cybersecurity-law-and-ethics,cybersecurity--cybersecurity-law-and-ethics--t-computer-crime-classifications-what-makes-a-hack-illegal,twist,truncated,"Weev (Andrew Auernheimer) went to prison for changing a URL to access public AT&T customer data. The data."
Cybersecurity,cybersecurity-law-and-ethics,cybersecurity--cybersecurity-law-and-ethics--t-computer-crime-classifications-what-makes-a-hack-illegal,climax,truncated,"The line between 'unauthorized access' and 'following a public link' remains legally unclear. Security researchers."
Cybersecurity,cybersecurity-law-and-ethics,cybersecurity--cybersecurity-law-and-ethics--t-hacking-back-laws-can-victims-strike-back,hook,truncated,"When a company gets hacked, can they hack back to retrieve stolen data or disrupt the attacker? The law says no –."
Cybersecurity,cybersecurity-law-and-ethics,cybersecurity--cybersecurity-law-and-ethics--t-hacking-back-laws-can-victims-strike-back,discovery,truncated,"The CFAA makes hack-back illegal in the US. You can't access another computer without authorization, even if."
Cybersecurity,cybersecurity-law-and-ethics,cybersecurity--cybersecurity-law-and-ethics--t-jurisdiction-in-cyberspace-whose-laws-apply-online,discovery,truncated,"Countries claim jurisdiction based on where the attacker is, where the victim is, where the server is, or where."
Cybersecurity,cybersecurity-law-and-ethics,cybersecurity--cybersecurity-law-and-ethics--t-jurisdiction-in-cyberspace-whose-laws-apply-online,twist,truncated,"Russia and China rarely extradite cybercriminals. Some state-sponsored hackers operate openly, protected by."
Cybersecurity,cybersecurity-law-and-ethics,cybersecurity--cybersecurity-law-and-ethics--t-the-budapest-convention-the-world-s-cybercrime-treaty,hook,truncated,"Over 60 countries signed a treaty to cooperate on cybercrime. Russia and China refused – and they harbor."
Cybersecurity,cybersecurity-law-and-ethics,cybersecurity--cybersecurity-law-and-ethics--t-the-budapest-convention-the-world-s-cybercrime-treaty,buildup,truncated,"The Budapest Convention (2001) is the only binding international treaty on cybercrime, harmonizing laws and."
Cybersecurity,cybersecurity-law-and-ethics,cybersecurity--cybersecurity-law-and-ethics--t-the-budapest-convention-the-world-s-cybercrime-treaty,twist,truncated,"Russia proposed an alternative UN treaty that critics say would legitimize state censorship and surveillance under."
Cybersecurity,cybersecurity-law-and-ethics,cybersecurity--cybersecurity-law-and-ethics--t-the-budapest-convention-the-world-s-cybercrime-treaty,climax,truncated,"Without universal participation, cybercrime treaties create safe havens. Criminals operate from non-signatory."
Cybersecurity,cybersecurity-law-and-ethics,cybersecurity--cybersecurity-law-and-ethics--t-the-computer-fraud-and-abuse-act-america-s-first-cyber-law,discovery,truncated,"The CFAA makes it illegal to access a computer 'without authorization' or to 'exceed authorized access.' But."
Cybersecurity,cybersecurity-law-and-ethics,cybersecurity--cybersecurity-law-and-ethics--t-the-computer-fraud-and-abuse-act-america-s-first-cyber-law,twist,truncated,"Aaron Swartz faced 35 years in prison under the CFAA for downloading academic papers from JSTOR. He was authorized."
Cybersecurity,cybersecurity-law-and-ethics,cybersecurity--cybersecurity-law-and-ethics--t-children-s-privacy-coppa-and-beyond,hook,truncated,"A 10-year-old plays a free mobile game. The game collects location, contacts, browsing history, and voice."
Cybersecurity,cybersecurity-law-and-ethics,cybersecurity--cybersecurity-law-and-ethics--t-children-s-privacy-coppa-and-beyond,buildup,truncated,"COPPA (1998) requires websites to get verifiable parental consent before collecting data from children under 13 in."
Cybersecurity,cybersecurity-law-and-ethics,cybersecurity--cybersecurity-law-and-ethics--t-children-s-privacy-coppa-and-beyond,discovery,truncated,"Companies dodge COPPA by claiming their services aren't 'directed at children' – even when millions of kids use."
Cybersecurity,cybersecurity-law-and-ethics,cybersecurity--cybersecurity-law-and-ethics--t-children-s-privacy-coppa-and-beyond,climax,truncated,"Children's privacy laws haven't kept up with TikTok, Roblox, and Fortnite. Kids generate more data than ever with."
Cybersecurity,cybersecurity-law-and-ethics,cybersecurity--cybersecurity-law-and-ethics--t-data-breach-notification-laws-the-clock-is-ticking,buildup,truncated,"Breach notification laws require organizations to inform affected individuals and regulators within specific."
Cybersecurity,cybersecurity-law-and-ethics,cybersecurity--cybersecurity-law-and-ethics--t-data-breach-notification-laws-the-clock-is-ticking,discovery,truncated,"GDPR requires notification within 72 hours. US laws vary by state – from 30 to 90 days. Some countries have."
Cybersecurity,cybersecurity-law-and-ethics,cybersecurity--cybersecurity-law-and-ethics--t-gdpr-europe-s-data-revolution,buildup,truncated,"GDPR grants EU citizens the right to access, correct, delete, and port their personal data. Companies must get."
Cybersecurity,cybersecurity-law-and-ethics,cybersecurity--cybersecurity-law-and-ethics--t-gdpr-europe-s-data-revolution,discovery,truncated,"GDPR applies to ANY company processing EU citizens' data, regardless of where the company is located. It's."
Cybersecurity,cybersecurity-law-and-ethics,cybersecurity--cybersecurity-law-and-ethics--t-gdpr-europe-s-data-revolution,climax,truncated,"GDPR transformed global privacy. Companies worldwide changed their data practices because it's cheaper to."
Cybersecurity,cybersecurity-law-and-ethics,cybersecurity--cybersecurity-law-and-ethics--t-hipaa-protecting-health-data-in-the-digital-age,hook,truncated,"Your medical records are among the most sensitive data that exists. On the dark web, health records sell for 10x."
Cybersecurity,cybersecurity-law-and-ethics,cybersecurity--cybersecurity-law-and-ethics--t-hipaa-protecting-health-data-in-the-digital-age,buildup,truncated,"HIPAA (1996) sets standards for protecting health information in the US. It requires encryption, access controls."
Cybersecurity,cybersecurity-law-and-ethics,cybersecurity--cybersecurity-law-and-ethics--t-hipaa-protecting-health-data-in-the-digital-age,discovery,truncated,"HIPAA applies to healthcare providers, insurers, and their business associates. Violations carry fines up to."
Cybersecurity,cybersecurity-law-and-ethics,cybersecurity--cybersecurity-law-and-ethics--t-hipaa-protecting-health-data-in-the-digital-age,twist,truncated,"Anthem's 2015 breach exposed 78.8 million health records. The data wasn't encrypted because HIPAA only."
Cybersecurity,cybersecurity-law-and-ethics,cybersecurity--cybersecurity-law-and-ethics--t-hipaa-protecting-health-data-in-the-digital-age,climax,truncated,"HIPAA was written before smartphones, cloud computing, and telehealth. It struggles to keep pace with how health."
Cybersecurity,cybersecurity-law-and-ethics,cybersecurity--cybersecurity-law-and-ethics--t-the-right-to-be-forgotten-erasing-your-digital-past,hook,truncated,"A Spanish man asked Google to remove a 16-year-old auction notice about his debts. He won – and created a new."
Cybersecurity,cybersecurity-law-and-ethics,cybersecurity--cybersecurity-law-and-ethics--t-the-right-to-be-forgotten-erasing-your-digital-past,buildup,truncated,"In 2014, the EU Court of Justice ruled that individuals can request search engines remove outdated or."
Cybersecurity,cybersecurity-law-and-ethics,cybersecurity--cybersecurity-law-and-ethics--t-the-right-to-be-forgotten-erasing-your-digital-past,twist,truncated,"The right to be forgotten clashes with press freedom. Should politicians be able to erase articles about."
Cybersecurity,cybersecurity-law-and-ethics,cybersecurity--cybersecurity-law-and-ethics--t-the-right-to-be-forgotten-erasing-your-digital-past,climax,truncated,"The internet's perfect memory conflicts with human nature. People change, but their digital footprint doesn't –."
Cybersecurity,cybersecurity-law-and-ethics,cybersecurity--cybersecurity-law-and-ethics--t-bug-bounty-programs-paying-hackers-to-find-flaws,hook,truncated,"Apple pays up to $2 million for a single bug. Google paid over $50 million to security researchers through its."
Cybersecurity,cybersecurity-law-and-ethics,cybersecurity--cybersecurity-law-and-ethics--t-bug-bounty-programs-paying-hackers-to-find-flaws,buildup,truncated,"Bug bounties invite external researchers to find vulnerabilities for cash rewards. Platforms like HackerOne."
Cybersecurity,cybersecurity-law-and-ethics,cybersecurity--cybersecurity-law-and-ethics--t-bug-bounty-programs-paying-hackers-to-find-flaws,discovery,truncated,"Companies get thousands of diverse testers for a fraction of the cost of hiring them. Researchers get legal."
Cybersecurity,cybersecurity-law-and-ethics,cybersecurity--cybersecurity-law-and-ethics--t-bug-bounty-programs-paying-hackers-to-find-flaws,twist,truncated,"Some researchers earn over $1 million annually from bug bounties alone. A teenager from Argentina earned $1M."
Cybersecurity,cybersecurity-law-and-ethics,cybersecurity--cybersecurity-law-and-ethics--t-bug-bounty-programs-paying-hackers-to-find-flaws,climax,truncated,"Bug bounties turned an adversarial relationship into a marketplace. Companies buy vulnerability reports instead."
Cybersecurity,cybersecurity-law-and-ethics,cybersecurity--cybersecurity-law-and-ethics--t-responsible-disclosure-the-90-day-dilemma,hook,truncated,"You discover a bug that exposes millions of users. Do you tell the company privately and wait, or go public to force."
Cybersecurity,cybersecurity-law-and-ethics,cybersecurity--cybersecurity-law-and-ethics--t-responsible-disclosure-the-90-day-dilemma,buildup,truncated,"Responsible disclosure means reporting vulnerabilities to the vendor first and giving them time to fix before."
Cybersecurity,cybersecurity-law-and-ethics,cybersecurity--cybersecurity-law-and-ethics--t-responsible-disclosure-the-90-day-dilemma,twist,truncated,"In 2015, Project Zero disclosed a Windows vulnerability after 90 days. Microsoft was furious – but it motivated."
Cybersecurity,cybersecurity-law-and-ethics,cybersecurity--cybersecurity-law-and-ethics--t-the-ethics-of-vulnerability-hoarding,hook,truncated,"The NSA discovered a Windows vulnerability and kept it secret to use as a weapon. When it leaked, it became."
Cybersecurity,cybersecurity-law-and-ethics,cybersecurity--cybersecurity-law-and-ethics--t-the-ethics-of-vulnerability-hoarding,buildup,truncated,"Governments stockpile zero-day vulnerabilities for offensive cyber operations. The Vulnerabilities Equities."
Cybersecurity,cybersecurity-law-and-ethics,cybersecurity--cybersecurity-law-and-ethics--t-the-ethics-of-vulnerability-hoarding,discovery,extra_period,"The VEP weighs intelligence value against public risk. Keep it for spying, or report it to protect citizens?."
Cybersecurity,cybersecurity-law-and-ethics,cybersecurity--cybersecurity-law-and-ethics--t-the-ethics-of-vulnerability-hoarding,climax,truncated,"Hoarding vulnerabilities creates a dual-risk: if enemies discover the same flaw, or if the stockpile leaks."
Cybersecurity,cybersecurity-law-and-ethics,cybersecurity--cybersecurity-law-and-ethics--t-the-whistleblower-s-dilemma-snowden-manning-and-reality-winner,buildup,truncated,"Whistleblowers expose government or corporate wrongdoing. In cybersecurity, this often means revealing."
Cybersecurity,cybersecurity-law-and-ethics,cybersecurity--cybersecurity-law-and-ethics--t-the-whistleblower-s-dilemma-snowden-manning-and-reality-winner,twist,double_period,"Reality Winner leaked a single classified document about Russian election interference. She got 5 years in prison.."
Cybersecurity,cybersecurity-law-and-ethics,cybersecurity--cybersecurity-law-and-ethics--t-the-whistleblower-s-dilemma-snowden-manning-and-reality-winner,climax,truncated,"The ethics of whistleblowing forces a choice: obey the law and let wrongdoing continue, or break it and."
Cybersecurity,cybersecurity-law-and-ethics,cybersecurity--cybersecurity-law-and-ethics--t-white-hat-vs-black-hat-the-ethics-of-hacking,buildup,truncated,"White hats hack with permission to find vulnerabilities. Black hats exploit them for profit. Gray hats hack."
Cybersecurity,cybersecurity-law-and-ethics,cybersecurity--cybersecurity-law-and-ethics--t-white-hat-vs-black-hat-the-ethics-of-hacking,discovery,truncated,"The line is legally clear but ethically blurry. A gray hat who finds a critical vulnerability in a hospital system."
Cybersecurity,cybersecurity-law-and-ethics,cybersecurity--cybersecurity-law-and-ethics--t-digital-sovereignty-who-controls-your-country-s-data,buildup,truncated,"Data localization laws require data about a country's citizens to be stored within its borders. Russia, China."
Cybersecurity,cybersecurity-law-and-ethics,cybersecurity--cybersecurity-law-and-ethics--t-digital-sovereignty-who-controls-your-country-s-data,discovery,truncated,"Cloud Act (2018) lets US law enforcement access data stored by US companies anywhere globally, alarming."
Cybersecurity,cybersecurity-law-and-ethics,cybersecurity--cybersecurity-law-and-ethics--t-digital-sovereignty-who-controls-your-country-s-data,twist,truncated,"The EU's Schrems II ruling invalidated EU-US data transfers because US surveillance laws don't meet EU."
Cybersecurity,cybersecurity-law-and-ethics,cybersecurity--cybersecurity-law-and-ethics--t-digital-sovereignty-who-controls-your-country-s-data,climax,truncated,"Digital sovereignty pits national security against global internet freedom. The open internet may fragment."
Cybersecurity,cybersecurity-law-and-ethics,cybersecurity--cybersecurity-law-and-ethics--t-free-speech-vs-cybersecurity-where-s-the-line,hook,truncated,"Should publishing a security vulnerability be protected as free speech – even if criminals could use it to."
Cybersecurity,cybersecurity-law-and-ethics,cybersecurity--cybersecurity-law-and-ethics--t-free-speech-vs-cybersecurity-where-s-the-line,buildup,double_period,"Security research often involves publishing exploit code, attack techniques, and vulnerability details.."
Cybersecurity,cybersecurity-law-and-ethics,cybersecurity--cybersecurity-law-and-ethics--t-free-speech-vs-cybersecurity-where-s-the-line,discovery,truncated,"Courts have generally ruled that code is speech. But some argue that publishing exploit code is more like."
Cybersecurity,cybersecurity-law-and-ethics,cybersecurity--cybersecurity-law-and-ethics--t-hacktivism-hacking-for-a-cause,buildup,truncated,"Hacktivism uses hacking to promote political causes: DDoS attacks on oppressive governments, leaking."
Cybersecurity,cybersecurity-law-and-ethics,cybersecurity--cybersecurity-law-and-ethics--t-net-neutrality-equal-access-to-the-digital-highway,twist,truncated,"The US repealed net neutrality rules in 2017. Portugal showed what could happen: ISPs sold separate packages for."
Cybersecurity,cybersecurity-law-and-ethics,cybersecurity--cybersecurity-law-and-ethics--t-surveillance-capitalism-when-users-are-the-product,buildup,truncated,"Surveillance capitalism, coined by Shoshana Zuboff, describes how tech companies extract behavioral data to predict."
Cybersecurity,cybersecurity-law-and-ethics,cybersecurity--cybersecurity-law-and-ethics--t-surveillance-capitalism-when-users-are-the-product,discovery,truncated,"Your 'behavioral surplus' – data beyond what's needed for services – is sold to advertisers. Your attention is."
Cybersecurity,cybersecurity-law-and-ethics,cybersecurity--cybersecurity-law-and-ethics--t-surveillance-capitalism-when-users-are-the-product,twist,truncated,"Facebook's internal research showed Instagram was harmful to teen girls' mental health. They kept the platform."
Cybersecurity,cybersecurity-law-and-ethics,cybersecurity--cybersecurity-law-and-ethics--t-surveillance-capitalism-when-users-are-the-product,climax,truncated,"The business model of 'free' services depends on maximizing data collection. Privacy and profit are."
Cybersecurity,cybersecurity-law-and-ethics,cybersecurity--cybersecurity-law-and-ethics--t-the-encryption-debate-backdoors-vs-privacy,buildup,truncated,"Law enforcement wants the ability to access encrypted communications. Tech companies say strong encryption requires."
Cybersecurity,cybersecurity-law-and-ethics,cybersecurity--cybersecurity-law-and-ethics--t-the-encryption-debate-backdoors-vs-privacy,climax,truncated,"The encryption debate pits public safety against individual privacy. Both sides have legitimate arguments with no."
Cybersecurity,cybersecurity-law-and-ethics,cybersecurity--cybersecurity-law-and-ethics--t-cyber-insurance-transferring-digital-risk,hook,double_period,"When a company gets hit by ransomware, cyber insurance pays the ransom, the recovery costs, and the lawsuits.."
Cybersecurity,cybersecurity-law-and-ethics,cybersecurity--cybersecurity-law-and-ethics--t-cyber-insurance-transferring-digital-risk,buildup,truncated,"Cyber insurance covers breach response, business interruption, ransom payments, and legal costs. Premiums have."
Cybersecurity,cybersecurity-law-and-ethics,cybersecurity--cybersecurity-law-and-ethics--t-cyber-insurance-transferring-digital-risk,discovery,truncated,"Insurers now require MFA, endpoint detection, and backups before issuing policies. Insurance is driving."
Cybersecurity,cybersecurity-law-and-ethics,cybersecurity--cybersecurity-law-and-ethics--t-cyber-insurance-transferring-digital-risk,twist,double_period,"Mondelez's insurer refused to pay a $100M NotPetya claim, arguing it was an 'act of war' (a policy exclusion).."
Cybersecurity,cybersecurity-law-and-ethics,cybersecurity--cybersecurity-law-and-ethics--t-cyber-insurance-transferring-digital-risk,climax,truncated,"Cyber insurance creates a paradox: does paying ransoms encourage more attacks? Some argue insurance funds."
Cybersecurity,cybersecurity-law-and-ethics,cybersecurity--cybersecurity-law-and-ethics--t-section-230-the-law-that-built-the-internet,hook,truncated,"26 words written in 1996 created the legal foundation for every social media platform, forum, and review site on."
Cybersecurity,cybersecurity-law-and-ethics,cybersecurity--cybersecurity-law-and-ethics--t-section-230-the-law-that-built-the-internet,buildup,truncated,"Section 230 says online platforms aren't liable for content posted by users. Without it, every tweet could trigger."
Cybersecurity,cybersecurity-law-and-ethics,cybersecurity--cybersecurity-law-and-ethics--t-section-230-the-law-that-built-the-internet,discovery,truncated,"Section 230 also protects platforms that moderate content. They can remove posts without becoming legally."
Cybersecurity,cybersecurity-law-and-ethics,cybersecurity--cybersecurity-law-and-ethics--t-section-230-the-law-that-built-the-internet,twist,truncated,"Both political sides want to reform Section 230 – but for opposite reasons. One side says too much content is."
Cybersecurity,cybersecurity-law-and-ethics,cybersecurity--cybersecurity-law-and-ethics--t-section-230-the-law-that-built-the-internet,climax,truncated,"Without Section 230, platforms would either censor everything to avoid lawsuits or allow everything to avoid."
Cybersecurity,cybersecurity-law-and-ethics,cybersecurity--cybersecurity-law-and-ethics--t-the-silk-road-trial-defining-online-criminal-liability,hook,truncated,"Ross Ulbricht built a website. He never touched the drugs, weapons, or stolen data sold on it. He got life in."
Cybersecurity,cybersecurity-law-and-ethics,cybersecurity--cybersecurity-law-and-ethics--t-the-silk-road-trial-defining-online-criminal-liability,buildup,truncated,"Silk Road was the first major dark web marketplace. Ulbricht (Dread Pirate Roberts) was charged with."
Cybersecurity,cybersecurity-law-and-ethics,cybersecurity--cybersecurity-law-and-ethics--t-the-silk-road-trial-defining-online-criminal-liability,discovery,truncated,"The prosecution argued Ulbricht was responsible for all crimes facilitated by the platform, although he didn't."
Cybersecurity,cybersecurity-law-and-ethics,cybersecurity--cybersecurity-law-and-ethics--t-the-yahoo-breach-lawsuits-setting-the-standard-for-negligence,hook,truncated,"Yahoo was breached in 2013 and 2014, exposing all 3 billion user accounts. They didn't disclose it until 2016 –."
Cybersecurity,cybersecurity-law-and-ethics,cybersecurity--cybersecurity-law-and-ethics--t-the-yahoo-breach-lawsuits-setting-the-standard-for-negligence,buildup,truncated,"The breach reduced Yahoo's sale price by $350 million. Lawsuits alleged Yahoo failed to implement basic security."
Cybersecurity,cybersecurity-law-and-ethics,cybersecurity--cybersecurity-law-and-ethics--t-the-yahoo-breach-lawsuits-setting-the-standard-for-negligence,discovery,truncated,"Yahoo settled for $117.5 million – at the time the largest data breach settlement ever. It established standards."
Cybersecurity,cybersecurity-law-and-ethics,cybersecurity--cybersecurity-law-and-ethics--t-the-yahoo-breach-lawsuits-setting-the-standard-for-negligence,twist,truncated,"Yahoo's CISO had requested security upgrades for years. Management rejected them as too expensive. Cost savings."
Cybersecurity,cybersecurity-law-and-ethics,cybersecurity--cybersecurity-law-and-ethics--t-the-yahoo-breach-lawsuits-setting-the-standard-for-negligence,climax,truncated,"The Yahoo case proved that companies face real financial consequences for security negligence – changing."
Cybersecurity,cybersecurity-law-and-ethics,cybersecurity--cybersecurity-law-and-ethics--t-ai-governance-regulating-intelligent-machines,buildup,truncated,"The EU AI Act classifies AI systems by risk level: unacceptable (banned), high-risk (regulated), and minimal."
Cybersecurity,cybersecurity-law-and-ethics,cybersecurity--cybersecurity-law-and-ethics--t-ai-governance-regulating-intelligent-machines,discovery,truncated,"High-risk AI in hiring, lending, and law enforcement must be transparent, auditable, and explainable under the EU."
Cybersecurity,cybersecurity-law-and-ethics,cybersecurity--cybersecurity-law-and-ethics--t-ai-governance-regulating-intelligent-machines,twist,truncated,"Amazon scrapped an AI hiring tool that discriminated against women. It learned bias from 10 years of."
Cybersecurity,cybersecurity-law-and-ethics,cybersecurity--cybersecurity-law-and-ethics--t-autonomous-weapons-the-ethics-of-lethal-ai,hook,grammatical_error,"A drone identifies, targets, and kills a human being without person making the decision. This technology already exists."
Cybersecurity,cybersecurity-law-and-ethics,cybersecurity--cybersecurity-law-and-ethics--t-autonomous-weapons-the-ethics-of-lethal-ai,buildup,truncated,"Lethal autonomous weapons systems (LAWS) can select and engage targets without human intervention. Dozens of."
Cybersecurity,cybersecurity-law-and-ethics,cybersecurity--cybersecurity-law-and-ethics--t-autonomous-weapons-the-ethics-of-lethal-ai,twist,truncated,"In 2021, a UN report suggested a Turkish drone autonomously attacked soldiers in Libya without orders – potentially."
Cybersecurity,cybersecurity-law-and-ethics,cybersecurity--cybersecurity-law-and-ethics--t-cyber-norms-and-the-geneva-convention-rules-of-digital-war,hook,truncated,"The Geneva Convention protects hospitals in war. No equivalent exists for cyber attacks on hospitals – and."
Cybersecurity,cybersecurity-law-and-ethics,cybersecurity--cybersecurity-law-and-ethics--t-quantum-computing-and-crypto-law-preparing-for-q-day,hook,double_period,"When quantum computers break today's encryption, every secret ever sent over the internet becomes readable.."
Cybersecurity,cybersecurity-law-and-ethics,cybersecurity--cybersecurity-law-and-ethics--t-quantum-computing-and-crypto-law-preparing-for-q-day,discovery,truncated,"NIST finalized post-quantum cryptography standards in 2024. Governments are mandating transition timelines for."
Cybersecurity,cybersecurity-law-and-ethics,cybersecurity--cybersecurity-law-and-ethics--t-quantum-computing-and-crypto-law-preparing-for-q-day,twist,truncated,"'Harvest now, decrypt later' means state actors are recording encrypted communications today, banking on."
Cybersecurity,cybersecurity-law-and-ethics,cybersecurity--cybersecurity-law-and-ethics--t-quantum-computing-and-crypto-law-preparing-for-q-day,climax,truncated,"The legal and regulatory framework for quantum-safe cryptography is being built now – before the threat."
Cybersecurity,cybersecurity-law-and-ethics,cybersecurity--cybersecurity-law-and-ethics--t-the-future-of-cyber-norms-building-rules-for-digital-conflict,buildup,truncated,"The UN Group of Governmental Experts has proposed voluntary cyber norms: don't attack hospitals, don't hack."
Cybersecurity,cybersecurity-law-and-ethics,cybersecurity--cybersecurity-law-and-ethics--t-the-future-of-cyber-norms-building-rules-for-digital-conflict,discovery,truncated,"Unlike physical weapons, cyberweapons are invisible, deniable, and easily attributed to others. This makes."
Cybersecurity,cybersecurity-law-and-ethics,cybersecurity--cybersecurity-law-and-ethics--t-the-future-of-cyber-norms-building-rules-for-digital-conflict,twist,truncated,"Russia signed the UN cyber norms agreeing not to attack critical infrastructure. Then allegedly attacked."
Cybersecurity,identity-and-authentication,cybersecurity--identity-and-authentication--t-brute-force-attacks-trying-every-combination,buildup,truncated,"Brute force attacks systematically try every possible combination. Dictionary attacks try common words and."
Cybersecurity,identity-and-authentication,cybersecurity--identity-and-authentication--t-credential-stuffing-one-breach-unlocks-many-doors,hook,truncated,"You used the same email and password on a forum in 2015. That site was breached. Now attackers try it on every."
Cybersecurity,identity-and-authentication,cybersecurity--identity-and-authentication--t-credential-stuffing-one-breach-unlocks-many-doors,buildup,truncated,"Credential stuffing uses breached username-password pairs to log into other services. Billions of credentials."
Cybersecurity,identity-and-authentication,cybersecurity--identity-and-authentication--t-credential-stuffing-one-breach-unlocks-many-doors,twist,truncated,"Disney+ was hit by credential stuffing on its launch day. Thousands of accounts were compromised – not because."
Cybersecurity,identity-and-authentication,cybersecurity--identity-and-authentication--t-password-hashing-how-passwords-are-stored,buildup,truncated,"Hashing converts a password into a fixed-length string. The same input always produces the same hash, but you."
Cybersecurity,identity-and-authentication,cybersecurity--identity-and-authentication--t-password-managers-one-password-to-rule-them-all,climax,truncated,"Password managers are still the best practical option, but they create a single point of failure that must be."
Cybersecurity,identity-and-authentication,cybersecurity--identity-and-authentication--t-why-people-choose-terrible-passwords,twist,truncated,"Password complexity rules (uppercase, symbols, numbers) make passwords harder for humans but barely harder."
Cybersecurity,identity-and-authentication,cybersecurity--identity-and-authentication--t-hardware-security-keys-the-gold-standard,twist,truncated,"After deploying 85,000 YubiKeys, Google reported zero successful phishing attacks on employees – a problem that."
Cybersecurity,identity-and-authentication,cybersecurity--identity-and-authentication--t-mfa-fatigue-bombarding-users-into-approval,buildup,truncated,"MFA fatigue attacks spam push notifications until the victim accidentally or deliberately approves one to stop."
Cybersecurity,identity-and-authentication,cybersecurity--identity-and-authentication--t-sms-codes-convenient-but-vulnerable,twist,truncated,"SIM swapping is easier: an attacker convinces your carrier to transfer your number to their SIM card. Now they get."
Cybersecurity,identity-and-authentication,cybersecurity--identity-and-authentication--t-totp-time-based-one-time-passwords,hook,truncated,"Every 30 seconds, your authenticator app generates a new 6-digit code. How does it know the right number without."
Cybersecurity,identity-and-authentication,cybersecurity--identity-and-authentication--t-two-factor-authentication-something-you-know-something-you-have,climax,truncated,"2FA dramatically raises the cost of an attack. Stealing a password is easy; stealing a password AND a phone is."
Cybersecurity,identity-and-authentication,cybersecurity--identity-and-authentication--t-behavioral-biometrics-how-you-type-reveals-who-you-are,buildup,truncated,"Behavioral biometrics analyze typing patterns, mouse movements, gait, and touchscreen gestures to identify."
Cybersecurity,identity-and-authentication,cybersecurity--identity-and-authentication--t-behavioral-biometrics-how-you-type-reveals-who-you-are,discovery,truncated,"Unlike passwords checked once at login, behavioral biometrics verify identity continuously throughout all session."
Cybersecurity,identity-and-authentication,cybersecurity--identity-and-authentication--t-behavioral-biometrics-how-you-type-reveals-who-you-are,twist,double_period,"During WWII, telegraph operators were identified by their 'fist' – their unique Morse code rhythm.."
Cybersecurity,identity-and-authentication,cybersecurity--identity-and-authentication--t-fingerprint-scanning-unique-but-not-foolproof,buildup,truncated,"Fingerprint scanners compare ridge patterns, minutiae points, and loops against stored templates. No two prints."
Cybersecurity,identity-and-authentication,cybersecurity--identity-and-authentication--t-fingerprint-scanning-unique-but-not-foolproof,twist,truncated,"In 2014, a hacker recreated Germany's defense minister's fingerprint from high-resolution press photos – no."
Cybersecurity,identity-and-authentication,cybersecurity--identity-and-authentication--t-iris-and-retina-scanning-the-most-unique-biometric,hook,truncated,"Your iris has 266 unique characteristics – six times more than a fingerprint. Even identical twins have."
Cybersecurity,identity-and-authentication,cybersecurity--identity-and-authentication--t-iris-and-retina-scanning-the-most-unique-biometric,twist,truncated,"India's Aadhaar system enrolled 1.3 billion people's iris scans. When the database was breached, you can't issue."
Cybersecurity,identity-and-authentication,cybersecurity--identity-and-authentication--t-spoofing-biometrics-fooling-the-sensors,buildup,truncated,"Biometric spoofing uses replicas: silicone fingerprints, 3D-printed masks, high-res iris photos, or recorded."
Cybersecurity,identity-and-authentication,cybersecurity--identity-and-authentication--t-spoofing-biometrics-fooling-the-sensors,twist,truncated,"Researchers fooled Apple's Face ID with a $150 3D-printed mask in 2017. The arms race between spoofers and."
Cybersecurity,identity-and-authentication,cybersecurity--identity-and-authentication--t-active-directory-the-corporate-gatekeeper,buildup,truncated,"AD stores user accounts, group memberships, and access policies. It authenticates employees and controls."
Cybersecurity,identity-and-authentication,cybersecurity--identity-and-authentication--t-active-directory-the-corporate-gatekeeper,twist,truncated,"Compromising AD is the 'holy grail' for attackers. The 2020 SolarWinds attack specifically targeted AD to create."
Cybersecurity,identity-and-authentication,cybersecurity--identity-and-authentication--t-active-directory-the-corporate-gatekeeper,climax,truncated,"Active Directory is the single most critical system in corporate security. Owning AD means owning all organization."
Cybersecurity,identity-and-authentication,cybersecurity--identity-and-authentication--t-identity-federation-trust-across-organizations,discovery,truncated,"SAML assertions carry identity claims between organizations. Company A says 'this is a verified employee' and Company."
Cybersecurity,identity-and-authentication,cybersecurity--identity-and-authentication--t-oauth-delegated-authorization-without-sharing-passwords,buildup,truncated,"OAuth issues tokens that grant specific, limited access. The app gets a token to read your calendar – not your."
Cybersecurity,identity-and-authentication,cybersecurity--identity-and-authentication--t-oauth-delegated-authorization-without-sharing-passwords,climax,truncated,"OAuth is powerful but dangerous when users don't read permission scopes. 'Allow' is the most dangerous button on."
Cybersecurity,identity-and-authentication,cybersecurity--identity-and-authentication--t-privileged-access-management-guarding-the-super-users,buildup,truncated,"Privileged accounts (root, admin, DBA) have elevated permissions. PAM systems vault these credentials and control."
Cybersecurity,identity-and-authentication,cybersecurity--identity-and-authentication--t-single-sign-on-one-login-for-everything,climax,truncated,"SSO concentrates risk into one identity provider. It must be the most heavily defended part of your."
Cybersecurity,identity-and-authentication,cybersecurity--identity-and-authentication--t-golden-ticket-attacks-forging-the-ultimate-credential,hook,truncated,"Imagine forging a credential so powerful it grants unlimited access to every system in a corporate network – for."
Cybersecurity,identity-and-authentication,cybersecurity--identity-and-authentication--t-golden-ticket-attacks-forging-the-ultimate-credential,buildup,truncated,"Kerberos uses a 'ticket granting ticket' (TGT) signed by the domain controller's secret key (KRBTGT) to."
Cybersecurity,identity-and-authentication,cybersecurity--identity-and-authentication--t-golden-ticket-attacks-forging-the-ultimate-credential,discovery,truncated,"If attackers steal the KRBTGT hash, they can forge TGTs (golden tickets) for any user, including non-existent."
Cybersecurity,identity-and-authentication,cybersecurity--identity-and-authentication--t-golden-ticket-attacks-forging-the-ultimate-credential,twist,truncated,"Golden tickets remain valid even after password resets. The only fix is resetting the KRBTGT password twice –."
Cybersecurity,identity-and-authentication,cybersecurity--identity-and-authentication--t-phishing-the-1-identity-attack,hook,truncated,"The email looks exactly like it's from your bank. The login page is pixel-perfect. But the URL."
Cybersecurity,identity-and-authentication,cybersecurity--identity-and-authentication--t-phishing-the-1-identity-attack,buildup,truncated,"Phishing creates convincing replicas of legitimate login pages to capture credentials. It's the #1 method of."
Cybersecurity,identity-and-authentication,cybersecurity--identity-and-authentication--t-phishing-the-1-identity-attack,discovery,truncated,"Spear phishing targets specific individuals with personalized content. Whaling targets executives with."
Cybersecurity,identity-and-authentication,cybersecurity--identity-and-authentication--t-phishing-the-1-identity-attack,climax,truncated,"Phishing exploits human trust, not technical flaws. No firewall can stop an employee from entering their password on."
Cybersecurity,identity-and-authentication,cybersecurity--identity-and-authentication--t-session-hijacking-stealing-your-login-without-a-password,twist,truncated,"Infostealer malware exports all browser cookies in seconds. Attackers import them and are instantly logged into."
Cybersecurity,identity-and-authentication,cybersecurity--identity-and-authentication--t-sim-swapping-stealing-your-phone-number,hook,truncated,"Your phone suddenly loses signal. Someone convinced your carrier to transfer your number. Now they receive all."
Cybersecurity,identity-and-authentication,cybersecurity--identity-and-authentication--t-sim-swapping-stealing-your-phone-number,discovery,truncated,"Once the number is transferred, attackers receive your SMS 2FA codes and can reset passwords on banking and."
Cybersecurity,identity-and-authentication,cybersecurity--identity-and-authentication--t-continuous-authentication-always-verifying-never-done,buildup,truncated,"Continuous authentication monitors behavioral signals throughout a session: typing rhythm, mouse movement."
Cybersecurity,identity-and-authentication,cybersecurity--identity-and-authentication--t-continuous-authentication-always-verifying-never-done,twist,truncated,"Banks already use continuous auth invisibly. If your mouse behavior changes mid-transaction, the system may."
Cybersecurity,identity-and-authentication,cybersecurity--identity-and-authentication--t-decentralized-identity-owning-your-digital-self,hook,truncated,"Today, Google and Facebook own your digital identity. What if you owned it yourself and could prove who you are."
Cybersecurity,identity-and-authentication,cybersecurity--identity-and-authentication--t-decentralized-identity-owning-your-digital-self,twist,truncated,"The EU's eIDAS 2.0 regulation will require all member states to offer digital identity wallets by 2026 –."
Cybersecurity,identity-and-authentication,cybersecurity--identity-and-authentication--t-decentralized-identity-owning-your-digital-self,climax,truncated,"Decentralized identity shifts control from corporations to individuals. You decide what to share, with whom, and."
Cybersecurity,identity-and-authentication,cybersecurity--identity-and-authentication--t-passkeys-the-end-of-passwords,hook,truncated,"Apple, Google, and Microsoft are replacing passwords with passkeys. No more typing, no more forgetting, no."
Cybersecurity,identity-and-authentication,cybersecurity--identity-and-authentication--t-passkeys-the-end-of-passwords,buildup,truncated,"Passkeys use public-key cryptography. Your device holds a private key; the website holds the public key. No."
Cybersecurity,identity-and-authentication,cybersecurity--identity-and-authentication--t-the-death-of-the-password-when-will-it-happen,hook,truncated,"Bill Gates predicted the death of passwords in 2004. Two decades later, they're still the most common."
Cybersecurity,identity-and-authentication,cybersecurity--identity-and-authentication--t-the-death-of-the-password-when-will-it-happen,buildup,truncated,"FIDO2, passkeys, biometrics, and behavioral analytics all aim to replace passwords. Each has strengths and."
Cybersecurity,identity-and-authentication,cybersecurity--identity-and-authentication--t-the-death-of-the-password-when-will-it-happen,discovery,truncated,"Legacy systems, user habits, and the simplicity of passwords create massive inertia. Change requires all ecosystem."
Cybersecurity,identity-and-authentication,cybersecurity--identity-and-authentication--t-the-death-of-the-password-when-will-it-happen,twist,truncated,"Even passwordless systems often have password fallbacks 'just in case.' The password becomes the weakest link in."
Cybersecurity,identity-and-authentication,cybersecurity--identity-and-authentication--t-the-death-of-the-password-when-will-it-happen,climax,truncated,"Passwords won't die suddenly. They'll fade slowly as passkeys and biometrics gradually become the default –."
Cybersecurity,identity-and-authentication,cybersecurity--identity-and-authentication--t-zero-knowledge-proofs-proving-without-revealing,twist,truncated,"ZKPs are already used in cryptocurrency (Zcash) for private transactions. Now they're being applied to."
Cybersecurity,network-security-fundamentals,cybersecurity--network-security-fundamentals--t-dns-the-internet-s-phone-book,buildup,truncated,"DNS translates human-readable domain names into IP addresses. Without it, you'd need to memorize numbers for."
Cybersecurity,network-security-fundamentals,cybersecurity--network-security-fundamentals--t-nat-the-invisible-shield-in-your-router,buildup,truncated,"Network Address Translation (NAT) lets multiple devices share one public IP. It maps internal addresses to."
Cybersecurity,network-security-fundamentals,cybersecurity--network-security-fundamentals--t-tcp-ip-the-language-of-the-internet,buildup,truncated,"TCP/IP was created for ARPANET. It breaks data into packets, routes them independently, and reassembles them at."
Cybersecurity,network-security-fundamentals,cybersecurity--network-security-fundamentals--t-tcp-ip-the-language-of-the-internet,climax,truncated,"Every security protocol we layer on top (TLS, IPsec, DNSSEC) is patching the trust that TCP/IP assumed but."
Cybersecurity,network-security-fundamentals,cybersecurity--network-security-fundamentals--t-the-osi-model-seven-layers-of-communication,buildup,truncated,"The OSI model divides networking into seven layers: physical, data link, network, transport, session."
Cybersecurity,network-security-fundamentals,cybersecurity--network-security-fundamentals--t-dmz-the-buffer-zone-between-trust-and-danger,buildup,truncated,"A DMZ (demilitarized zone) places public-facing servers in a separate network segment between the internet and."
Cybersecurity,network-security-fundamentals,cybersecurity--network-security-fundamentals--t-dmz-the-buffer-zone-between-trust-and-danger,discovery,truncated,"If the web server in the DMZ is compromised, the attacker still faces a second firewall before reaching."
Cybersecurity,network-security-fundamentals,cybersecurity--network-security-fundamentals--t-intrusion-prevention-systems-blocking-attacks-in-real-time,discovery,truncated,"When an IPS detects an attack, it doesn't just alert – it automatically blocks the malicious traffic before it."
Cybersecurity,network-security-fundamentals,cybersecurity--network-security-fundamentals--t-intrusion-prevention-systems-blocking-attacks-in-real-time,twist,truncated,"False positives are the enemy: block legitimate traffic and you disrupt business. Too many false alarms and."
Cybersecurity,network-security-fundamentals,cybersecurity--network-security-fundamentals--t-tls-ssl-the-lock-icon-in-your-browser,buildup,truncated,"TLS (Transport Layer Security) encrypts data between your browser and a server. It replaced the older, broken."
Cybersecurity,network-security-fundamentals,cybersecurity--network-security-fundamentals--t-tls-ssl-the-lock-icon-in-your-browser,discovery,truncated,"TLS uses certificates issued by trusted authorities to verify the server's identity and establish."
Cybersecurity,network-security-fundamentals,cybersecurity--network-security-fundamentals--t-vpn-tunnels-encrypted-passages-through-the-internet,twist,truncated,"VPNs create a trusted tunnel, but if the endpoint is compromised, the tunnel becomes a highway for attackers into."
Cybersecurity,network-security-fundamentals,cybersecurity--network-security-fundamentals--t-what-is-a-firewall-the-first-line-of-defense,twist,truncated,"Next-generation firewalls (NGFWs) can inspect encrypted traffic, identify applications, and block malware – far."
Cybersecurity,network-security-fundamentals,cybersecurity--network-security-fundamentals--t-bluetooth-attacks-hacking-through-your-headphones,twist,truncated,"Bluetooth range is supposed to be 30 feet, but with directional antennas, attackers can reach Bluetooth devices."
Cybersecurity,network-security-fundamentals,cybersecurity--network-security-fundamentals--t-evil-twin-attacks-the-fake-wi-fi-trap,discovery,truncated,"All traffic through the evil twin is visible to the attacker. They can intercept passwords, inject malware, or."
Cybersecurity,network-security-fundamentals,cybersecurity--network-security-fundamentals--t-evil-twin-attacks-the-fake-wi-fi-trap,twist,truncated,"Your phone automatically reconnects to networks it has joined before. An attacker just needs to broadcast a common."
Cybersecurity,network-security-fundamentals,cybersecurity--network-security-fundamentals--t-wep-to-wpa3-the-evolution-of-wi-fi-security,twist,truncated,"Despite WPA3's availability, millions of devices still use WPA2 or even WEP. Legacy hardware holds back."
Cybersecurity,network-security-fundamentals,cybersecurity--network-security-fundamentals--t-arp-spoofing-lying-about-who-you-are-on-a-network,buildup,truncated,"ARP maps IP addresses to physical MAC addresses. ARP spoofing sends fake ARP replies, redirecting traffic to."
Cybersecurity,network-security-fundamentals,cybersecurity--network-security-fundamentals--t-bgp-hijacking-rerouting-the-internet-itself,buildup,truncated,"BGP is the protocol that routes traffic between internet providers. It works on trust – any provider can announce."
Cybersecurity,network-security-fundamentals,cybersecurity--network-security-fundamentals--t-bgp-hijacking-rerouting-the-internet-itself,climax,truncated,"BGP has no built-in verification. The internet's core routing protocol runs on trust between providers – and trust."
Cybersecurity,network-security-fundamentals,cybersecurity--network-security-fundamentals--t-packet-sniffing-eavesdropping-on-network-traffic,twist,truncated,"Wireshark is a legitimate diagnostic tool used by network admins daily. The same tool is used by attackers on."
Cybersecurity,network-security-fundamentals,cybersecurity--network-security-fundamentals--t-honeypots-traps-for-hackers,buildup,truncated,"Honeypots mimic vulnerable systems to attract attackers. Every interaction is logged, providing intelligence on."
Cybersecurity,network-security-fundamentals,cybersecurity--network-security-fundamentals--t-network-forensics-reconstructing-the-crime-scene,discovery,truncated,"Full packet capture records everything. Metadata capture records connection details. Both help reconstruct."
Cybersecurity,network-security-fundamentals,cybersecurity--network-security-fundamentals--t-network-segmentation-containing-the-blast-radius,twist,truncated,"Target's 2013 breach reached payment systems through an HVAC vendor's network connection. No segmentation between."
Cybersecurity,network-security-fundamentals,cybersecurity--network-security-fundamentals--t-siem-the-security-nerve-center,buildup,truncated,"Security Information and Event Management (SIEM) collects logs from every device, correlates events, and."
Cybersecurity,network-security-fundamentals,cybersecurity--network-security-fundamentals--t-siem-the-security-nerve-center,twist,truncated,"SIEMs generate so many alerts that 'alert fatigue' sets in. Analysts ignore real threats buried in thousands of."
Cybersecurity,network-security-fundamentals,cybersecurity--network-security-fundamentals--t-siem-the-security-nerve-center,climax,truncated,"A SIEM is only as good as its rules and the analysts interpreting its output. Technology without expertise is."
Cybersecurity,network-security-fundamentals,cybersecurity--network-security-fundamentals--t-threat-intelligence-knowing-your-enemy,discovery,truncated,"Indicators of Compromise (IOCs) – malicious IPs, domains, file hashes – help organizations detect known."
Cybersecurity,network-security-fundamentals,cybersecurity--network-security-fundamentals--t-threat-intelligence-knowing-your-enemy,twist,truncated,"The most valuable threat intel isn't technical – it's understanding attacker motivation. A ransomware gang and."
Cybersecurity,network-security-fundamentals,cybersecurity--network-security-fundamentals--t-cloud-security-when-your-network-is-everywhere,discovery,truncated,"The 'shared responsibility model' means cloud providers protect the physical servers. You protect everything you put."
Cybersecurity,network-security-fundamentals,cybersecurity--network-security-fundamentals--t-cloud-security-when-your-network-is-everywhere,twist,truncated,"Most cloud breaches aren't caused by provider failures. They're caused by customers misconfiguring their own S3."
Cybersecurity,network-security-fundamentals,cybersecurity--network-security-fundamentals--t-cloud-security-when-your-network-is-everywhere,climax,truncated,"The cloud is more secure than most companies' on-premise setups. The risk is misconfiguration by users, not."
Cybersecurity,network-security-fundamentals,cybersecurity--network-security-fundamentals--t-defense-in-depth-no-single-point-of-failure,climax,truncated,"Defense in depth accepts that any single control will fail. Security comes from the combination, not any."
Cybersecurity,network-security-fundamentals,cybersecurity--network-security-fundamentals--t-iot-security-billions-of-devices-minimal-protection,buildup,truncated,"The Internet of Things adds billions of devices to networks: cameras, sensors, medical devices, and."
Cybersecurity,network-security-fundamentals,cybersecurity--network-security-fundamentals--t-iot-security-billions-of-devices-minimal-protection,twist,truncated,"A casino was hacked through a smart fish tank thermometer connected to the network. Attackers pivoted from the tank."
Cybersecurity,network-security-fundamentals,cybersecurity--network-security-fundamentals--t-microsegmentation-zero-trust-at-the-network-level,hook,truncated,"Traditional segmentation divides networks into zones. Microsegmentation goes further – isolating every."
Cybersecurity,network-security-fundamentals,cybersecurity--network-security-fundamentals--t-sd-wan-and-sase-the-network-of-the-future,discovery,truncated,"Instead of backhauling traffic to headquarters for security inspection, SASE applies security at the edge –."
Cybersecurity,network-security-fundamentals,cybersecurity--network-security-fundamentals--t-zero-trust-architecture-never-trust-always-verify,twist,truncated,"Google pioneered Zero Trust with BeyondCorp after being hacked by China in Operation Aurora. They rebuilt their."
Cybersecurity,privacy-in-the-digital-age,cybersecurity--privacy-in-the-digital-age--t-data-brokers-the-companies-that-know-everything-about-you,discovery,truncated,"They know your income, health conditions, political views, shopping habits, and relationship status – without."
Cybersecurity,privacy-in-the-digital-age,cybersecurity--privacy-in-the-digital-age--t-browser-fingerprinting-tracked-without-cookies,climax,truncated,"Browser fingerprinting is almost impossible to block fully. Fighting it means making your browser look like."
Cybersecurity,privacy-in-the-digital-age,cybersecurity--privacy-in-the-digital-age--t-cookies-and-trackers-the-invisible-followers,twist,truncated,"Even after deleting cookies, fingerprinting techniques can identify you by your browser settings, fonts, and."
Cybersecurity,privacy-in-the-digital-age,cybersecurity--privacy-in-the-digital-age--t-facial-recognition-the-end-of-walking-anonymously,buildup,truncated,"Clearview AI scraped Facebook, Instagram, and LinkedIn photos without consent to build the world's largest."
Cybersecurity,privacy-in-the-digital-age,cybersecurity--privacy-in-the-digital-age--t-metadata-surveillance-hidden-traces-in-every-click,hook,truncated,"The government can't read your emails (legally). But they can collect who you emailed, when, and from where –."
Cybersecurity,privacy-in-the-digital-age,cybersecurity--privacy-in-the-digital-age--t-facebook-and-cambridge-analytica-data-that-swayed-elections,buildup,truncated,"Cambridge Analytica obtained Facebook user data through a quiz app. The app collected data from users and all."
Cybersecurity,privacy-in-the-digital-age,cybersecurity--privacy-in-the-digital-age--t-google-s-data-empire-what-google-knows-about-you,twist,truncated,"An AP investigation found Google tracked location even when users turned off Location History – a setting name."
Cybersecurity,privacy-in-the-digital-age,cybersecurity--privacy-in-the-digital-age--t-smart-speakers-always-listening-sometimes-recording,discovery,truncated,"Contractors at Amazon, Apple, and Google listened to recordings to improve AI – including intimate and."
Cybersecurity,privacy-in-the-digital-age,cybersecurity--privacy-in-the-digital-age--t-surveillance-capitalism-you-are-the-product,discovery,truncated,"Your data trains models that predict what you'll buy, vote for, watch, and believe. Advertisers pay for."
Cybersecurity,privacy-in-the-digital-age,cybersecurity--privacy-in-the-digital-age--t-surveillance-capitalism-you-are-the-product,twist,truncated,"The system doesn't just predict behavior – it nudges it. Recommendation algorithms shape what you think you."
Cybersecurity,privacy-in-the-digital-age,cybersecurity--privacy-in-the-digital-age--t-china-s-social-credit-system-scoring-citizens,buildup,truncated,"China's social credit system tracks citizen behavior through government records, financial data, and."
Cybersecurity,privacy-in-the-digital-age,cybersecurity--privacy-in-the-digital-age--t-gdpr-europe-s-privacy-revolution,discovery,truncated,"Companies must get explicit consent for data collection, report breaches within 72 hours, and appoint data."
Cybersecurity,privacy-in-the-digital-age,cybersecurity--privacy-in-the-digital-age--t-massive-data-breaches-lessons-from-billions-of-leaked-records,hook,truncated,"Yahoo: 3 billion accounts. Equifax: 147 million. Marriott: 500 million. Your data has been breached – you just may."
Cybersecurity,privacy-in-the-digital-age,cybersecurity--privacy-in-the-digital-age--t-massive-data-breaches-lessons-from-billions-of-leaked-records,buildup,truncated,"Data breaches expose personal info: names, emails, SSNs, passwords, and financial records. Most victims are."
Cybersecurity,privacy-in-the-digital-age,cybersecurity--privacy-in-the-digital-age--t-massive-data-breaches-lessons-from-billions-of-leaked-records,twist,truncated,"Equifax's breach exposed SSNs of 147 million Americans. The settlement? About $1.38 per person. Your."
Cybersecurity,privacy-in-the-digital-age,cybersecurity--privacy-in-the-digital-age--t-the-right-to-be-forgotten-erasing-your-past-online,twist,truncated,"The right clashes with press freedom. Should a politician erase articles about past corruption because."
Cybersecurity,privacy-in-the-digital-age,cybersecurity--privacy-in-the-digital-age--t-privacy-vs-security-the-eternal-debate,hook,truncated,"Governments say: 'If you have nothing to hide, you have nothing to fear.' Privacy advocates say that's exactly."
Cybersecurity,privacy-in-the-digital-age,cybersecurity--privacy-in-the-digital-age--t-privacy-vs-security-the-eternal-debate,twist,truncated,"Mass surveillance programs have rarely prevented attacks. The Boston bombers and 9/11 hijackers were already."
Cybersecurity,privacy-in-the-digital-age,cybersecurity--privacy-in-the-digital-age--t-tor-and-the-onion-network-real-anonymity-online,climax,truncated,"Tor is the strongest privacy tool available – used by both activists fighting oppression and criminals hiding from."
Cybersecurity,privacy-in-the-digital-age,cybersecurity--privacy-in-the-digital-age--t-vpns-privacy-shield-or-false-promise,hook,truncated,"VPN ads promise total anonymity. In reality, you're shifting trust from your ISP to the VPN company – which may."
Cybersecurity,privacy-in-the-digital-age,cybersecurity--privacy-in-the-digital-age--t-vpns-privacy-shield-or-false-promise,twist,truncated,"Seven 'no-log' VPN providers based in Hong Kong leaked 1.2TB of user data in 2020 – including browsing history."
Cybersecurity,social-engineering-the-human-hack,cybersecurity--social-engineering-the-human-hack--t-watering-hole-attacks-poisoning-trusted-sites,buildup,truncated,"Watering hole attacks compromise websites frequented by the target group – like a predator poisoning a shared."
Cybersecurity,social-engineering-the-human-hack,cybersecurity--social-engineering-the-human-hack--t-watering-hole-attacks-poisoning-trusted-sites,twist,truncated,"In 2013, Apple and Facebook employees were infected through a compromised iOS developer forum – an industry."
Cybersecurity,social-engineering-the-human-hack,cybersecurity--social-engineering-the-human-hack--t-watering-hole-attacks-poisoning-trusted-sites,climax,truncated,"Watering holes exploit trust in familiar websites. You don't need to trick someone into clicking a link they."
Cybersecurity,the-dark-web-and-cybercrime,cybersecurity--the-dark-web-and-cybercrime--t-cryptocurrency-and-crime-bitcoin-s-double-edged-sword,twist,truncated,"Criminals now prefer privacy coins like Monero, which obscure sender, receiver, and amount. Bitcoin is too."
Cybersecurity,the-dark-web-and-cybercrime,cybersecurity--the-dark-web-and-cybercrime--t-dark-web-forums-the-underground-community,hook,truncated,"Hidden forums on the dark web function like Reddit for criminals – complete with tutorials, reviews, and."
Cybersecurity,the-dark-web-and-cybercrime,cybersecurity--the-dark-web-and-cybercrime--t-dark-web-forums-the-underground-community,discovery,truncated,"Reputation systems and escrow services reduce scams between criminals. Trust infrastructure mirrors."
Cybersecurity,the-dark-web-and-cybercrime,cybersecurity--the-dark-web-and-cybercrime--t-dark-web-forums-the-underground-community,twist,truncated,"Many forum members are undercover law enforcement. The FBI once ran an entire dark web forum for months to."
Cybersecurity,the-dark-web-and-cybercrime,cybersecurity--the-dark-web-and-cybercrime--t-dark-web-forums-the-underground-community,climax,truncated,"Dark web forums are universities of cybercrime. Newcomers learn techniques and build networks that fuel."
Cybersecurity,the-dark-web-and-cybercrime,cybersecurity--the-dark-web-and-cybercrime--t-how-tor-creates-the-dark-web,buildup,truncated,"Tor hidden services host websites that exist only within the Tor network. Neither the server nor visitor knows."
Cybersecurity,the-dark-web-and-cybercrime,cybersecurity--the-dark-web-and-cybercrime--t-how-tor-creates-the-dark-web,twist,truncated,"Many dark web sites go offline without warning. Addresses change constantly. Even finding a site requires."
Cybersecurity,the-dark-web-and-cybercrime,cybersecurity--the-dark-web-and-cybercrime--t-i2p-and-freenet-alternatives-to-tor,buildup,truncated,"I2P uses 'garlic routing' – bundling multiple encrypted messages together. Freenet stores content across."
Cybersecurity,the-dark-web-and-cybercrime,cybersecurity--the-dark-web-and-cybercrime--t-i2p-and-freenet-alternatives-to-tor,twist,truncated,"While Tor gets the headlines, I2P hosts some of the most secretive criminal communities because less attention."
Cybersecurity,the-dark-web-and-cybercrime,cybersecurity--the-dark-web-and-cybercrime--t-surface-deep-and-dark-the-three-layers-of-the-internet,buildup,truncated,"The surface web is what Google finds. The deep web is unindexed content like databases and intranets. The dark."
Cybersecurity,the-dark-web-and-cybercrime,cybersecurity--the-dark-web-and-cybercrime--t-alphabay-and-hansa-the-double-takedown,discovery,truncated,"Police operated Hansa undercover, collecting user data, addresses, and cryptocurrency details from fleeing."
Cybersecurity,the-dark-web-and-cybercrime,cybersecurity--the-dark-web-and-cybercrime--t-exploit-brokers-zero-days-for-sale,buildup,truncated,"Exploit brokers buy vulnerabilities from researchers and sell them to governments, intelligence agencies, and."
Cybersecurity,the-dark-web-and-cybercrime,cybersecurity--the-dark-web-and-cybercrime--t-exploit-brokers-zero-days-for-sale,twist,truncated,"Researchers face a moral choice: report to the vendor (free), sell through bug bounties ($thousands), or sell."
Cybersecurity,the-dark-web-and-cybercrime,cybersecurity--the-dark-web-and-cybercrime--t-silk-road-the-amazon-of-illegal-drugs,twist,truncated,"The FBI caught Ulbricht in a San Francisco library. An agent distracted him while another grabbed his open."
Cybersecurity,the-dark-web-and-cybercrime,cybersecurity--the-dark-web-and-cybercrime--t-stolen-data-markets-your-information-for-sale,discovery,truncated,"Pricing follows supply and demand: bank logins cost $50-200, hacked Netflix accounts go for $3, and corporate."
Cybersecurity,the-dark-web-and-cybercrime,cybersecurity--the-dark-web-and-cybercrime--t-weapons-and-counterfeit-goods-beyond-drugs,discovery,truncated,"Counterfeit document vendors use real templates and high-quality printing. Some forged passports have passed."
Cybersecurity,the-dark-web-and-cybercrime,cybersecurity--the-dark-web-and-cybercrime--t-ransomware-as-a-service-crime-made-easy,buildup,double_period,"Ransomware-as-a-Service (RaaS) groups provide the malware, infrastructure, and even negotiation services.."
Cybersecurity,the-dark-web-and-cybercrime,cybersecurity--the-dark-web-and-cybercrime--t-ransomware-as-a-service-crime-made-easy,twist,truncated,"Some RaaS groups have helpdesks that walk victims through buying Bitcoin to pay the ransom. Customer service."
Cybersecurity,the-dark-web-and-cybercrime,cybersecurity--the-dark-web-and-cybercrime--t-the-ransomware-kill-chain-20-billion-in-damage,buildup,truncated,"The ransomware supply chain: initial access brokers sell entry, RaaS provides the payload, affiliates deploy."
Cybersecurity,the-dark-web-and-cybercrime,cybersecurity--the-dark-web-and-cybercrime--t-the-ransomware-kill-chain-20-billion-in-damage,twist,truncated,"Some ransomware groups donate to charity and offer discounts to hospitals. They manage their reputation like."
Cybersecurity,the-dark-web-and-cybercrime,cybersecurity--the-dark-web-and-cybercrime--t-business-email-compromise-the-billion-dollar-scam,buildup,truncated,"Business Email Compromise (BEC) impersonates executives to trick employees into sending money to."
Cybersecurity,the-dark-web-and-cybercrime,cybersecurity--the-dark-web-and-cybercrime--t-business-email-compromise-the-billion-dollar-scam,twist,truncated,"Some BEC attackers monitor email for months, learning communication styles and timing. The fake email is."
Cybersecurity,the-dark-web-and-cybercrime,cybersecurity--the-dark-web-and-cybercrime--t-credential-stuffing-profiting-from-stolen-logins,hook,truncated,"Billions of stolen username-password pairs are sold on the dark web. Automated tools test them against every."
Cybersecurity,the-dark-web-and-cybercrime,cybersecurity--the-dark-web-and-cybercrime--t-credential-stuffing-profiting-from-stolen-logins,discovery,truncated,"Even a 0.1% success rate is profitable when testing billions of credentials. Thousands of valid accounts are."
Cybersecurity,the-dark-web-and-cybercrime,cybersecurity--the-dark-web-and-cybercrime--t-credential-stuffing-profiting-from-stolen-logins,twist,truncated,"Disney+ was hit on launch day. Accounts appeared for sale within hours – not from a Disney hack, but from."
Cybersecurity,the-dark-web-and-cybercrime,cybersecurity--the-dark-web-and-cybercrime--t-identity-theft-when-someone-becomes-you,twist,truncated,"Children are prime targets – their clean credit histories are valuable and parents rarely check their child's."
Cybersecurity,the-dark-web-and-cybercrime,cybersecurity--the-dark-web-and-cybercrime--t-romance-scams-crime-disguised-as-love,twist,truncated,"Many operations are run by organized crime from West Africa and Southeast Asia, using scripted conversations and."
Cybersecurity,the-dark-web-and-cybercrime,cybersecurity--the-dark-web-and-cybercrime--t-blockchain-forensics-following-the-money,discovery,truncated,"Every Bitcoin transaction is permanently recorded. Given enough data and time, analysts can trace funds through."
Cybersecurity,the-dark-web-and-cybercrime,cybersecurity--the-dark-web-and-cybercrime--t-blockchain-forensics-following-the-money,twist,truncated,"The FBI recovered $2.3M from Colonial Pipeline's ransom and seized $3.6B in stolen Bitcoin – the largest."
Cybersecurity,the-dark-web-and-cybercrime,cybersecurity--the-dark-web-and-cybercrime--t-operation-onymous-the-dark-web-s-worst-day,twist,truncated,"How they found the hidden servers was never fully explained. The secrecy left dark web users paranoid – which was."
Cybersecurity,the-dark-web-and-cybercrime,cybersecurity--the-dark-web-and-cybercrime--t-takedowns-and-whack-a-mole-can-you-kill-the-dark-web,buildup,truncated,"Since Silk Road's closure in 2013, dozens of successor markets have appeared. Each takedown is followed by."
Cybersecurity,the-dark-web-and-cybercrime,cybersecurity--the-dark-web-and-cybercrime--t-ai-powered-cybercrime-the-next-generation-of-threats,hook,truncated,"AI writes phishing emails with no grammar mistakes, generates deepfake voices for scam calls, and finds."
Cybersecurity,the-dark-web-and-cybercrime,cybersecurity--the-dark-web-and-cybercrime--t-ai-powered-cybercrime-the-next-generation-of-threats,discovery,truncated,"WormGPT and FraudGPT are dark web AI tools – large language models without safety guardrails, built specifically."
Cybersecurity,the-dark-web-and-cybercrime,cybersecurity--the-dark-web-and-cybercrime--t-ai-powered-cybercrime-the-next-generation-of-threats,twist,truncated,"AI democratizes cybercrime. A script kiddie with AI tools can now launch attacks that previously required."
Cybersecurity,the-dark-web-and-cybercrime,cybersecurity--the-dark-web-and-cybercrime--t-ai-powered-cybercrime-the-next-generation-of-threats,climax,truncated,"The AI arms race in cybersecurity means both attackers and defenders are using the same technology. Speed."
Cybersecurity,the-dark-web-and-cybercrime,cybersecurity--the-dark-web-and-cybercrime--t-cybercrime-as-a-service-the-full-menu,discovery,truncated,"The CaaS ecosystem includes initial access brokers, malware developers, bulletproof hosting, and money mules – all."
Cybersecurity,the-history-of-hacking,cybersecurity--the-history-of-hacking--t-ransomware-revolution-crime-goes-digital,buildup,truncated,"Ransomware encrypts victims' files and demands payment. It evolved from simple nuisance to billion-dollar."
Cybersecurity,the-history-of-hacking,cybersecurity--the-history-of-hacking--t-ransomware-revolution-crime-goes-digital,twist,truncated,"Colonial Pipeline paid $4.4M in Bitcoin. The FBI recovered most of it by tracing the wallet – crypto isn't as."
"Data","misleading-data-and-statistical-traps","data--misleading-data-and-statistical-traps--t-numeracy-the-skill-that-makes-data-literacy-possible","twist","truncated","Innumeracy isn't embarrassing to most people."
"Data","open-data-and-transparency","data--open-data-and-transparency--t-civic-tech-building-tools-on-open-data","hook","truncated","A group of volunteers built FixMyStreet."
"Data","open-data-and-transparency","data--open-data-and-transparency--t-covid-data-dashboards-real-time-transparency","twist","truncated","Countries that hid or delayed data — like early Wuhan or certain US states."
"Data","open-data-and-transparency","data--open-data-and-transparency--t-the-panama-papers-open-data-meets-investigative-journalism","twist","truncated","The data was leaked, not open. Ironically, it strengthened arguments for making corporate ownership data open by."
"Data","open-data-and-transparency","data--open-data-and-transparency--t-weaponizing-open-data-when-transparency-backfires","hook","truncated","Open campaign finance data was intended to fight corruption."
"Data","statistics-that-changed-the-world","data--statistics-that-changed-the-world--t-the-p-value-a-number-that-rules-science","buildup","truncated","Ronald Fisher introduced the p-value in the 1920s."
"Data","the-evolution-of-databases","data--the-evolution-of-databases--t-herman-hollerith-and-the-punch-card-revolution","climax","truncated","Punch cards were the first machine-readable data storage."
"Data","the-evolution-of-databases","data--the-evolution-of-databases--t-stored-procedures-code-inside-the-database","punchline","truncated","Powerful but dangerous. Stored procedures are the double-edged sword of."
"Data","the-evolution-of-databases","data--the-evolution-of-databases--t-data-warehouses-analytics-at-scale","hook","truncated","A company's transactional database can process orders."
"Data","the-evolution-of-databases","data--the-evolution-of-databases--t-replication-copies-for-safety-and-speed","climax","truncated","Replication is essential for both reliability and performance."
"Data","the-evolution-of-databases","data--the-evolution-of-databases--t-newsql-the-best-of-both-worlds","discovery","truncated","Google Spanner uses atomic clocks and GPS to synchronize transactions across global data centers with microsecond."
"Data","the-evolution-of-databases","data--the-evolution-of-databases--t-vector-databases-powering-ai-search","climax","truncated","Vector databases are the memory layer of AI."
"Data","the-future-of-data","data--the-future-of-data--t-federated-learning-ai-without-sharing-data","discovery","truncated","Google uses federated learning for keyboard predictions."
"Data","the-future-of-data","data--the-future-of-data--t-synthetic-data-when-real-data-isn-t-enough","twist","truncated","If synthetic data doesn't accurately represent reality, AI models trained on it will fail spectacularly in the real."
"Data","the-future-of-data","data--the-future-of-data--t-data-sovereignty-who-controls-cross-border-data","buildup","truncated","Data sovereignty laws require that data about a country's citizens be stored and processed within that country's."
"Data","the-future-of-data","data--the-future-of-data--t-post-gdpr-the-global-privacy-revolution","twist","truncated","Compliance costs are enormous. Small companies spend proportionally more than tech giants, creating competitive."
"Data","the-future-of-data","data--the-future-of-data--t-post-gdpr-the-global-privacy-revolution","climax","truncated","Privacy regulation isn't slowing down. The question is whether it will converge into a global standard or remain."
"Data","the-future-of-data","data--the-future-of-data--t-digital-afterlife-what-happens-to-your-data-when-you-die","twist","truncated","In some countries, families cannot access a deceased person's digital accounts, even with a will, due to terms of."
"Data","the-future-of-data","data--the-future-of-data--t-data-commons-shared-resources-for-shared-good","climax","truncated","Well-governed data commons could democratize AI, research, and innovation by giving everyone access to high-quality."
"Data","the-future-of-data","data--the-future-of-data--t-the-singularity-of-data-when-machines-know-everything","twist","truncated","But knowledge isn't understanding. AI can memorize every medical paper without truly understanding what it means to be."
"Data","the-future-of-data","data--the-future-of-data--t-neuromorphic-computing-chips-that-think-like-brains","climax","truncated","If neuromorphic computing succeeds, AI could run on devices as small as hearing aids instead of warehouse-sized data."
"Data","the-future-of-data","data--the-future-of-data--t-data-dignity-paying-people-for-their-data","climax","truncated","The value of data is collective, not individual."
"Data","the-future-of-data","data--the-future-of-data--t-data-ethics-building-a-future-we-can-trust","hook","truncated","Every technology choice is also an ethical choice."
"Data","the-future-of-data","data--the-future-of-data--t-data-ethics-building-a-future-we-can-trust","punchline","missing_closing_quote","Technology asks 'can we?' Ethics asks 'should we?"
"Data","the-future-of-data","data--the-future-of-data--t-the-right-to-explanation-understanding-automated-decisions","twist","truncated","Explaining complex AI decisions is technically challenging."
"Data","the-future-of-data","data--the-future-of-data--t-data-and-climate-the-environmental-cost-of-information","hook","truncated","Data centers now consume more electricity than many countries."
"Data","the-future-of-data","data--the-future-of-data--t-data-graphs-building-the-world-s-knowledge-map","climax","truncated","Knowledge graphs are becoming AI's structured memory."
"Decision Making","decision-making-under-pressure","decision-making--decision-making-under-pressure--t-fog-of-war","twist","truncated","Technology was supposed to clear the fog. In Iraq, satellite imagery created information overload that was just as."
"Decision Making","decision-making-under-pressure","decision-making--decision-making-under-pressure--t-mission-command","twist","truncated","It requires extreme trust and shared understanding. If soldiers do not understand the mission's purpose."
"Decision Making","decision-making-under-pressure","decision-making--decision-making-under-pressure--t-recognition-primed-decision-making","climax","truncated","Experts do not analyze under pressure. They recognize. The quality of your decisions depends on the depth of your."
"Decision Making","decision-making-under-pressure","decision-making--decision-making-under-pressure--t-bp-s-gulf-oil-spill","punchline","truncated","Cut corners, save money, lose everything. Safety decisions deferred become."
"Decision Making","decision-making-under-pressure","decision-making--decision-making-under-pressure--t-sully-lands-on-the-hudson","climax","truncated","Sully trusted his experience over protocol. Under extreme pressure."
"Decision Making","decision-making-under-pressure","decision-making--decision-making-under-pressure--t-chess-clock-pressure","punchline","truncated","Five minutes, sixty moves. Blitz chess reveals intuition that deep thought."
"Decision Making","decision-making-under-pressure","decision-making--decision-making-under-pressure--t-clutch-performance","discovery","truncated","Clutch performers share traits: high confidence, intense focus."
"Decision Making","decision-making-under-pressure","decision-making--decision-making-under-pressure--t-clutch-performance","climax","truncated","Clutch performance is not about eliminating pressure. It is about interpreting the same sensation as fuel instead of."
"Decision Making","decision-making-under-pressure","decision-making--decision-making-under-pressure--t-covid-ventilator-decisions","twist","truncated","Individual doctors were shielded from the decision. Ethics committees made allocation rules in advance to prevent."
"Decision Making","decision-making-under-pressure","decision-making--decision-making-under-pressure--t-embracing-imperfect-decisions","twist","truncated","Amazon's culture glorifies fast, reversible decisions. If it fails."
"Decision Making","decision-making-under-pressure","decision-making--decision-making-under-pressure--t-if-then-planning","buildup","truncated","Psychologist Peter Gollwitzer showed that if-then plans double or triple follow-through on goals compared to vague."
"Decision Making","decision-traps-and-pitfalls","decision-making--decision-traps-and-pitfalls--t-authority-bias","hook","truncated","In Milgram's experiment, 65% of people delivered what they believed were lethal electric shocks because an authority."
"Decision Making","decision-traps-and-pitfalls","decision-making--decision-traps-and-pitfalls--t-authority-bias","discovery","truncated","Doctors, pilots, and managers benefit from authority. But blind obedience caused medical errors, plane crashes."
"Decision Making","decision-traps-and-pitfalls","decision-making--decision-traps-and-pitfalls--t-base-rate-neglect","twist","truncated","Doctors fall for this too. Studies show physicians overestimate disease probability after positive tests by enormous."
"Decision Making","decision-traps-and-pitfalls","decision-making--decision-traps-and-pitfalls--t-analysis-paralysis","buildup","truncated","Barry Schwartz calls this the paradox of choice. More options seem better but actually make deciding harder and less."
"Decision Making","decision-traps-and-pitfalls","decision-making--decision-traps-and-pitfalls--t-premature-closure","twist","truncated","The same trap hits managers. They diagnose a problem in a meeting, implement a fix."
"Decision Making","decision-traps-and-pitfalls","decision-making--decision-traps-and-pitfalls--t-the-sunk-cost-fallacy","twist","truncated","The Concorde jet flew for 27 years at a loss. Britain and France kept funding it because they had spent too much to."
"Decision Making","decision-traps-and-pitfalls","decision-making--decision-traps-and-pitfalls--t-the-cobra-effect-in-modern-policy","twist","truncated","Social media engagement metrics created clickbait. The metric was optimized."
"Decision Making","decision-traps-and-pitfalls","decision-making--decision-traps-and-pitfalls--t-the-principal-agent-problem","twist","truncated","Corporate CEOs are agents of shareholders. Stock options were supposed to align interests but created short-term."
"Decision Making","ethical-dilemmas-in-real-life","decision-making--ethical-dilemmas-in-real-life--t-self-driving-car-dilemmas","buildup","truncated","MIT's Moral Machine asked millions of people worldwide. Answers varied wildly by culture, age."
"Decision Making","ethical-dilemmas-in-real-life","decision-making--ethical-dilemmas-in-real-life--t-the-classic-trolley-problem","twist","truncated","Philippa Foot invented this thought experiment in 1967. It exposed a crack between utilitarian logic and moral."
"Decision Making","ethical-dilemmas-in-real-life","decision-making--ethical-dilemmas-in-real-life--t-the-classic-trolley-problem","climax","truncated","The trolley problem reveals that we hold two moral systems: one says maximize lives."
"Decision Making","ethical-dilemmas-in-real-life","decision-making--ethical-dilemmas-in-real-life--t-end-of-life-decisions","buildup","truncated","Schiavo was in a persistent vegetative state for 15 years. Her husband said she would not want this. Her parents."
"Decision Making","ethical-dilemmas-in-real-life","decision-making--ethical-dilemmas-in-real-life--t-price-gouging-in-emergencies","punchline","truncated","Triple the price or empty the shelves? Efficiency and fairness collide in."
"Decision Making","ethical-dilemmas-in-real-life","decision-making--ethical-dilemmas-in-real-life--t-sweatshop-labor","buildup","truncated","Critics say sweatshops exploit desperate workers. Defenders say the jobs, though bad."
"Decision Making","ethical-dilemmas-in-real-life","decision-making--ethical-dilemmas-in-real-life--t-whistleblowing-dilemmas","punchline","truncated","Tell the truth, lose your job. Society celebrates whistleblowers but rarely."
"Decision Making","ethical-dilemmas-in-real-life","decision-making--ethical-dilemmas-in-real-life--t-addictive-design-ethics","hook","truncated","Social media apps are designed to be addictive. Infinite scroll, variable rewards."
"Decision Making","ethical-dilemmas-in-real-life","decision-making--ethical-dilemmas-in-real-life--t-addictive-design-ethics","punchline","truncated","Scroll forever, feel worse. Addictive design profits from your attention at."
"Decision Making","ethical-dilemmas-in-real-life","decision-making--ethical-dilemmas-in-real-life--t-ai-bias-in-hiring","buildup","truncated","The AI was trained on past hiring decisions. Since the company historically hired mostly men."
"Decision Making","ethical-dilemmas-in-real-life","decision-making--ethical-dilemmas-in-real-life--t-ai-bias-in-hiring","twist","truncated","Removing gender from the data does not fix it. Proxies like college name, hobbies."
"Decision Making","ethical-dilemmas-in-real-life","decision-making--ethical-dilemmas-in-real-life--t-ai-bias-in-hiring","climax","truncated","AI bias is a decision-making crisis. Algorithms scale human prejudice to millions of decisions per second without."
"Decision Making","ethical-dilemmas-in-real-life","decision-making--ethical-dilemmas-in-real-life--t-affirmative-action-debates","discovery","truncated","Both sides appeal to fairness. One demands equal treatment now."
"Decision Making","ethical-dilemmas-in-real-life","decision-making--ethical-dilemmas-in-real-life--t-affirmative-action-debates","punchline","truncated","Equal now or correct the past? Two fair principles collide with no clean."
"Decision Making","ethical-dilemmas-in-real-life","decision-making--ethical-dilemmas-in-real-life--t-climate-justice","discovery","truncated","Developing nations argue they deserve the same economic growth."
"Decision Making","ethical-dilemmas-in-real-life","decision-making--ethical-dilemmas-in-real-life--t-rawls-and-the-veil-of-ignorance","buildup","truncated","Behind the veil of ignorance, self-interest becomes fairness. You design rules to protect the worst-off because you."
"Decision Making","ethical-dilemmas-in-real-life","decision-making--ethical-dilemmas-in-real-life--t-reparations-debate","punchline","truncated","Past exploitation, present inequality. How far back does moral responsibility."
"Decision Making","ethical-dilemmas-in-real-life","decision-making--ethical-dilemmas-in-real-life--t-living-with-ethical-imperfection","discovery","truncated","The goal is not moral perfection but moral direction: consistently making better choices as awareness and options."
"Decision Making","famous-decisions-that-changed-the-world","decision-making--famous-decisions-that-changed-the-world--t-kennedy-chooses-the-moon","discovery","truncated","The decision was political, not scientific. Kennedy chose the moon because it was far enough away that both nations."
"Decision Making","famous-decisions-that-changed-the-world","decision-making--famous-decisions-that-changed-the-world--t-darwin-delays-20-years","twist","truncated","The 20-year delay made his case stronger. On the Origin of Species was so well-supported that critics could barely."
"Decision Making","famous-decisions-that-changed-the-world","decision-making--famous-decisions-that-changed-the-world--t-oppenheimer-s-trinity-test","twist","truncated","Oppenheimer later opposed the hydrogen bomb. The builder of destruction spent his later years arguing against."
"Decision Making","famous-decisions-that-changed-the-world","decision-making--famous-decisions-that-changed-the-world--t-netflix-kills-its-own-dvd-business","climax","truncated","Netflix chose to disrupt itself before someone else did. The pain of self-disruption is less than the pain of."
"Decision Making","famous-decisions-that-changed-the-world","decision-making--famous-decisions-that-changed-the-world--t-rosa-parks-stays-seated","twist","truncated","Parks was not the first to refuse. Civil rights leaders chose her case because her reputation made her the ideal."
"Decision Making","famous-decisions-that-changed-the-world","decision-making--famous-decisions-that-changed-the-world--t-the-suffragettes-choose-militancy","discovery","truncated","Militancy divided public opinion but dominated headlines. The government could no longer pretend the issue did not."
"Decision Making","game-theory-basics","decision-making--game-theory-basics--t-players-strategies-and-payoffs","twist","truncated","Real players rarely know all strategies or payoffs. Game theory assumes perfect information that reality rarely."
"Decision Making","game-theory-basics","decision-making--game-theory-basics--t-the-stag-hunt","climax","truncated","Many real dilemmas are stag hunts. Climate action, vaccination."
"Decision Making","game-theory-basics","decision-making--game-theory-basics--t-complexity-and-chaos","climax","truncated","Knowing the limits of a tool is as valuable as knowing how to use it. Game theory illuminates."
"Decision Making","game-theory-basics","decision-making--game-theory-basics--t-mechanism-design","hook","truncated","Game theory studies how players behave in games. Mechanism design asks: what game should we build to get the outcome we."
"Decision Making","group-decisions-and-crowd-wisdom","decision-making--group-decisions-and-crowd-wisdom--t-conditions-for-crowd-wisdom","buildup","truncated","James Surowiecki identified four conditions: diversity of opinion, independence, decentralization."
"Decision Making","group-decisions-and-crowd-wisdom","decision-making--group-decisions-and-crowd-wisdom--t-conditions-for-crowd-wisdom","twist","truncated","Social media violates all four conditions. People see same sources, copy influencers."
"Decision Making","group-decisions-and-crowd-wisdom","decision-making--group-decisions-and-crowd-wisdom--t-the-bay-of-pigs-fiasco","buildup","truncated","Kennedy's advisors assumed the invasion would trigger a popular uprising. It did not. Cuban citizens rallied behind."
"Decision Making","group-decisions-and-crowd-wisdom","decision-making--group-decisions-and-crowd-wisdom--t-condorcet-s-jury-theorem","hook","truncated","In 1785, Condorcet proved that if each juror is more likely right than wrong."
"Decision Making","group-decisions-and-crowd-wisdom","decision-making--group-decisions-and-crowd-wisdom--t-consensus-vs-consent","discovery","truncated","Consent asks a different question: can you live with this? Not 'is this your first choice' but 'does this violate your."
"Decision Making","group-decisions-and-crowd-wisdom","decision-making--group-decisions-and-crowd-wisdom--t-delphi-method","climax","truncated","Delphi structures crowd wisdom for experts. Anonymity, feedback."
"Decision Making","group-decisions-and-crowd-wisdom","decision-making--group-decisions-and-crowd-wisdom--t-delphi-method","punchline","truncated","Anonymous estimates, multiple rounds. Delphi protects wisdom from group."
"Decision Making","group-decisions-and-crowd-wisdom","decision-making--group-decisions-and-crowd-wisdom--t-ranked-choice-voting","hook","truncated","Instead of picking one candidate, you rank them all. If no one gets a majority."
"Decision Making","group-decisions-and-crowd-wisdom","decision-making--group-decisions-and-crowd-wisdom--t-ranked-choice-voting","twist","truncated","Ranked choice can produce paradoxical results. A candidate can lose by gaining more first-choice votes in certain."
"Decision Making","group-decisions-and-crowd-wisdom","decision-making--group-decisions-and-crowd-wisdom--t-diverse-teams-decide-better","twist","truncated","Diverse teams feel less confident and less comfortable. The best decisions often feel the most uncertain while being."
"Decision Making","group-decisions-and-crowd-wisdom","decision-making--group-decisions-and-crowd-wisdom--t-psychological-safety","hook","truncated","Google's Project Aristotle studied what makes teams effective. The top factor was not talent."
"Decision Making","group-decisions-and-crowd-wisdom","decision-making--group-decisions-and-crowd-wisdom--t-information-cascades","discovery","truncated","Cascades can form on very little real information. Once enough people copy."
"Decision Making","group-decisions-and-crowd-wisdom","decision-making--group-decisions-and-crowd-wisdom--t-mob-mentality-and-deindividuation","punchline","truncated","Anonymous and aroused, anything goes. Mobs are crowds without structure or."
"Decision Making","group-decisions-and-crowd-wisdom","decision-making--group-decisions-and-crowd-wisdom--t-social-media-echo-chambers","climax","truncated","Echo chambers turn crowd wisdom into crowd folly. The same mechanisms that create smart crowds create dumb ones in bad."
"Decision Making","group-decisions-and-crowd-wisdom","decision-making--group-decisions-and-crowd-wisdom--t-nominal-group-technique","twist","truncated","Nominal groups consistently generate more and better ideas than traditional brainstorming in randomized controlled."
"Decision Making","nudges-and-choice-architecture","decision-making--nudges-and-choice-architecture--t-choice-architecture-basics","buildup","truncated","Choice architecture is how options are presented. Order, grouping, visibility."
"Decision Making","nudges-and-choice-architecture","decision-making--nudges-and-choice-architecture--t-choice-architecture-basics","twist","truncated","Online stores use choice architecture relentlessly. Amazon's buy-now button, pre-checked boxes."
"Decision Making","nudges-and-choice-architecture","decision-making--nudges-and-choice-architecture--t-choice-architecture-basics","climax","truncated","There is no such thing as a neutral presentation. Every layout is a choice architecture that favors some options over."
"Decision Making","nudges-and-choice-architecture","decision-making--nudges-and-choice-architecture--t-system-1-and-system-2","twist","truncated","Nudges work by targeting System 1. If a choice requires System 2 effort."
"Decision Making","nudges-and-choice-architecture","decision-making--nudges-and-choice-architecture--t-simplification","buildup","truncated","Complexity is the enemy of action. Every extra step, every extra field."
"Decision Making","nudges-and-choice-architecture","decision-making--nudges-and-choice-architecture--t-the-power-of-defaults","twist","truncated","Companies know this. Auto-renewal subscriptions, pre-checked newsletter boxes."
"Decision Making","nudges-and-choice-architecture","decision-making--nudges-and-choice-architecture--t-the-future-of-choice-architecture","twist","truncated","Hyper-personalized nudges raise deep ethical issues. If AI knows your weaknesses."
"Decision Making","the-future-of-decision-making","decision-making--the-future-of-decision-making--t-ai-hiring-tools","buildup","truncated","The AI was trained on 10 years of hiring data. Since most hires were male."
"Decision Making","the-future-of-decision-making","decision-making--the-future-of-decision-making--t-ai-hiring-tools","discovery","truncated","AI hiring tools amplify past biases at scale. What a single biased manager does once."
"Decision Making","the-future-of-decision-making","decision-making--the-future-of-decision-making--t-superforecasting","twist","truncated","The best forecasters were not domain experts. They were curious generalists who actively sought information that proved."
"Decision Making","the-future-of-decision-making","decision-making--the-future-of-decision-making--t-superforecasting","climax","truncated","Superforecasting is a learnable skill. It requires intellectual humility, probabilistic thinking."
"Decision Making","the-future-of-decision-making","decision-making--the-future-of-decision-making--t-automation-bias","climax","truncated","As AI handles more decisions, automation bias will grow. Trusting the output without questioning the input is the new."
"Decision Making","the-future-of-decision-making","decision-making--the-future-of-decision-making--t-decision-support-systems","buildup","truncated","Decision support systems handle routine decisions automatically and escalate complex or ambiguous ones to human."
"Decision Making","the-future-of-decision-making","decision-making--the-future-of-decision-making--t-explainable-ai","buildup","truncated","Deep learning models can contain billions of parameters. Even the engineers who built them cannot explain individual."
"Decision Making","the-future-of-decision-making","decision-making--the-future-of-decision-making--t-human-in-the-loop-systems","discovery","truncated","This approach catches AI errors before they cause harm. A flagged but not deleted post can still be reviewed and."
"Decision Making","the-future-of-decision-making","decision-making--the-future-of-decision-making--t-decentralized-autonomous-organizations","climax","truncated","DAOs prove decentralized decisions are possible. They also prove that code cannot capture every scenario human judgment."
"Decision Making","the-future-of-decision-making","decision-making--the-future-of-decision-making--t-deliberative-democracy-tools","discovery","truncated","Uber regulation in Taiwan was decided through Pol.is. Drivers, riders."
"Decision Making","the-future-of-decision-making","decision-making--the-future-of-decision-making--t-swarm-intelligence","climax","truncated","Swarm intelligence bridges individual and collective. Each person pulls."
"Decision Making","the-future-of-decision-making","decision-making--the-future-of-decision-making--t-accountability-in-automated-decisions","buildup","truncated","Current legal frameworks assign responsibility to humans. But when AI makes autonomous decisions."
"Decision Making","the-future-of-decision-making","decision-making--the-future-of-decision-making--t-accountability-in-automated-decisions","twist","truncated","Some scholars propose giving AI systems legal personhood. Critics warn this lets corporations hide behind algorithms to."
"Decision Making","the-future-of-decision-making","decision-making--the-future-of-decision-making--t-accountability-in-automated-decisions","climax","truncated","Accountability requires traceability. Every automated decision must have a human who can be held responsible for its."
"Decision Making","the-future-of-decision-making","decision-making--the-future-of-decision-making--t-digital-manipulation-and-dark-patterns","climax","truncated","Every design choice is an ethical choice. Dark patterns undermine informed consent and trust in digital decision."
"Decision Making","the-future-of-decision-making","decision-making--the-future-of-decision-making--t-privacy-vs-personalization","discovery","truncated","People say they value privacy but behave as if they do not. This is the privacy paradox: stated preferences differ from."
"Decision Making","the-future-of-decision-making","decision-making--the-future-of-decision-making--t-the-alignment-problem","discovery","truncated","Current AI alignment is fragile. Reward hacking is common: AI finds loopholes that technically satisfy the goal while."
"Decision Making","the-future-of-decision-making","decision-making--the-future-of-decision-making--t-the-alignment-problem","climax","truncated","As AI grows more powerful, alignment becomes existential. Systems that optimize for the wrong thing at scale could."
"Decision Making","the-future-of-decision-making","decision-making--the-future-of-decision-making--t-augmented-reality-decision-layers","twist","truncated","AR could also overwhelm. Too much visible data creates the same information overload that already plagues digital."
"Decision Making","the-future-of-decision-making","decision-making--the-future-of-decision-making--t-digital-twins-for-decision-testing","buildup","truncated","Digital twins are virtual replicas of physical systems. They let you test what-if scenarios without real-world."
"Decision Making","the-future-of-decision-making","decision-making--the-future-of-decision-making--t-quantum-computing-and-decision-optimization","discovery","truncated","Combinatorial optimization problems like scheduling, routing, and portfolio balancing are quantum computing's sweet."
"Decision Making","the-future-of-decision-making","decision-making--the-future-of-decision-making--t-the-human-edge","twist","truncated","The most important future skill is not competing with AI. It is knowing when to use machines and when to trust human."
"Decision Making","the-science-of-risk-and-reward","decision-making--the-science-of-risk-and-reward--t-expected-value-thinking","twist","truncated","Expected value fails for rare catastrophes. A one percent chance of bankruptcy has expected value near zero but can."
"Decision Making","the-science-of-risk-and-reward","decision-making--the-science-of-risk-and-reward--t-expected-value-thinking","climax","truncated","Expected value is a starting point, not the whole answer. Add risk tolerance and ruin probability for a complete."
"Decision Making","the-science-of-risk-and-reward","decision-making--the-science-of-risk-and-reward--t-expected-value-thinking","punchline","truncated","Multiply odds by outcomes. Expected value works until one bad outcome can ruin."
"Decision Making","the-science-of-risk-and-reward","decision-making--the-science-of-risk-and-reward--t-uncertainty-vs-known-risk","discovery","truncated","True uncertainty has no known probabilities. No one could calculate the odds of the internet existing before it was."
"Decision Making","the-science-of-risk-and-reward","decision-making--the-science-of-risk-and-reward--t-what-is-risk","discovery","truncated","Risk has two parts: probability and magnitude. A rare catastrophe and a common annoyance can produce the same expected."
"Decision Making","the-science-of-risk-and-reward","decision-making--the-science-of-risk-and-reward--t-conjunction-fallacy","discovery","truncated","Tversky and Kahneman called this the conjunction fallacy. Adding detail makes a story feel more probable even though it."
"Decision Making","the-science-of-risk-and-reward","decision-making--the-science-of-risk-and-reward--t-framing-effects","twist","truncated","Framing affects experts too. Judges give different sentences for the same crime based on how the case description is."
"Decision Making","the-science-of-risk-and-reward","decision-making--the-science-of-risk-and-reward--t-loss-aversion","buildup","truncated","Kahneman and Tversky measured this asymmetry. People rejected a fair coin flip for $100 unless the potential gain was."
"Decision Making","the-science-of-risk-and-reward","decision-making--the-science-of-risk-and-reward--t-loss-aversion","twist","truncated","Loss aversion is not irrational in all contexts. In survival situations."
"Decision Making","the-science-of-risk-and-reward","decision-making--the-science-of-risk-and-reward--t-reference-points","punchline","truncated","Same salary, different feelings. What you expected determines what you."
"Decision Making","the-science-of-risk-and-reward","decision-making--the-science-of-risk-and-reward--t-the-certainty-effect","buildup","truncated","We overweight certainty and underweight high probability. The jump from 99% to 100% feels much bigger than from 60% to."
"Decision Making","the-science-of-risk-and-reward","decision-making--the-science-of-risk-and-reward--t-the-certainty-effect","discovery","truncated","Insurance exploits this. We pay to eliminate small risks entirely because certainty of safety feels disproportionately."
"Decision Making","the-science-of-risk-and-reward","decision-making--the-science-of-risk-and-reward--t-the-certainty-effect","twist","truncated","The certainty effect reverses for losses. Given a sure loss of $900 or 90% chance of losing $1,000."
"Decision Making","the-science-of-risk-and-reward","decision-making--the-science-of-risk-and-reward--t-the-endowment-effect","buildup","truncated","Richard Thaler documented this in lab experiments. Sellers consistently valued items higher than buyers for identical."
"Decision Making","the-science-of-risk-and-reward","decision-making--the-science-of-risk-and-reward--t-diversification","punchline","truncated","Spread bets, cut risk free. Diversification works until everything falls at."
"Decision Making","the-science-of-risk-and-reward","decision-making--the-science-of-risk-and-reward--t-insurance-as-risk-transfer","twist","truncated","People over-insure small risks and under-insure large ones. Extended warranties on electronics are profitable for."
"Decision Making","the-science-of-risk-and-reward","decision-making--the-science-of-risk-and-reward--t-tail-risk-and-fat-tails","buildup","truncated","The 1987 Black Monday crash was a 20-sigma event. Under normal distribution."
"Decision Making","the-science-of-risk-and-reward","decision-making--the-science-of-risk-and-reward--t-tail-risk-and-fat-tails","climax","truncated","Fat tails mean rare events are not as rare as they look. Systems built on thin-tail assumptions collapse when reality."
"Decision Making","the-science-of-risk-and-reward","decision-making--the-science-of-risk-and-reward--t-everyday-probability-errors","discovery","truncated","We also misjudge compound probabilities. If each step has 90% success and there are seven steps."
"Decision Making","the-science-of-risk-and-reward","decision-making--the-science-of-risk-and-reward--t-everyday-probability-errors","twist","truncated","Lotteries exploit this. The odds of winning are astronomical, but the vivid fantasy of wealth makes the tiny."
"Decision Making","the-science-of-risk-and-reward","decision-making--the-science-of-risk-and-reward--t-health-risk-decisions","punchline","truncated","Tomorrow's damage feels unreal today. Health risk is a battle against your own."
"Decision Making","the-science-of-risk-and-reward","decision-making--the-science-of-risk-and-reward--t-embracing-calculated-risk","punchline","truncated","Risk nothing, gain nothing. Mastering risk means choosing which gambles are."
"Decision Making","the-science-of-risk-and-reward","decision-making--the-science-of-risk-and-reward--t-expected-value-of-information","discovery","truncated","The expected value of information is the difference in expected outcomes between deciding with and without that."
"Decision Making","the-science-of-risk-and-reward","decision-making--the-science-of-risk-and-reward--t-kelly-criterion-for-bet-sizing","buildup","truncated","John Kelly at Bell Labs solved this in 1956. His formula maximizes long-term wealth growth for bets with known."
"Decision Making","the-science-of-risk-and-reward","decision-making--the-science-of-risk-and-reward--t-kelly-criterion-for-bet-sizing","punchline","truncated","Great odds, wrong size, total ruin. How much you bet matters as much as what."
"Decision Making","the-science-of-risk-and-reward","decision-making--the-science-of-risk-and-reward--t-pre-mortem-analysis","twist","truncated","The method works because it flips overconfidence. Instead of asking what could go wrong."
"Decision Making","the-science-of-risk-and-reward","decision-making--the-science-of-risk-and-reward--t-scenario-planning","climax","truncated","Scenario planning builds adaptive organizations. When the unexpected arrives."
"Decision Making","the-science-of-risk-and-reward","decision-making--the-science-of-risk-and-reward--t-scenario-planning","punchline","truncated","Not predicting; preparing. Scenario planning builds readiness for multiple."
"E-Commerce","cross-border-ecommerce","e-commerce--cross-border-ecommerce--t-shein-s-fast-fashion-machine","punchline","truncated","6,000 items daily, 3-day design cycles. The fastest fashion company is also."
"E-Commerce","cross-border-ecommerce","e-commerce--cross-border-ecommerce--t-trust-signals-that-travel","punchline","truncated","40% abandon without invoicing in Germany. Trust signals are local, never."
"E-Commerce","cross-border-ecommerce","e-commerce--cross-border-ecommerce--t-cryptocurrency-in-cross-border-trade","punchline","truncated","$10T in stablecoin volume. Crypto fixes cross-border fees but regulators."
"E-Commerce","cross-border-ecommerce","e-commerce--cross-border-ecommerce--t-free-trade-zones-and-bonded-warehouses","punchline","truncated","$100B flows duty-free through Dubai. Free zones trade tax fairness for global."
"E-Commerce","cross-border-ecommerce","e-commerce--cross-border-ecommerce--t-how-import-duties-work","punchline","truncated","0-25% added at the border. One wrong HS code can double your costs or trigger."
"E-Commerce","cross-border-ecommerce","e-commerce--cross-border-ecommerce--t-tariff-wars-and-their-e-commerce-fallout","punchline","truncated","25% tariff, prices jump, small sellers crushed. Trade wars are fought by."
"E-Commerce","cross-border-ecommerce","e-commerce--cross-border-ecommerce--t-ip-counterfeiting-on-global-platforms","punchline","grammatical_error","$3B seized, $500B lost to fakes. The same pipes move goods move counterfeits."
"E-Commerce","cross-border-ecommerce","e-commerce--cross-border-ecommerce--t-cross-border-returns-nightmare","punchline","truncated","$20-40 to return a $15 item. Cross-border returns are so broken, sellers just."
"E-Commerce","cross-border-ecommerce","e-commerce--cross-border-ecommerce--t-shipping-time-expectations","punchline","truncated","2 days expected, 20 days delivered. Speed or price—cross-border sellers can’t."
"E-Commerce","cross-border-ecommerce","e-commerce--cross-border-ecommerce--t-the-last-mile-across-borders","twist","truncated","In India, delivery agents often call customers for directions. Standard navigation fails in dense, unmapped."
"E-Commerce","cross-border-ecommerce","e-commerce--cross-border-ecommerce--t-mercado-libre-latin-america-s-amazon","punchline","truncated","$80 billion, 18 countries. Latin America’s e-commerce king built for local."
"E-Commerce","cross-border-ecommerce","e-commerce--cross-border-ecommerce--t-the-next-frontier-markets","punchline","truncated","$130B and tripling. Southeast Asia is the next e-commerce goldmine—across."
"E-Commerce","ecommerce-fraud-and-trust","e-commerce--ecommerce-fraud-and-trust--t-vine-and-verified-purchase-badges","punchline","truncated","4.4 vs 4.2 stars. Even ‘honest’ reviews from free products carry unconscious."
"E-Commerce","ecommerce-fraud-and-trust","e-commerce--ecommerce-fraud-and-trust--t-dangerous-fakes-safety-risks","discovery","truncated","Fake medications sold online have wrong dosages or toxic ingredients. The WHO estimates 10% of global medicines are."
"E-Commerce","ecommerce-fraud-and-trust","e-commerce--ecommerce-fraud-and-trust--t-dangerous-fakes-safety-risks","punchline","truncated","48 fires from fake chargers, 10% fake medicine. Counterfeits aren’t just about."
"E-Commerce","ecommerce-fraud-and-trust","e-commerce--ecommerce-fraud-and-trust--t-escrow-and-buyer-protection","twist","grammatical_error","Buyer protection is often abused. Buyers claim they didn’t receive items were delivered, and platforms side with them."
"E-Commerce","ecommerce-fraud-and-trust","e-commerce--ecommerce-fraud-and-trust--t-escrow-and-buyer-protection","punchline","truncated","Hold the money until delivery is confirmed. Escrow made buying from strangers."
"E-Commerce","ecommerce-fraud-and-trust","e-commerce--ecommerce-fraud-and-trust--t-trust-through-transparency","punchline","truncated","‘Don’t buy this jacket’ sold more jackets. Radical honesty is the ultimate."
"E-Commerce","ecommerce-fraud-and-trust","e-commerce--ecommerce-fraud-and-trust--t-seller-verification-systems","climax","truncated","Seller verification is necessary but insufficient. The gap between identity checks and ongoing behavior monitoring."
"E-Commerce","ecommerce-fraud-and-trust","e-commerce--ecommerce-fraud-and-trust--t-blockchain-for-product-provenance","buildup","truncated","Blockchain creates an immutable record of a product’s journey. From factory to warehouse to your door, every step."
"E-Commerce","ecommerce-fraud-and-trust","e-commerce--ecommerce-fraud-and-trust--t-digital-identity-wallets","punchline","truncated","Prove you’re 18 without sharing your birthday. Digital identity wallets share."
"E-Commerce","ecommerce-fraud-and-trust","e-commerce--ecommerce-fraud-and-trust--t-reputation-portability","punchline","truncated","500 reviews, zero on the next platform. Trust built on rented land doesn’t."
"E-Commerce","ecommerce-logistics","e-commerce--ecommerce-logistics--t-gig-delivery-drivers","punchline","truncated","$18-25/hour, own car, no benefits. Gig delivery is cheap for companies, costly."
"E-Commerce","ecommerce-logistics","e-commerce--ecommerce-logistics--t-porch-pirates-and-package-theft","punchline","truncated","$12B stolen yearly, replaced for free. Everyone’s prices include the porch."
"E-Commerce","ecommerce-logistics","e-commerce--ecommerce-logistics--t-supply-chain-bullwhip-effect","punchline","truncated","5% demand bump, 40% factory spike. Bad information flows worse than bad."
"E-Commerce","ecommerce-logistics","e-commerce--ecommerce-logistics--t-3d-printing-ship-the-file-not-the-product","punchline","truncated","Ship the file, print the product locally. 3D printing could make shipping."
"E-Commerce","ecommerce-logistics","e-commerce--ecommerce-logistics--t-autonomous-delivery-robots","punchline","truncated","6 million deliveries at 4 mph. Slow robots work for campus burritos, not for."
"E-Commerce","ecommerce-logistics","e-commerce--ecommerce-logistics--t-dark-stores-for-instant-delivery","punchline","truncated","10-minute delivery, $3 snack, bankrupt. Dark stores work for groceries, not."
"E-Commerce","ecommerce-logistics","e-commerce--ecommerce-logistics--t-drone-delivery-reality-check","punchline","truncated","500 drone deliveries daily in Rwanda. Drones work best where roads don’t."
"E-Commerce","ecommerce-logistics","e-commerce--ecommerce-logistics--t-reusable-packaging-loops","punchline","truncated","Great idea, hard execution. Reusable packaging needs the convenience of."
"E-Commerce","future-of-ecommerce","e-commerce--future-of-ecommerce--t-ai-personal-shoppers","punchline","truncated","AI picks your shoes, brands can’t reach you. The shopping experience gets."
"E-Commerce","future-of-ecommerce","e-commerce--future-of-ecommerce--t-dynamic-personalization-engines","punchline","truncated","Same URL, different store for everyone. Personalization helps you find."
"E-Commerce","future-of-ecommerce","e-commerce--future-of-ecommerce--t-predictive-commerce","punchline","truncated","Shipped before you ordered. Predictive commerce knows what you want before you."
"E-Commerce","future-of-ecommerce","e-commerce--future-of-ecommerce--t-visual-search-shopping","punchline","truncated","600M visual searches monthly. Point your camera, find the product—or its $10."
"E-Commerce","future-of-ecommerce","e-commerce--future-of-ecommerce--t-3d-product-views","punchline","truncated","94% higher conversion. 3D views turn web pages into virtual stores where you."
"E-Commerce","future-of-ecommerce","e-commerce--future-of-ecommerce--t-ar-try-before-you-buy","punchline","truncated","35% fewer returns with AR try-on. The tech works; consumers just haven’t."
"E-Commerce","future-of-ecommerce","e-commerce--future-of-ecommerce--t-shoppable-video-everywhere","punchline","truncated","Buy the actor’s jacket mid-scene. Every video becomes a store—if viewers don’t."
"E-Commerce","future-of-ecommerce","e-commerce--future-of-ecommerce--t-virtual-fitting-rooms","twist","truncated","Body scanning raises privacy concerns. Companies collecting 3D body data creates new categories of sensitive personal."
"E-Commerce","future-of-ecommerce","e-commerce--future-of-ecommerce--t-virtual-fitting-rooms","punchline","truncated","30-40% returns solved, 3D body data required. The fit problem trades privacy."
"E-Commerce","future-of-ecommerce","e-commerce--future-of-ecommerce--t-rental-commerce","twist","truncated","Rent the Runway struggled financially despite popularity. Logistics of cleaning, repairing, and shipping each item is."
"E-Commerce","future-of-ecommerce","e-commerce--future-of-ecommerce--t-subscription-everything","punchline","truncated","$120B, 12 active subscriptions per person. Recurring revenue works until."
"E-Commerce","future-of-ecommerce","e-commerce--future-of-ecommerce--t-digital-product-passports","climax","truncated","Product passports bring radical transparency to e-commerce. For the first time, the true cost of products will be."
"E-Commerce","future-of-ecommerce","e-commerce--future-of-ecommerce--t-packaging-waste-crisis","punchline","truncated","2.1 billion pounds of waste a year. Sustainable packaging exists but costs."
"E-Commerce","future-of-ecommerce","e-commerce--future-of-ecommerce--t-slow-shipping-options","buildup","truncated","Same-day delivery requires individual trucks racing to meet deadlines. No-rush allows batch deliveries on efficient."
"E-Commerce","future-of-ecommerce","e-commerce--future-of-ecommerce--t-slow-shipping-options","climax","truncated","Slow shipping is the easiest way to reduce e-commerce emissions. But consumers won’t choose it without stronger."
"E-Commerce","future-of-ecommerce","e-commerce--future-of-ecommerce--t-slow-shipping-options","punchline","truncated","30% fewer emissions, 15% choose it. The easiest green option is rejected by."
"E-Commerce","future-of-ecommerce","e-commerce--future-of-ecommerce--t-embedded-commerce-everywhere","punchline","truncated","Fridge reorders milk, printer reorders ink. When objects shop for us, they."
"E-Commerce","future-of-ecommerce","e-commerce--future-of-ecommerce--t-delivery-drones-take-flight","punchline","truncated","350K deliveries, under 5 lbs each. Drones deliver aspirin fast but can’t."
"E-Commerce","future-of-ecommerce","e-commerce--future-of-ecommerce--t-sidewalk-robots","punchline","truncated","6 million deliveries at 4 mph. Sidewalk robots work on campuses but can’t."
"E-Commerce","marketplace-wars","e-commerce--marketplace-wars--t-take-rates-the-marketplace-tax","punchline","truncated","30-45% gone before profit. Marketplace fees start small and grow until sellers."
"E-Commerce","marketplace-wars","e-commerce--marketplace-wars--t-the-network-effect-moat","climax","truncated","Network effects are strong but not permanent. A richer competitor willing to lose money on acquisition can always."
"E-Commerce","marketplace-wars","e-commerce--marketplace-wars--t-why-marketplaces-win","punchline","truncated","67% of e-commerce through marketplaces. Selling on someone else’s platform."
"E-Commerce","marketplace-wars","e-commerce--marketplace-wars--t-amazon-s-private-label-strategy","hook","grammatical_error","Amazon sells 400+ private label brands compete directly with sellers on its own platform. It’s the referee and a player."
"E-Commerce","marketplace-wars","e-commerce--marketplace-wars--t-amazon-s-private-label-strategy","punchline","truncated","400+ brands using seller data. Amazon plays referee and competitor on the same."
"E-Commerce","marketplace-wars","e-commerce--marketplace-wars--t-fba-fulfillment-as-a-weapon","climax","grammatical_error","FBA is brilliant for customers & profitable for Amazon. For sellers, it’s a dependency grows more expensive every year."
"E-Commerce","marketplace-wars","e-commerce--marketplace-wars--t-fba-fulfillment-as-a-weapon","punchline","grammatical_error","60% of sellers locked in, costs up 30%. FBA is convenience becomes dependency."
"E-Commerce","marketplace-wars","e-commerce--marketplace-wars--t-etsy-handmade-goes-corporate","twist","truncated","Real artisans complain their listings drown in mass-produced fakes. The platform’s identity crisis hurts its original."
"E-Commerce","marketplace-wars","e-commerce--marketplace-wars--t-etsy-handmade-goes-corporate","punchline","truncated","$13B in sales, but ‘handmade’ diluted. Etsy grew by letting in exactly what it."
"E-Commerce","marketplace-wars","e-commerce--marketplace-wars--t-faire-the-wholesale-marketplace","hook","truncated","Faire connects 100K+ independent brands with 700K retailers. It’s the marketplace for businesses that sell to other."
"E-Commerce","marketplace-wars","e-commerce--marketplace-wars--t-the-verticalization-of-marketplaces","discovery","truncated","Niche marketplaces build category-specific features: tuning charts for instruments, authentication for luxury, fit."
"E-Commerce","marketplace-wars","e-commerce--marketplace-wars--t-amazon-aggregators-roll-up-and-burn-out","punchline","truncated","$16B raised, Thrasio bankrupt. Buying Amazon businesses proved you can’t own."
"E-Commerce","marketplace-wars","e-commerce--marketplace-wars--t-seller-unions-and-collective-action","twist","truncated","Platforms can de-prioritize or suspend protesting sellers. Collective action risks retaliation when the platform."
"E-Commerce","marketplace-wars","e-commerce--marketplace-wars--t-seller-unions-and-collective-action","climax","truncated","Sellers are organizing but remain at a power disadvantage. Marketplace dependence limits the effectiveness of any."
"E-Commerce","marketplace-wars","e-commerce--marketplace-wars--t-seller-unions-and-collective-action","punchline","truncated","Thousands paused listings for a day. Sellers organizing against platforms they."
"E-Commerce","marketplace-wars","e-commerce--marketplace-wars--t-ai-shopping-assistants","climax","grammatical_error","AI shopping assistants threaten the core revenue model of every marketplace. They’re building the tool disrupts them."
"E-Commerce","marketplace-wars","e-commerce--marketplace-wars--t-super-apps-everything-in-one","punchline","truncated","Uber + PayPal + Amazon in one app. Super apps thrive in Asia but the West."
"E-Commerce","marketplace-wars","e-commerce--marketplace-wars--t-who-wins-the-marketplace-wars","punchline","truncated","Sears fell, eBay faded, Amazon’s turn comes. The only permanent win is owning."
"E-Commerce","marketplace-wars","e-commerce--marketplace-wars--t-walmart-s-marketplace-ambitions","punchline","truncated","4,700 stores as warehouses, 500% growth. Walmart fights Amazon with physical."
"E-Commerce","payment-systems-of-the-internet","e-commerce--payment-systems-of-the-internet--t-stripe-the-developer-s-choice","punchline","truncated","Seven lines of code, $1 trillion processed. Stripe made payments a developer."
"E-Commerce","payment-systems-of-the-internet","e-commerce--payment-systems-of-the-internet--t-crypto-payments-promise-vs-reality","punchline","truncated","Less than 0.1% of purchases. Crypto promised a revolution but commerce didn’t."
"E-Commerce","payment-systems-of-the-internet","e-commerce--payment-systems-of-the-internet--t-ai-fraud-detection","punchline","truncated","$25B in fraud stopped, $443B in false declines. AI must balance security and."
"E-Commerce","payment-systems-of-the-internet","e-commerce--payment-systems-of-the-internet--t-embedded-finance-everywhere","punchline","truncated","Every platform adds finance. Shopping apps are becoming banks without bank."
"E-Commerce","psychology-of-online-buying","e-commerce--psychology-of-online-buying--t-fake-urgency-timers","punchline","truncated","Timer resets on refresh? It was never real. Fake urgency exploits ancient."
"E-Commerce","psychology-of-online-buying","e-commerce--psychology-of-online-buying--t-bestseller-lists-as-mind-control","punchline","truncated","45% more clicks with a badge. The bestseller list doesn’t report success—it."
"E-Commerce","psychology-of-online-buying","e-commerce--psychology-of-online-buying--t-progress-bars-at-checkout","punchline","truncated","Step 2 of 3, 28% more conversions. People can’t resist finishing what they."
"E-Commerce","psychology-of-online-buying","e-commerce--psychology-of-online-buying--t-personalization-vs-manipulation","twist","truncated","Netflix recommends shows you’ll like—that’s personalization. A gambling site targeting recovering addicts is."
"E-Commerce","psychology-of-online-buying","e-commerce--psychology-of-online-buying--t-personalization-vs-manipulation","punchline","truncated","Same data, different intent. Helpful or predatory depends on who the algorithm."
"E-Commerce","rise-of-social-commerce","e-commerce--rise-of-social-commerce--t-affiliate-selling-on-tiktok","punchline","truncated","$50K/month from tagging products. TikTok turned creators into commission."
"E-Commerce","rise-of-social-commerce","e-commerce--rise-of-social-commerce--t-from-likes-to-purchases","punchline","truncated","$1.2 trillion from social apps. Shopping became content, and content became."
"E-Commerce","rise-of-social-commerce","e-commerce--rise-of-social-commerce--t-wechat-the-original-social-store","punchline","truncated","1 million mini stores inside a chat app. WeChat wrote the blueprint for social."
"E-Commerce","rise-of-social-commerce","e-commerce--rise-of-social-commerce--t-influencer-storefronts","hook","truncated","Amazon Influencer Storefronts let creators curate product lists. Followers buy directly from their favorite person’s."
"E-Commerce","rise-of-social-commerce","e-commerce--rise-of-social-commerce--t-the-aesthetic-economy","punchline","truncated","Design for the grid first, function second. The aesthetic economy rewards."
"E-Commerce","rise-of-social-commerce","e-commerce--rise-of-social-commerce--t-the-algorithm-tax-on-brands","punchline","truncated","16% to 2% organic reach. Instagram gave brands free followers, then charged."
"E-Commerce","rise-of-social-commerce","e-commerce--rise-of-social-commerce--t-china-s-live-shopping-empire","punchline","truncated","$1.9B in 12 hours. China turned live selling into the world’s biggest home."
"E-Commerce","rise-of-social-commerce","e-commerce--rise-of-social-commerce--t-platform-dependency-risk","punchline","truncated","Vine died, millions of followers gone. Build on rented land and the landlord."
"E-Commerce","rise-of-social-commerce","e-commerce--rise-of-social-commerce--t-creators-as-the-new-retailers","punchline","truncated","$100M year one for a YouTuber’s chocolate. Audience is the most valuable."
"E-Commerce","rise-of-social-commerce","e-commerce--rise-of-social-commerce--t-virtual-shopping-in-the-metaverse","punchline","truncated","$4,115 for a virtual bag. Digital goods have value; the metaverse just needs."
"E-Commerce","the-amazon-effect","e-commerce--the-amazon-effect--t-fulfillment-by-amazon","punchline","truncated","Ship to Amazon, they handle the rest. Convenient, powerful, and increasingly."
"E-Commerce","the-amazon-effect","e-commerce--the-amazon-effect--t-third-party-sellers-take-over","punchline","truncated","60% from third parties, 15% cut each. Amazon became the tax collector of."
"E-Commerce","the-amazon-effect","e-commerce--the-amazon-effect--t-the-death-of-main-street","punchline","truncated","$0.62 lost locally per dollar. Amazon is both destroyer and lifeline for small."
"E-Commerce","the-amazon-effect","e-commerce--the-amazon-effect--t-drone-delivery-promise","punchline","truncated","Promised in 2013, still barely operational. Drone delivery’s timeline keeps."
"Economics","behavioral-economics","economics--behavioral-economics--t-confirmation-bias-seeing-what-you-want-to-see","buildup","truncated","Confirmation bias means we seek, notice, and remember information that supports our existing beliefs while ignoring."
"Economics","behavioral-economics","economics--behavioral-economics--t-loss-aversion-losses-hurt-twice-as-much-as-gains-feel-good","twist","missing_quote","Companies use loss aversion in marketing: 'Don't miss out!' is more powerful than 'Great opportunity!"
"Economics","behavioral-economics","economics--behavioral-economics--t-loss-framing-in-insurance-selling-fear","punchline","truncated","The insurance industry runs on the gap between what we fear and what actually."
"Economics","behavioral-economics","economics--behavioral-economics--t-behavioral-economics-in-public-policy","discovery","truncated","Simplifying forms, using plain language, and sending timely reminders improved everything from tax compliance to."
"Economics","behavioral-economics","economics--behavioral-economics--t-behavioral-finance-when-markets-go-crazy","discovery","truncated","Robert Shiller predicted both the dot-com crash and the 2008 housing crisis using behavioral indicators like."
"Economics","behavioral-economics","economics--behavioral-economics--t-why-we-can-t-save-the-psychology-of-retirement","twist","truncated","Participants in Save More Tomorrow increased savings from 3.5% to 13."
"Economics","development-economics","economics--development-economics--t-gdp-per-capita-the-flawed-yardstick-of-progress","twist","missing_quote","Robert Kennedy said GDP 'measures everything except that which makes life worthwhile."
"Economics","development-economics","economics--development-economics--t-the-demographic-dividend-when-population-becomes-power","hook","truncated","In the 1960s, experts predicted India's population growth would cause mass famine. Instead, India became a $3."
"Economics","development-economics","economics--development-economics--t-the-middle-income-trap-why-growth-stalls","buildup","truncated","The middle-income trap: cheap labor drives early growth, but as wages rise."
"Economics","development-economics","economics--development-economics--t-democracy-and-development-which-comes-first","buildup","missing_quote","Lee Kuan Yew argued development requires 'discipline, not democracy."
"Economics","development-economics","economics--development-economics--t-corruption-the-tax-on-the-poor","hook","truncated","A Transparency International survey found that the poorest citizens pay the highest percentage of their income in."
"Economics","development-economics","economics--development-economics--t-the-education-revolution-returns-to-schooling","punchline","truncated","Building schools is easy. Teaching children to read inside them is the hard."
"Economics","development-economics","economics--development-economics--t-conditional-cash-transfers-paying-people-to-invest-in-themselves","punchline","truncated","The smartest welfare program doesn't just fight poverty today."
"Economics","development-economics","economics--development-economics--t-foreign-direct-investment-double-edged-capital","punchline","truncated","Foreign investment builds factories. Whether it builds countries depends on."
"Economics","development-economics","economics--development-economics--t-mobile-money-banking-without-banks","punchline","truncated","Africa skipped landlines for mobile phones."
"Economics","development-economics","economics--development-economics--t-china-s-economic-rise-the-biggest-poverty-reduction-in-history","punchline","truncated","China lifted 800 million from poverty. The question is whether the next 800."
"Economics","development-economics","economics--development-economics--t-india-s-path-democracy-diversity-and-a-billion-dreams","hook","truncated","India is the world's most populous country, its largest democracy."
"Economics","development-economics","economics--development-economics--t-india-s-path-democracy-diversity-and-a-billion-dreams","climax","truncated","India shows that democratic development is possible but messy, slow, and uneven. It's the great experiment in whether 1."
"Economics","development-economics","economics--development-economics--t-rwanda-s-revival-development-after-devastation","punchline","truncated","Rwanda built a miracle on discipline. The test is whether miracles need."
"Economics","development-economics","economics--development-economics--t-sustainable-development-can-growth-last-forever","punchline","truncated","Development got us here. Sustainable development is the only thing that keeps."
"Economics","development-economics","economics--development-economics--t-urbanization-the-great-migration","twist","missing_quote","Many developing-world cities urbanized without industrializing — 'urbanization without growth."
"Economics","economic-crises-that-shook-the-world","economics--economic-crises-that-shook-the-world--t-the-panic-of-1907-the-crisis-that-created-the-fed","hook","truncated","In 1907, one man personally stopped a financial panic. J.P."
"Economics","economic-crises-that-shook-the-world","economics--economic-crises-that-shook-the-world--t-the-mississippi-bubble-france-s-paper-money-disaster","punchline","truncated","France's first paper money experiment was so bad they didn't try again for 80."
"Economics","economic-crises-that-shook-the-world","economics--economic-crises-that-shook-the-world--t-the-new-deal-fdr-s-economic-experiment","hook","missing_quote","When FDR took office in 1933, 25% of Americans were unemployed. He promised 'bold, persistent experimentation."
"Economics","economic-crises-that-shook-the-world","economics--economic-crises-that-shook-the-world--t-the-dust-bowl-when-nature-and-economics-collided","climax","truncated","The Dust Bowl showed that markets without environmental guardrails can destroy the natural capital on which all."
"Economics","economic-crises-that-shook-the-world","economics--economic-crises-that-shook-the-world--t-the-long-term-capital-management-collapse","twist","truncated","LTCM's positions were so large that its failure would have frozen the global bond market. The Fed organized a $3."
"Economics","economic-crises-that-shook-the-world","economics--economic-crises-that-shook-the-world--t-credit-default-swaps-insurance-that-burned-the-house-down","punchline","truncated","Wall Street insured itself against risk so thoroughly that it created a bigger."
"Economics","economic-crises-that-shook-the-world","economics--economic-crises-that-shook-the-world--t-lehman-brothers-the-bank-that-was-allowed-to-die","twist","missing_quote","Hank Paulson let Lehman fail to avoid 'moral hazard."
"Economics","economic-crises-that-shook-the-world","economics--economic-crises-that-shook-the-world--t-subprime-mortgages-the-loans-that-blew-up-the-world","climax","truncated","The crisis wasn't just about bad loans. It was about a system where everyone profited from risk they passed to someone."
"Economics","economic-crises-that-shook-the-world","economics--economic-crises-that-shook-the-world--t-subprime-mortgages-the-loans-that-blew-up-the-world","punchline","truncated","Banks lent to people who couldn't pay back because they didn't plan to hold."
"Economics","economic-crises-that-shook-the-world","economics--economic-crises-that-shook-the-world--t-venezuela-s-hyperinflation-oil-wealth-destroyed","buildup","truncated","Chávez used oil revenues to fund social programs while hollowing out the national oil company and scaring away private."
"Economics","economic-crises-that-shook-the-world","economics--economic-crises-that-shook-the-world--t-the-dot-com-bust-when-the-internet-bubble-burst","buildup","truncated","Between 1995 and 2000, the NASDAQ rose 400%. Any company with '."
"Economics","economic-crises-that-shook-the-world","economics--economic-crises-that-shook-the-world--t-the-dot-com-bust-when-the-internet-bubble-burst","discovery","truncated","Investors valued 'eyeballs' not profits. Amazon traded at 300x earnings. Webvan burned $1."
"Economics","economic-crises-that-shook-the-world","economics--economic-crises-that-shook-the-world--t-the-asian-financial-crisis-tiger-economies-humbled","climax","truncated","The Asian crisis showed that hot money — short-term foreign capital."
"Economics","game-theory-and-strategic-thinking","economics--game-theory-and-strategic-thinking--t-the-stag-hunt-cooperation-s-fragile-trust","punchline","truncated","We often settle for rabbits not because we don't want the stag."
"Economics","game-theory-and-strategic-thinking","economics--game-theory-and-strategic-thinking--t-screening-making-the-informed-reveal-themselves","buildup","truncated","Screening is the opposite of signaling: instead of the informed party revealing info."
"Economics","game-theory-and-strategic-thinking","economics--game-theory-and-strategic-thinking--t-matching-markets-who-gets-what-and-why","climax","truncated","Matching theory shows that well-designed algorithms can replace prices in allocating scarce resources fairly and."
"Economics","game-theory-and-strategic-thinking","economics--game-theory-and-strategic-thinking--t-the-revelation-principle-honesty-by-design","discovery","truncated","The revelation principle proves that any outcome achievable by any mechanism can also be achieved by one where."
"Economics","game-theory-and-strategic-thinking","economics--game-theory-and-strategic-thinking--t-algorithmic-game-theory-when-machines-play-games","climax","truncated","As AI agents make more decisions — in markets, auctions, and negotiations."
"Economics","global-trade-and-globalization","economics--global-trade-and-globalization--t-the-salt-march-economics-of-colonial-extraction","punchline","truncated","Free trade under colonialism was free for the colonizer and costly for."
"Economics","global-trade-and-globalization","economics--global-trade-and-globalization--t-the-silk-road-history-s-first-global-highway","climax","truncated","The Silk Road proved that trade isn't just about goods."
"Economics","global-trade-and-globalization","economics--global-trade-and-globalization--t-mercantilism-the-zero-sum-trade-fallacy","climax","truncated","Mercantilism is officially dead. But its logic — protect our industries, punish their exports."
"Economics","global-trade-and-globalization","economics--global-trade-and-globalization--t-the-corn-laws-britain-s-great-free-trade-debate","climax","truncated","The repeal made Britain the world's first free-trade nation and launched 70 years of trade liberalization that shaped."
"Economics","global-trade-and-globalization","economics--global-trade-and-globalization--t-absolute-vs-comparative-advantage-why-trade-always-works","twist","truncated","This logic scales to nations. Even if America is better at everything than Bangladesh."
"Economics","global-trade-and-globalization","economics--global-trade-and-globalization--t-absolute-vs-comparative-advantage-why-trade-always-works","punchline","truncated","Trade works not because countries are different."
"Economics","global-trade-and-globalization","economics--global-trade-and-globalization--t-sweatshops-the-uncomfortable-economics-of-poor-options","punchline","truncated","The tragedy of sweatshops is not that they exist."
"Economics","global-trade-and-globalization","economics--global-trade-and-globalization--t-digital-trade-the-borderless-economy","buildup","truncated","Digital services trade — software, cloud computing, remote work — grew from $1.6 trillion to $3."
"Economics","global-trade-and-globalization","economics--global-trade-and-globalization--t-the-china-shock-when-a-billion-workers-joined-the-market","climax","truncated","The China shock proved that free trade's promise — 'losers will be compensated' — was never kept. The gains were real."
"Economics","global-trade-and-globalization","economics--global-trade-and-globalization--t-trade-deficits-scary-number-or-misunderstood-statistic","punchline","truncated","The trade deficit is a number everyone talks about and almost nobody."
"Economics","great-economists-and-their-ideas","economics--great-economists-and-their-ideas--t-david-ricardo-comparative-advantage-explained","twist","truncated","Ricardo was a self-made stock trader worth $100 million (today's value) who bought a seat in Parliament to push free."
"Economics","great-economists-and-their-ideas","economics--great-economists-and-their-ideas--t-irving-fisher-the-debt-deflation-theory","climax","truncated","The economist who made the worst prediction in history also made one of the most important discoveries about financial."
"Economics","great-economists-and-their-ideas","economics--great-economists-and-their-ideas--t-l-on-walras-the-dream-of-general-equilibrium","hook","truncated","What if every market — apples, labor, steel, haircuts."
"Economics","great-economists-and-their-ideas","economics--great-economists-and-their-ideas--t-hyman-minsky-stability-creates-instability","discovery","truncated","He identified three stages: hedge finance (safe), speculative finance (risky)."
"Economics","great-economists-and-their-ideas","economics--great-economists-and-their-ideas--t-john-maynard-keynes-the-man-who-saved-capitalism","hook","missing_quote","During the Great Depression, economists said 'wait — markets will fix themselves."
"Economics","great-economists-and-their-ideas","economics--great-economists-and-their-ideas--t-friedrich-hayek-the-knowledge-problem","twist","truncated","Central planning fails not because planners are stupid."
"Economics","great-economists-and-their-ideas","economics--great-economists-and-their-ideas--t-milton-friedman-money-rules-everything","discovery","truncated","Friedman's research showed that Fed policy errors — too tight in 1929, too loose in the 1970s."
"Economics","great-economists-and-their-ideas","economics--great-economists-and-their-ideas--t-milton-friedman-money-rules-everything","punchline","truncated","The man who said government was the problem changed how every government."
"Economics","great-economists-and-their-ideas","economics--great-economists-and-their-ideas--t-ronald-coase-the-cost-of-transactions","twist","truncated","Coase's theorem also says if property rights are clear and bargaining is free."
"Economics","great-economists-and-their-ideas","economics--great-economists-and-their-ideas--t-amartya-sen-economics-as-freedom","buildup","truncated","Sen proved famines aren't caused by food shortages."
"Economics","great-economists-and-their-ideas","economics--great-economists-and-their-ideas--t-amartya-sen-economics-as-freedom","discovery","truncated","His capability approach: development isn't about GDP growth."
"Economics","great-economists-and-their-ideas","economics--great-economists-and-their-ideas--t-daron-acemoglu-why-nations-fail","buildup","truncated","Acemoglu and Robinson argued that inclusive institutions — property rights, rule of law, political participation."
"Economics","great-economists-and-their-ideas","economics--great-economists-and-their-ideas--t-daron-acemoglu-why-nations-fail","discovery","truncated","Extractive institutions — where elites capture resources."
"Economics","great-economists-and-their-ideas","economics--great-economists-and-their-ideas--t-daron-acemoglu-why-nations-fail","climax","truncated","Development isn't about aid or geography."
"Economics","great-economists-and-their-ideas","economics--great-economists-and-their-ideas--t-claudia-goldin-the-gender-pay-gap-decoded","discovery","truncated","The gender pay gap isn't mainly about discrimination."
"Economics","great-economists-and-their-ideas","economics--great-economists-and-their-ideas--t-thomas-piketty-capital-in-the-twenty-first-century","climax","truncated","Piketty showed that extreme inequality isn't a bug in capitalism."
"Economics","the-economics-of-everyday-life","economics--the-economics-of-everyday-life--t-price-discrimination-why-you-pay-more-than-the-person-next-to-you","discovery","truncated","Price discrimination means charging different customers different prices for the same product based on their."
"Economics","the-economics-of-everyday-life","economics--the-economics-of-everyday-life--t-supply-and-demand-the-two-forces-behind-every-price","twist","truncated","During COVID, toilet paper prices spiked not because supply dropped much but because panic buying created artificial."
"Economics","the-economics-of-everyday-life","economics--the-economics-of-everyday-life--t-supply-and-demand-the-two-forces-behind-every-price","climax","truncated","Every price you see — gas, rent, coffee — is the invisible negotiation between how much exists and how badly people."
"Economics","the-economics-of-everyday-life","economics--the-economics-of-everyday-life--t-adverse-selection-why-used-cars-are-lemons","hook","truncated","If a one-year-old car is on sale, your first thought is."
"Economics","the-economics-of-everyday-life","economics--the-economics-of-everyday-life--t-adverse-selection-why-used-cars-are-lemons","punchline","truncated","The used car market is full of lemons because lemon owners are the first to."
"Economics","the-economics-of-everyday-life","economics--the-economics-of-everyday-life--t-the-cobra-effect-when-incentives-backfire","punchline","truncated","If you pay people to solve a problem, make sure you're not paying them to."
"Economics","the-economics-of-everyday-life","economics--the-economics-of-everyday-life--t-the-economics-of-dating-a-market-for-love","discovery","truncated","The optimal stopping rule (the 37% rule) says."
"Economics","the-economics-of-everyday-life","economics--the-economics-of-everyday-life--t-the-economics-of-queuing-why-we-hate-waiting","punchline","truncated","The best solution to a waiting problem is making people not realize they're."
"Economics","the-economics-of-everyday-life","economics--the-economics-of-everyday-life--t-the-economics-of-gift-giving-why-cash-is-efficient-but-rude","punchline","truncated","An inefficient gift that says 'I know you' beats an efficient one that says 'I."
"Economics","the-economics-of-everyday-life","economics--the-economics-of-everyday-life--t-the-subscription-trap-how-companies-lock-you-in","buildup","truncated","Subscriptions exploit three biases: status quo bias (you don't cancel)."
"Economics","the-economics-of-inequality","economics--the-economics-of-inequality--t-income-vs-wealth-two-different-inequalities","punchline","truncated","Income is what you make this year. Wealth is what your family made for."
"Economics","the-economics-of-inequality","economics--the-economics-of-inequality--t-the-gini-coefficient-one-number-to-measure-unfairness","twist","truncated","The Gini has a blind spot: a country of millionaires and a country of paupers can have the same Gini if incomes are."
"Economics","the-economics-of-inequality","economics--the-economics-of-inequality--t-the-top-1-who-are-they-really","discovery","truncated","But within the 1%, inequality is extreme. The top 0."
"Economics","the-economics-of-inequality","economics--the-economics-of-inequality--t-dark-money-in-politics-wealth-buys-influence","discovery","truncated","Studies show US policy outcomes correlate strongly with the preferences of the wealthy and poorly with average."
"Economics","the-economics-of-inequality","economics--the-economics-of-inequality--t-dark-money-in-politics-wealth-buys-influence","twist","truncated","It's not just campaign donations. Think tanks, media ownership."
"Economics","the-economics-of-inequality","economics--the-economics-of-inequality--t-dark-money-in-politics-wealth-buys-influence","punchline","truncated","In theory, every citizen gets one vote. In practice."
"Economics","the-economics-of-inequality","economics--the-economics-of-inequality--t-monopoly-power-when-competition-dies","twist","truncated","Market power is self-reinforcing: monopoly profits fund lobbying that prevents antitrust enforcement that could."
"Economics","the-economics-of-inequality","economics--the-economics-of-inequality--t-colonial-legacies-how-history-made-some-nations-poor","discovery","truncated","Acemoglu and Robinson showed that colonizers built extractive institutions in resource-rich colonies and inclusive."
"Economics","the-economics-of-inequality","economics--the-economics-of-inequality--t-foreign-aid-lifeline-or-crutch","discovery","truncated","But Dambisa Moyo argued that aid creates dependency, empowers corrupt governments."
"Economics","the-economics-of-inequality","economics--the-economics-of-inequality--t-the-resource-curse-when-wealth-makes-you-poor","discovery","truncated","Easy resource revenue reduces the pressure to build institutions, diversify the economy."
"Economics","the-economics-of-inequality","economics--the-economics-of-inequality--t-the-resource-curse-when-wealth-makes-you-poor","twist","truncated","Norway escaped the curse with a sovereign wealth fund that saves oil revenue for future generations. It now holds $1."
"Economics","the-economics-of-inequality","economics--the-economics-of-inequality--t-inequality-and-democracy-can-they-coexist","discovery","truncated","Gilens and Page found that US policy reflects the preferences of the wealthy almost perfectly and average citizens'."
"Economics","the-economics-of-inequality","economics--the-economics-of-inequality--t-inequality-and-health-the-social-gradient-of-death","buildup","truncated","Michael Marmot discovered the 'social gradient'."
"Economics","the-economics-of-inequality","economics--the-economics-of-inequality--t-reparations-can-you-repair-the-past-with-money","discovery","truncated","Ta-Nehisi Coates argued that 250 years of slavery, followed by 100 years of discrimination."
"Economics","the-economics-of-inequality","economics--the-economics-of-inequality--t-reparations-can-you-repair-the-past-with-money","climax","truncated","Reparations aren't just about checks. They could include education investment, homeownership programs."
"Economics","the-economics-of-inequality","economics--the-economics-of-inequality--t-universal-basic-income-free-money-for-everyone","twist","truncated","Critics argue UBI is too expensive and would cause inflation. A $1,000/month US UBI would cost $3."
"Economics","the-economics-of-technology","economics--the-economics-of-technology--t-productivity-paradox-computers-everywhere-except-the-statistics","hook","missing_quote","Robert Solow wrote in 1987: 'You can see the computer age everywhere but in the productivity statistics."
"Economics","the-economics-of-technology","economics--the-economics-of-technology--t-the-attention-economy-your-eyeballs-are-the-product","buildup","missing_quote","Herbert Simon predicted it in 1971: 'A wealth of information creates a poverty of attention."
"Economics","the-economics-of-technology","economics--the-economics-of-technology--t-network-effects-why-facebook-is-worth-1-trillion","punchline","truncated","In networks, the rich get richer — not because they're better."
"Economics","the-economics-of-technology","economics--the-economics-of-technology--t-the-gig-economy-flexibility-vs-exploitation","hook","missing_quote","Uber calls drivers 'independent contractors."
"Economics","the-economics-of-technology","economics--the-economics-of-technology--t-winner-take-all-in-tech-why-second-place-is-worthless","buildup","truncated","Three forces create tech monopolies: network effects (users attract users), economies of scale (zero marginal cost)."
"Economics","the-economics-of-technology","economics--the-economics-of-technology--t-tech-taxation-can-governments-tax-the-cloud","discovery","truncated","The 'Double Irish Dutch Sandwich' allowed Google to route profits through Ireland, Netherlands, and Bermuda — paying 2."
"Economics","the-economics-of-technology","economics--the-economics-of-technology--t-the-digital-divide-technology-s-unequal-access","buildup","truncated","The digital divide: unequal access to technology, broadband, and digital skills. 2."
"Economics","the-economics-of-technology","economics--the-economics-of-technology--t-cryptocurrency-economics-money-without-borders","punchline","truncated","Crypto asked: what if money didn't need governments? The answer is still."
"Economics","the-economics-of-technology","economics--the-economics-of-technology--t-the-singularity-when-machines-surpass-humans","punchline","truncated","The question isn't whether machines will be smarter."
"Economics","the-economics-of-technology","economics--the-economics-of-technology--t-net-neutrality-should-all-data-be-equal","twist","truncated","ISPs argue paid prioritization funds network investment. Why should Netflix traffic be free when it uses 15% of all."
"Economics","the-history-of-money","economics--the-history-of-money--t-the-medici-bank-how-florence-invented-modern-finance","twist","missing_quote","The Medici disguised interest as 'exchange rate fees."
"Economics","the-history-of-money","economics--the-history-of-money--t-zimbabwe-s-trillion-dollar-bill-when-money-dies","hook","truncated","Monthly inflation hit 79."
Food Science,"flavor-and-taste","food-science--flavor-and-taste--t-how-taste-buds-work","buildup","truncated","Taste buds sit inside papillae—the bumps on your tongue. Each bud contains 50–100 taste receptor cells connected to cranial."
Food Science,"flavor-and-taste","food-science--flavor-and-taste--t-supertasters-and-non-tasters","buildup","truncated","Taste sensitivity is genetic, linked to the TAS2R38 gene. Supertasters have more fungiform papillae per square centimeter on."
Food Science,"flavor-and-taste","food-science--flavor-and-taste--t-supertasters-and-non-tasters","twist","truncated","Supertasters tend to avoid vegetables (too bitter) and eat less variety. Ironically, heightened taste can lead to a less healthy."
Food Science,"flavor-and-taste","food-science--flavor-and-taste--t-supertasters-and-non-tasters","climax","truncated","The remaining 50% are medium tasters. Most chefs and food critics fall here—sensitive enough to evaluate, not so sensitive they."
Food Science,"flavor-and-taste","food-science--flavor-and-taste--t-umami-the-fifth-taste","discovery","truncated","Umami signals protein presence—essential for survival. Breast milk is rich in glutamate, making it one of the first tastes babies."
Food Science,"flavor-and-taste","food-science--flavor-and-taste--t-why-bitter-exists","discovery","truncated","Caffeine, quinine, and nicotine are all bitter alkaloids. We override the warning signal because we learned their effects are."
Food Science,"flavor-and-taste","food-science--flavor-and-taste--t-why-bitter-exists","climax","truncated","Many bitter compounds are healthy—flavonoids in dark chocolate, polyphenols in green tea, and glucosinolates in broccoli all."
Food Science,"flavor-and-taste","food-science--flavor-and-taste--t-aroma-and-memory","twist","truncated","Odor preferences are mostly learned, not innate. Vanilla smells 'good' to Westerners but can seem medicinal in cultures where."
Food Science,"flavor-and-taste","food-science--flavor-and-taste--t-aroma-and-memory","punchline","truncated","Smell bypasses thought and hits emotion first. That's why a single whiff can unlock."
Food Science,"flavor-and-taste","food-science--flavor-and-taste--t-covid-and-taste-loss","discovery","truncated","Most patients recover smell within weeks. But 10–15% experience parosmia—distorted smell where normal foods smell like garbage or."
Food Science,"flavor-and-taste","food-science--flavor-and-taste--t-covid-and-taste-loss","twist","truncated","Parosmia patients often find coffee, meat, and onions repulsive—their most recognizable aromas become the most distorted during."
Food Science,"flavor-and-taste","food-science--flavor-and-taste--t-volatile-aroma-compounds","discovery","truncated","A strawberry's aroma comes from about 350 volatiles—but 15 key ones define 'strawberry.' Remove those and it tastes like sweet."
Food Science,"flavor-and-taste","food-science--flavor-and-taste--t-volatile-aroma-compounds","climax","truncated","Cooking creates new volatiles through Maillard reactions and caramelization. Raw bread dough has few aromas; baking creates over."
Food Science,"flavor-and-taste","food-science--flavor-and-taste--t-caramelization","hook","truncated","Sugar is tasteless when dissolved in water. Heat it to 170°C and it transforms into 100+ compounds with butterscotch, nutty, and."
Food Science,"flavor-and-taste","food-science--flavor-and-taste--t-caramelization","buildup","truncated","Caramelization is the thermal decomposition of sugars—no amino acids needed. Different sugars caramelize at different."
Food Science,"flavor-and-taste","food-science--flavor-and-taste--t-caramelization","discovery","truncated","Fructose caramelizes at 110°C, glucose at 150°C, and sucrose at 160°C. This is why honey (high fructose) browns faster than table."
Food Science,"flavor-and-taste","food-science--flavor-and-taste--t-caramelization","punchline","truncated","Sugar plus heat equals flavor explosion. But 10 extra degrees separates caramel from."
Food Science,"flavor-and-taste","food-science--flavor-and-taste--t-smell-defines-flavor","twist","truncated","Flavor is a brain construction. Your brain merges taste, smell, texture, temperature, and sight into a single perception you call."
Food Science,"flavor-and-taste","food-science--flavor-and-taste--t-why-texture-matters","buildup","truncated","Texture is detected by mechanoreceptors in the mouth, tongue, and teeth. They measure hardness, crunch, viscosity, and particle."
Food Science,"flavor-and-taste","food-science--flavor-and-taste--t-flavor-pairing-theory","buildup","truncated","Flavor pairing theory proposes that foods sharing key volatile compounds will taste good together, if the combination seems."
Food Science,"flavor-and-taste","food-science--flavor-and-taste--t-flavor-pairing-theory","discovery","truncated","A Foodpairing database maps shared volatiles across thousands of foods. It revealed that strawberry and basil, or white chocolate."
Food Science,"flavor-and-taste","food-science--flavor-and-taste--t-miracle-berry","buildup","truncated","Synsepalum dulcificum (miracle berry) contains miraculin—a glycoprotein that binds to sweet receptors on the tongue without."
Food Science,"flavor-and-taste","food-science--flavor-and-taste--t-miracle-berry","twist","truncated","Miraculin works for 30–60 minutes until saliva washes it away. A single berry can transform an entire tasting experience without."
Food Science,"flavor-and-taste","food-science--flavor-and-taste--t-sound-affects-taste","twist","truncated","Crunchiness is partly auditory. When researchers reduced the crunch sound of chips through headphones, subjects rated them as."
Food Science,"flavor-and-taste","food-science--flavor-and-taste--t-temperature-and-flavor","discovery","truncated","TRPM5 receptors that detect sweet and umami are temperature-sensitive. They respond more at 37°C (body temp) and less at low."
Food Science,"flavor-and-taste","food-science--flavor-and-taste--t-temperature-and-flavor","climax","truncated","Red wine is served at 16–18°C (not room temperature) to balance aroma release and tannin perception. Too warm and alcohol."
Food Science,"flavor-and-taste","food-science--flavor-and-taste--t-flavor-encapsulation","punchline","truncated","Tiny shells lock in flavor until the right moment. Chew, heat, or dissolve to release on."
Food Science,"flavor-and-taste","food-science--flavor-and-taste--t-natural-vs-artificial-flavors","discovery","truncated","Natural vanilla requires 600 hand-pollinated orchids for 1 kg of extract. Synthetic vanillin costs 1% of the price and is."
Food Science,"flavor-and-taste","food-science--flavor-and-taste--t-carbonation-and-fizz","hook","truncated","The tingle of sparkling water isn't from the bubbles popping—it's from carbonic acid stimulating pain and sour receptors on your."
Food Science,"flavor-and-taste","food-science--flavor-and-taste--t-carbonation-and-fizz","buildup","truncated","CO₂ dissolves in water to form carbonic acid. The acid, not the physical bubbles, creates the biting sensation you feel in."
Food Science,"flavor-and-taste","food-science--flavor-and-taste--t-emulsions-in-food","buildup","truncated","Oil and water don't mix—but emulsifiers (molecules with water-loving and oil-loving ends) stabilize tiny droplets of one within."
Food Science,"flavor-and-taste","food-science--flavor-and-taste--t-emulsions-in-food","discovery","truncated","Egg yolk lecithin is the classic emulsifier in mayonnaise. Mustard emulsifies."
Food Science,"flavor-and-taste","food-science--flavor-and-taste--t-fat-as-mouthfeel","hook","truncated","Whole milk 'feels' richer than skim milk—not because of taste but because fat coats your tongue and creates a smooth, creamy."
Food Science,"flavor-and-taste","food-science--flavor-and-taste--t-fermentation-flavors","hook","truncated","Blue cheese, sourdough bread, soy sauce, and chocolate all owe their complex flavors to microbial fermentation, not the raw."
Food Science,"flavor-and-taste","food-science--flavor-and-taste--t-fermentation-flavors","punchline","truncated","Microbes are invisible chefs. They transform simple foods into hundreds of flavors humans."
Food Science,"flavor-and-taste","food-science--flavor-and-taste--t-spice-heat-and-capsaicin","hook","truncated","Capsaicin doesn't create a taste—it triggers pain receptors. The 'heat' from chili peppers is literally your body signaling."
Food Science,"flavor-and-taste","food-science--flavor-and-taste--t-spice-heat-and-capsaicin","discovery","truncated","Birds lack TRPV1 sensitivity to capsaicin—they eat peppers without pain. Plants evolved capsaicin to deter mammals but attract."
Food Science,"flavor-and-taste","food-science--flavor-and-taste--t-umami-enhancers","climax","truncated","Kelp, dried bonito, aged parmesan, and soy sauce all achieve umami naturally. Industrial enhancers replicate what traditional."
Food Science,"food-processing","food-science--food-processing--t-dairy-processing","buildup","truncated","Homogenization forces milk through tiny nozzles at high pressure, breaking fat globules from 10 μm to 1 μm so cream can't."
Food Science,"food-processing","food-science--food-processing--t-milling-and-refining-grains","climax","truncated","Stone-ground flour retains more nutrients because grinding creates less heat than steel rollers, preserving heat-sensitive."
Food Science,"food-processing","food-science--food-processing--t-sugar-refining","climax","truncated","Beet sugar and cane sugar are chemically identical—pure sucrose. You can't distinguish them in a blind taste test despite."
Food Science,"food-processing","food-science--food-processing--t-canning-and-retort","climax","truncated","BPA (bisphenol A) in can linings sparked health concerns. Most manufacturers now use BPA-free alternatives, though debate about."
Food Science,"food-processing","food-science--food-processing--t-extrusion-cooking","climax","truncated","A single extruder can produce 10 tons of product per hour. It's one of the most versatile and efficient machines in all food."
Food Science,"food-processing","food-science--food-processing--t-pasteurization","twist","truncated","Pasteurization doesn't sterilize—it reduces pathogen counts to safe levels. That's why pasteurized milk spoils and needs."
Food Science,"food-processing","food-science--food-processing--t-centrifugation","discovery","truncated","Industrial centrifuges process 30,000 liters of milk per hour—separating cream, removing bacteria, and clarifying in a single."
Food Science,"food-processing","food-science--food-processing--t-crystallization","hook","truncated","Chocolate that's been poorly tempered turns white and crumbly. Proper crystallization of cocoa butter determines if chocolate."
Food Science,"food-processing","food-science--food-processing--t-distillation","twist","truncated","Essential oil extraction from herbs uses steam distillation—steam carries volatile oils from plant material, then condenses into."
Food Science,"food-processing","food-science--food-processing--t-filtration-and-membranes","twist","truncated","Reverse osmosis is so fine it separates water from dissolved minerals—it's how seawater becomes drinking water and how maple sap."
Food Science,"food-processing","food-science--food-processing--t-freeze-drying","hook","truncated","Astronaut ice cream is freeze-dried—water removed without melting. The result is a crunchy, shelf-stable block that weighs 80%."
Food Science,"food-processing","food-science--food-processing--t-freeze-drying","climax","truncated","Instant coffee started as freeze-dried coffee. Vaccines, blood plasma, and probiotics use freeze drying to preserve biological."
Food Science,"food-processing","food-science--food-processing--t-active-and-smart-packaging","buildup","truncated","Active packaging interacts with food or its environment: oxygen scavengers extend shelf life, ethylene absorbers slow fruit."
Food Science,"food-processing","food-science--food-processing--t-active-and-smart-packaging","discovery","truncated","Iron-based oxygen absorbers in beef jerky packets remove residual oxygen, preventing fat oxidation and maintaining flavor for up."
Food Science,"food-processing","food-science--food-processing--t-glass-vs-plastic-vs-metal","discovery","truncated","Glass lets zero oxygen through. Plastic allows slow oxygen permeation. That's why beer in green or brown glass bottles lasts."
Food Science,"food-processing","food-science--food-processing--t-vacuum-packaging","hook","truncated","Vacuum-sealed steak lasts 3–5 weeks in the fridge versus 3–5 days unwrapped. Removing air is the simplest way to multiply shelf."
Food Science,"food-processing","food-science--food-processing--t-vacuum-packaging","buildup","truncated","Vacuum packaging removes 99% of air from the package, then heat-seals it. Without oxygen, aerobic bacteria can't grow and fats."
Food Science,"food-processing","food-science--food-processing--t-metal-detection-and-x-ray","buildup","truncated","Metal detectors use electromagnetic fields to detect ferrous, non-ferrous."
Food Science,"food-processing","food-science--food-processing--t-metal-detection-and-x-ray","discovery","truncated","X-ray inspection detects not metal but bone, glass, stone, and dense plastic. It scans through aluminum packaging that would."
Food Science,"food-processing","food-science--food-processing--t-sensory-evaluation","buildup","truncated","Sensory evaluation uses panels of 8–12 trained tasters who score appearance, aroma, flavor, texture, and aftertaste on calibrated."
Food Science,"food-processing","food-science--food-processing--t-shelf-life-testing","hook","truncated","'Best before' dates aren't safety dates—they're quality estimates. Manufacturers use accelerated testing to predict how long food."
Food Science,"food-processing","food-science--food-processing--t-shelf-life-testing","discovery","truncated","Accelerated shelf life testing (ASLT) stores food at elevated temperature. Reactions speed up ~2x per 10°C increase, predicting."
Food Science,"food-processing","food-science--food-processing--t-traceability-systems","hook","truncated","In 2013, horse meat was found in beef products across Europe. Traceability failures meant no one could pinpoint where."
Food Science,"food-processing","food-science--food-processing--t-water-activity-and-shelf-life","twist","truncated","Molds can grow at lower aw than bacteria—down to 0.7. That's why bread molds (aw ~0.95) before meat does, though bread seems."
Food Science,"food-processing","food-science--food-processing--t-3d-food-printing","discovery","truncated","3D printing creates textures impossible by hand—intricate lattices, gradient flavors, and personalized portion sizes calculated."
Food Science,"food-processing","food-science--food-processing--t-3d-food-printing","climax","truncated","A Michelin-starred restaurant in Barcelona uses 3D printers for desserts. The technology moved from novelty to commercial fine."
Food Science,"food-processing","food-science--food-processing--t-high-pressure-processing","discovery","truncated","HPP preserves fresh taste, color, and nutrients because no heat is applied. Guacamole, juices, and deli meats are the largest HPP."
Food Science,"food-processing","food-science--food-processing--t-high-pressure-processing","climax","truncated","The HPP market grew from $10 billion to $19 billion in five years. Consumer demand for 'clean label' (fewer preservatives) drives."
Food Science,"food-processing","food-science--food-processing--t-precision-fermentation","buildup","truncated","Precision fermentation programs microorganisms (yeast, bacteria, fungi) to produce specific proteins, fats, or flavors identical."
Food Science,"food-safety","food-science--food-safety--t-prerequisite-programs","hook","truncated","HACCP can't work in a dirty factory. Prerequisite programs—cleaning, pest control, training."
Food Science,"history-of-food-science","food-science--history-of-food-science--t-beriberi-and-thiamine","punchline","truncated","Polishing rice for shelf life removed the nutrient that prevented death. Enrichment put."
Food Science,"history-of-food-science","food-science--history-of-food-science--t-discovery-of-calories","hook","truncated","Wilbur Atwater built the first human calorimeter in 1896—a sealed room that measured every calorie a person burned by tracking."
Food Science,"history-of-food-science","food-science--history-of-food-science--t-discovery-of-calories","climax","truncated","The FDA requires calorie counts on all US food labels since 1990. Atwater's 1896 system remains the legal basis for every."
Food Science,"history-of-food-science","food-science--history-of-food-science--t-cheese-accidental-invention","buildup","truncated","The oldest cheese residues date to 5500 BCE in Poland. Pottery strainers with milk fat traces show early farmers were making."
Food Science,"history-of-food-science","food-science--history-of-food-science--t-discovery-of-fire-and-cooking","buildup","truncated","Raw food requires enormous energy to chew and digest. Cooking breaks down proteins and starches, making calories far more."
Food Science,"history-of-food-science","food-science--history-of-food-science--t-fermentation-s-ancient-roots","punchline","truncated","9,000 years of fermentation—all by accident. We used microbes for millennia before we."
Food Science,"history-of-food-science","food-science--history-of-food-science--t-salt-as-the-first-preservative","discovery","truncated","Salt cod sustained European exploration. Without salted fish lasting months at sea, Columbus and other explorers couldn't have."
Food Science,"history-of-food-science","food-science--history-of-food-science--t-spice-trade-and-food-science","buildup","truncated","Spices weren't flavor—they masked off-tastes in aging food, provided antimicrobial protection, and served as medicine before."
Food Science,"history-of-food-science","food-science--history-of-food-science--t-spice-trade-and-food-science","discovery","truncated","A 1998 Cornell study proved that spice use correlates with climate: hotter countries use more antimicrobial spices because food."
Food Science,"history-of-food-science","food-science--history-of-food-science--t-clarence-birdseye-and-freezing","twist","truncated","Birdseye's first product launch in 1930 failed—nobody had freezers. He had to convince grocery stores to buy freezer cases before."
Food Science,"history-of-food-science","food-science--history-of-food-science--t-irradiation-controversy","discovery","truncated","NASA irradiates all meat sent to the International Space Station. It's the safest food preservation method for long-duration."
Food Science,"history-of-food-science","food-science--history-of-food-science--t-louis-pasteur-s-revolution","buildup","truncated","Pasteur proved that microorganisms cause spoilage—not 'spontaneous generation.' His swan-neck flask experiment in 1859 disproved."
Food Science,"history-of-food-science","food-science--history-of-food-science--t-louis-pasteur-s-revolution","climax","truncated","Pasteur's work led to vaccines, sterilization, and food safety regulations. One man's curiosity about sour wine transformed."
Food Science,"history-of-food-science","food-science--history-of-food-science--t-pasteurized-milk-movement","discovery","truncated","Nathan Straus (Macy's co-owner) funded pasteurization stations in New York starting in 1893, proving that heating milk."
Food Science,"history-of-food-science","food-science--history-of-food-science--t-the-birth-of-breakfast-cereal","hook","truncated","Corn Flakes were invented by accident in 1894 when John Kellogg left cooked wheat sitting out, it went stale, and he rolled it."
Food Science,"history-of-food-science","food-science--history-of-food-science--t-world-war-ii-military-rations","hook","truncated","WWII drove more food science innovation than the previous 50 years combined. Feeding 16 million troops required shelf-stable."
Food Science,"history-of-food-science","food-science--history-of-food-science--t-gmos-golden-rice-debate","hook","truncated","250,000 children go blind each year from vitamin A deficiency. Golden Rice—engineered to produce beta-carotene."
Food Science,"history-of-food-science","food-science--history-of-food-science--t-gmos-golden-rice-debate","buildup","truncated","Ingo Potrykus and Peter Beyer created Golden Rice in 1999—inserting daffodil and bacterial genes into rice to produce."
Food Science,"history-of-food-science","food-science--history-of-food-science--t-gmos-golden-rice-debate","discovery","truncated","A single cup of Golden Rice provides 50% of daily vitamin A needs. It's designed for subsistence farmers who can't access."
Food Science,"history-of-food-science","food-science--history-of-food-science--t-molecular-gastronomy","discovery","truncated","Ferran Adrià at elBulli turned science into art—spherified olives, frozen parmesan air, and transparent ravioli made from gelling."
Food Science,"history-of-food-science","food-science--history-of-food-science--t-molecular-gastronomy","climax","truncated","elBulli served 50 diners per night with a staff of 50—half the team was R&D. It closed in 2011, but molecular gastronomy's."
Food Science,"history-of-food-science","food-science--history-of-food-science--t-sous-vide-revolution","discovery","truncated","Precise temperature control means perfect doneness edge-to-edge—no gradient from well-done exterior to raw center like."
Food Science,"history-of-food-science","food-science--history-of-food-science--t-sous-vide-revolution","climax","truncated","By 2010, sous vide moved from elite restaurants to home kitchens. Affordable immersion circulators under $100 brought laboratory."
Food Science,"history-of-food-science","food-science--history-of-food-science--t-the-microwave-oven","buildup","truncated","He tested popcorn kernels—they popped. Then an egg—it exploded. Spencer filed a patent and Raytheon built the first commercial."
Food Science,"history-of-food-science","food-science--history-of-food-science--t-european-horse-meat-scandal","punchline","truncated","Not a safety crisis—a trust crisis. If they can't tell beef from horse, what else don't."
Food Science,"history-of-food-science","food-science--history-of-food-science--t-mad-cow-disease-crisis","discovery","truncated","BSE spread because cattle were fed meat-and-bone meal from infected animals—a practice that turned herbivores into involuntary."
Food Science,"history-of-food-science","food-science--history-of-food-science--t-sugar-industry-cover-up","twist","truncated","The resulting low-fat dietary guidelines (1980–2010) led to 30 years of increased sugar consumption, obesity, and metabolic."
Food Science,"history-of-food-science","food-science--history-of-food-science--t-sugar-industry-cover-up","climax","truncated","The conflict-of-interest rules that exist today in nutrition science—mandatory disclosure, funding transparency."
Food Science,"history-of-food-science","food-science--history-of-food-science--t-sugar-industry-cover-up","punchline","truncated","Paid science, wrong guidelines, 30 years of damage. One industry's deception shaped."
Food Science,"history-of-food-science","food-science--history-of-food-science--t-the-jungle-and-the-fda","twist","truncated","Sinclair wrote the book to expose worker exploitation, not food safety. He said: 'I aimed at the public's heart, and by accident."
Food Science,"history-of-food-science","food-science--history-of-food-science--t-the-green-revolution","climax","truncated","Green Revolution rice in Asia similarly doubled yields. Global grain production tripled from 1950–2000 while farmland only."
"Future Tech","3d-printing-frontiers","future-tech--3d-printing-frontiers--t-fdm-the-desktop-standard","buildup","truncated","Each layer is about 0."
"Future Tech","artificial-general-intelligence","future-tech--artificial-general-intelligence--t-what-is-agi","discovery","truncated","AGI wouldn't process data."
"Future Tech","artificial-general-intelligence","future-tech--artificial-general-intelligence--t-reward-hacking","twist","truncated","Reward hacking is cute in games."
"Future Tech","autonomous-vehicles","future-tech--autonomous-vehicles--t-why-self-driving-cars","discovery","truncated","Self-driving cars could cut traffic deaths by 90%, save 1."
"Future Tech","autonomous-vehicles","future-tech--autonomous-vehicles--t-waymo-the-front-runner","hook","truncated","Waymo started as Google's self-driving project in 2009. Fifteen years and $5."
"Future Tech","artificial-general-intelligence","future-tech--artificial-general-intelligence--t-openai-s-mission","punchline","truncated","Built to save the world."
"Future Tech","gene-editing-revolution","future-tech--gene-editing-revolution--t-the-human-genome-project","hook","truncated","In 1990, scientists launched the Human Genome Project to read every letter of human DNA. It took 13 years and $2."
"Future Tech","nanotechnology-revolution","future-tech--nanotechnology-revolution--t-nature-s-nanotechnology","discovery","truncated","DNA is nature's nanomachine: 2."
"Gardening","ethnobotany","korean-natural-farming","hook","truncated","Korean Natural Farming uses no purchased inputs. Everything—fertilizer, pest control, seed treatment."
"Gardening","ethnobotany","aboriginal-fire-stick-farming","discovery","truncated","Fire-stick farming created the open eucalyptus woodlands Europeans mistook for 'wilderness."
"Gardening","ethnobotany","traditional-chinese-medicinal-gardens","discovery","truncated","Artemisinin—the Nobel Prize-winning malaria drug—was derived from sweet wormwood, used in Chinese medicine for 2."
"Gardening","ethnobotany","urban-farming-the-new-agriculture","discovery","truncated","Brooklyn Grange operates the world's largest rooftop soil farms: 5.6 acres across NYC rooftops producing 80."
"Gardening","ethnobotany","persian-carpet-gardens","buildup","truncated","Nomadic Persians couldn't plant gardens. So they wove them—four-quadrant designs with flowers, trees."
"Gardening","garden-design","negative-space-the-power-of-empty","twist","truncated","New gardeners fill every inch with plants. Expert designers know that restraint—leaving space open."
"Gardening","garden-design","the-english-landscape-garden","buildup","truncated","Capability Brown redesigned over 170 estates, replacing formal gardens with rolling lawns, lakes."
"Gardening","garden-design","the-islamic-paradise-garden","discovery","truncated","The Chahar Bagh (four gardens) layout appears from Alhambra to Taj Mahal—a design language spanning 1."
"Gardening","garden-design","the-white-garden-revolution","climax","truncated","Restricting color doesn't limit design. It liberates creativity by forcing attention to subtler."
"Gardening","garden-design","arts-and-crafts-gardens","buildup","truncated","Arts and Crafts gardens blended architecture with planting. Edwin Lutyens designed the structure."
"Gardening","garden-design","therapeutic-garden-design","twist","truncated","These principles apply to all garden users. Everyone benefits from sensory richness, safe paths."
"Gardening","garden-ecology","mycorrhizal-fungi-networks","twist","truncated","Mother trees send more resources to their offspring through the network. The system isn't equal—it shows plant 'kinship."
"Gardening","seed-science","seed-coats-nature-s-armor","twist","truncated","Some seeds need their coat damaged to germinate—a process called scarification. Without scratching."
"Gardening","seed-science","what-triggers-germination","buildup","truncated","Most seeds need three things to germinate: water (to activate enzymes), oxygen (for respiration)."
"Gardening","seed-science","the-spice-trade-seeds-worth-gold","twist","truncated","A French botanist smuggled nutmeg seedlings out of Dutch territory. Once planted elsewhere."
"Genetics","epigenetics","genetics--epigenetics--t-genomic-imprinting","climax","truncated","Prader-Willi and Angelman syndromes both come from chromosome 15, but from different."
"Genetics","epigenetics","genetics--epigenetics--t-long-non-coding-rna","buildup","truncated","Long non-coding RNAs don't code for proteins but regulate gene expression without making."
"Genetics","epigenetics","genetics--epigenetics--t-long-non-coding-rna","discovery","truncated","Xist RNA coats one X chromosome in females, recruiting silencing proteins to lock down 1,000+."
"Genetics","epigenetics","genetics--epigenetics--t-x-inactivation","discovery","truncated","One X is shut down through DNA methylation and histone changes that shut down the whole."
"Genetics","epigenetics","genetics--epigenetics--t-the-dutch-hunger-winter","climax","truncated","The Dutch Hunger Winter proved epigenetic effects can be passed through generations without."
"Genetics","epigenetics","genetics--epigenetics--t-toxins-and-epigenetic-damage","discovery","truncated","Vinclozolin exposure in pregnant rats caused fertility problems passed down for four generations through altered."
"Genetics","epigenetics","genetics--epigenetics--t-toxins-and-epigenetic-damage","climax","truncated","The implications are staggering: a single chemical exposure can create epigenetic marks that persist across."
"Genetics","epigenetics","genetics--epigenetics--t-lamarck-s-revenge","twist","truncated","Lamarck was mocked for saying acquired traits could be inherited. Epigenetics has partially vindicated by."
"Genetics","epigenetics","genetics--epigenetics--t-transgenerational-trauma","hook","truncated","Children of Holocaust survivors show altered stress hormones even though they never lived."
"Genetics","epigenetics","genetics--epigenetics--t-mental-health-and-methylation","buildup","truncated","A groundbreaking McGill study found altered NR3C1 methylation in suicide victims who experienced childhood abuse and later."
"Genetics","epigenetics","genetics--epigenetics--t-mental-health-and-methylation","climax","truncated","Epigenetic psychiatry could one day offer treatments that target those marks directly—not just."
"Genetics","epigenetics","genetics--epigenetics--t-yamanaka-factors","buildup","truncated","Four transcription factors—Oct4, Sox2, Klf4, c-Myc—can reprogram adult cells by erasing adult marks and restoring."
"Genetics","future-of-genetics","genetics--future-of-genetics--t-expanded-genetic-alphabet","climax","truncated","Expanding DNA’s alphabet could create proteins impossible in nature—new drugs, materials, and enzymes beyond."
"Genetics","future-of-genetics","genetics--future-of-genetics--t-xenobots-living-robots","discovery","truncated","Xenobots can push pellets, self-heal when cut, and even replicate by gathering loose cells into new copies of."
"Genetics","future-of-genetics","genetics--future-of-genetics--t-newborn-genome-screening","twist","truncated","But what about untreatable findings? Learning your baby carries Alzheimer’s risk with no available treatment causes."
"Genetics","genetics-and-human-origins","genetics--genetics-and-human-origins--t-coastal-highway-theory","buildup","truncated","The coastal migration theory proposes humans left Africa along the Indian Ocean rim, eating shellfish and following."
"Genetics","genetics-and-human-origins","genetics--genetics-and-human-origins--t-the-great-migration","twist","truncated","There may have been earlier exits—fossils in Israel date to 180,000 years ago—but those groups left no lasting genetic."
"Genetics","genetics-and-human-origins","genetics--genetics-and-human-origins--t-ancient-plagues-revealed","climax","truncated","Ancient pathogen DNA shows how diseases shaped human evolution, migration, and population changes far more than we ever."
"Genetics","genetics-and-human-origins","genetics--genetics-and-human-origins--t-the-denisovan-discovery","hook","truncated","In 2010, a tiny finger bone from a Siberian cave revealed an entirely new species of human—known only from DNA, not."
"Genetics","genetics-and-human-origins","genetics--genetics-and-human-origins--t-the-yamnaya-expansion","hook","truncated","About 5,000 years ago, the Yamnaya people swept out of the steppe and replaced up to 75% of European male lineages in."
"Genetics","genetics-and-human-origins","genetics--genetics-and-human-origins--t-ancestry-tests-and-identity","twist","truncated","A ‘Nigerian’ result means your DNA resembles modern Nigerians—not that your ancestors were from the current political."
"Genetics","genetics-and-human-origins","genetics--genetics-and-human-origins--t-haplogroups-explained","climax","truncated","Combined with autosomal DNA, haplogroups help reconstruct thousands of years of migration, conquest, and settlement at."
"Genetics","genetics-and-human-origins","genetics--genetics-and-human-origins--t-indigenous-dna-rights","buildup","truncated","The Havasupai tribe sued Arizona State University in 2004 after their DNA—given for diabetes research—was used for."
"Genetics","genetics-and-human-origins","genetics--genetics-and-human-origins--t-rewriting-history-with-dna","discovery","truncated","Ancient DNA proved modern Britons descend heavily from Yamnaya-related migrations, not the megalith builders of."
"Hospitality","food-and-beverage-management","hospitality--food-and-beverage-management--t-plant-based-menus-in-hotels","discovery","truncated","Plant-based dishes often have lower food costs than meat-based ones. Legumes, grains."
"Hospitality","food-and-beverage-management","hospitality--food-and-beverage-management--t-the-rise-of-food-halls-in-hotels","climax","truncated","Food halls also attract locals—turning the hotel into a neighborhood hub. Local foot traffic feeds the bar and generates."
"Hospitality","food-and-beverage-management","hospitality--food-and-beverage-management--t-mise-en-place-everything-in-its-place","climax","truncated","Restaurants that invest in thorough mise en place are faster during service, waste less food, and have fewer errors under."
"Hospitality","guest-psychology","hospitality--guest-psychology--t-the-welcome-ritual","twist","truncated","Budget hotels skip welcome rituals to save time and money. But even a genuine ‘welcome back’ can achieve the same emotional."
"Hospitality","guest-psychology","hospitality--guest-psychology--t-the-endowment-effect-at-check-in","twist","truncated","Smart hotels offer upgrades at check-in (not before). Once the guest holds the standard key."
"Hospitality","guest-psychology","hospitality--guest-psychology--t-personalization-vs-privacy","buildup","truncated","CRM systems store guest data across visits: room temperature preferences, dietary restrictions, anniversary dates, even shoe."
"Hospitality","guest-psychology","hospitality--guest-psychology--t-how-memories-are-formed-in-hotels","twist","truncated","Hotels can manufacture memorable moments intentionally. Ritz-Carlton calls them ‘wow stories’"
"Hospitality","hospitality-around-the-world","hospitality--hospitality-around-the-world--t-chinese-banquet-culture","hook","truncated","In Chinese culture, hosting a banquet is a social obligation and art form. The host orders for everyone—and always orders too."
"Hospitality","hospitality-around-the-world","hospitality--hospitality-around-the-world--t-south-korean-jeong-warmth-through-connection","twist","truncated","Korea’s rapid modernization created a split: traditional jeong-based service in local businesses vs."
"Hospitality","hospitality-around-the-world","hospitality--hospitality-around-the-world--t-desert-hospitality-and-bedouin-tradition","buildup","truncated","Visitors receive food, shelter, and protection. The host sacrifices their own resources because in the desert."
"Hospitality","hospitality-around-the-world","hospitality--hospitality-around-the-world--t-scandinavian-hygge-and-hotel-design","climax","truncated","The hygge aesthetic now influences hotel design worldwide—Marriott."
"Hospitality","hospitality-around-the-world","hospitality--hospitality-around-the-world--t-hospitality-labor-migration","hook","truncated","Dubai’s hotels are staffed almost entirely by foreign workers. The Philippines, India."
"Hospitality","hospitality-around-the-world","hospitality--hospitality-around-the-world--t-canadian-wilderness-lodges","buildup","truncated","Properties like Clayoquot, Fogo Island Inn, and Nimmo Bay combine five-star service with remote."
"Hospitality","hospitality-around-the-world","hospitality--hospitality-around-the-world--t-canadian-wilderness-lodges","climax","truncated","Canadian wilderness lodges prove that isolation itself is luxury. In an over-connected world."
"Hospitality","hospitality-around-the-world","hospitality--hospitality-around-the-world--t-moroccan-riad-hospitality","hook","truncated","A riad is a traditional Moroccan house with an interior courtyard garden. Converted into boutique hotels, riads offer intimate."
"Hospitality","hospitality-around-the-world","hospitality--hospitality-around-the-world--t-moroccan-riad-hospitality","climax","truncated","Riads proved that small-scale, culturally rooted hospitality can compete with—and often outperform."
"Hospitality","hospitality-around-the-world","hospitality--hospitality-around-the-world--t-ubuntu-i-am-because-we-are","twist","truncated","Ubuntu challenges the Western model of individual service. In ubuntu hospitality."
"Hospitality","hotel-design-and-architecture","hospitality--hotel-design-and-architecture--t-art-in-hotel-lobbies","climax","truncated","Art elevates a hotel from functional to cultural. It tells guests: ‘This isn’t just a place to sleep."
"Hospitality","hotel-design-and-architecture","hospitality--hotel-design-and-architecture--t-the-check-in-experience-redesigned","discovery","truncated","CitizenM hotels replaced the front desk with self-service kiosks—check-in takes 60 seconds. Staff roam freely to help, not."
"Hospitality","hotel-design-and-architecture","hospitality--hotel-design-and-architecture--t-the-lobby-as-living-room","discovery","truncated","Revenue data proved it: guests who spend time in the lobby spend 40% more on food, drink."
"Hospitality","hotel-design-and-architecture","hospitality--hotel-design-and-architecture--t-bar-design-and-revenue-psychology","twist","truncated","Many hotels now place bars in lobby centers rather than separate rooms. Visibility increases impulse purchases from passing."
"Hospitality","hotel-design-and-architecture","hospitality--hotel-design-and-architecture--t-adaptive-reuse-old-buildings-new-hotels","climax","truncated","But the premium pays off: guests pay more for a hotel with a story. ‘You’re sleeping in a 200-year-old bank vault’ is."
"Hospitality","hotel-design-and-architecture","hospitality--hotel-design-and-architecture--t-the-bathroom-revolution","climax","truncated","Bathroom design now consumes up to 40% of a hotel room’s renovation budget. It’s the space guests photograph most for social."
"Hospitality","hotel-design-and-architecture","hospitality--hotel-design-and-architecture--t-acoustic-design-in-restaurants","climax","truncated","Noise levels above 80 decibels reduce dining enjoyment by 20%. Acoustic design directly impacts revenue through guest."
"Hospitality","hotel-design-and-architecture","hospitality--hotel-design-and-architecture--t-leed-certified-hotels","climax","truncated","Hotels market sustainability to attract eco-conscious travelers and corporate clients with ESG mandates. Green is now a sales."
"Hospitality","hotel-design-and-architecture","hospitality--hotel-design-and-architecture--t-3d-printed-hotels","hook","truncated","ICON, a construction company, 3D-printed a hotel in Marfa, Texas—walls, curves."
"Hospitality","hotel-design-and-architecture","hospitality--hotel-design-and-architecture--t-3d-printed-hotels","buildup","truncated","3D printing uses concrete or composite materials extruded through a nozzle. It can create organic."
"Hospitality","hotel-design-and-architecture","hospitality--hotel-design-and-architecture--t-modular-construction","buildup","truncated","Modules are built off-site with plumbing, wiring, and finishes pre-installed. On-site assembly reduces construction time by."
"Hospitality","legendary-hoteliers","hospitality--legendary-hoteliers--t-liz-lambert-punk-rock-hospitality","climax","truncated","Her properties became cultural icons in Texas—proving that independent, personality-driven hotels can thrive against global."
"Hospitality","legendary-hoteliers","hospitality--legendary-hoteliers--t-the-next-generation-of-hoteliers","discovery","truncated","Concepts like Selina (co-living meets hotel), CitizenM (tech-forward budget luxury), and Sonder (apartment hotels) blur."
"Hospitality","revenue-management","hospitality--revenue-management--t-competitive-rate-shopping","hook","truncated","Hotels check competitor prices dozens of times daily using automated ‘rate shopping’ tools. Knowing the rival’s price is."
"Hospitality","revenue-management","hospitality--revenue-management--t-predicting-demand-patterns","twist","truncated","Unexpected events—pandemics, natural disasters, surprise concerts—can shatter forecasts overnight. Models never capture."
"Hospitality","revenue-management","hospitality--revenue-management--t-revenue-management-as-strategy","climax","truncated","From a back-office number-cruncher to a C-suite strategist—revenue management’s rise mirrors the data revolution in all."
"Hospitality","revenue-management","hospitality--revenue-management--t-overbooking-the-calculated-risk","buildup","truncated","Historically, 5–15% of hotel reservations result in no-shows. If a 100-room hotel doesn’t overbook."
"Hospitality","revenue-management","hospitality--revenue-management--t-metasearch-the-aggregator-layer","buildup","truncated","Metasearch sites show the same room’s price on Booking.com, Expedia, and the hotel’s website side by side. Transparency for."
"Hospitality","revenue-management","hospitality--revenue-management--t-revpar-the-king-of-hotel-metrics","discovery","truncated","RevPAR captures both pricing power and demand. High rates with low occupancy or low rates with full rooms both produce poor."
"Hospitality","the-business-of-events","hospitality--the-business-of-events--t-convention-centers-cities-within-cities","discovery","truncated","The economic multiplier is powerful: a 10,000-person medical conference can generate $25+ million in local spending over four."
"Hospitality","the-business-of-events","hospitality--the-business-of-events--t-convention-centers-cities-within-cities","twist","truncated","Many convention centers lose money operationally. They survive because the indirect economic impact—hotel tax, restaurant revenue."
"Hospitality","the-business-of-events","hospitality--the-business-of-events--t-hotel-room-blocks-and-attrition","hook","truncated","When a conference books 500 hotel rooms, it signs an attrition clause: if fewer than 80% are filled."
"Hospitality","the-business-of-events","hospitality--the-business-of-events--t-hotel-room-blocks-and-attrition","discovery","truncated","Attrition penalties can reach $50,000–200,000 for large events. Under-attendance doesn’t just hurt."
"Hospitality","the-business-of-events","hospitality--the-business-of-events--t-trade-shows-the-marketplace-floor","hook","truncated","Trade shows generate $13+ billion annually in the US alone. They put buyers and sellers face-to-face on a massive."
"Hospitality","the-business-of-events","hospitality--the-business-of-events--t-trade-shows-the-marketplace-floor","buildup","truncated","Exhibitors pay $100–500+ per square meter for booth space. A 20×20 booth at a major show can cost $50,000–200."
"Hospitality","the-business-of-events","hospitality--the-business-of-events--t-celebration-event-trends","climax","truncated","The celebration event segment grows 10% annually. People spend more on experiences and milestones as material consumption."
"Hospitality","the-business-of-events","hospitality--the-business-of-events--t-destination-wedding-economics","climax","truncated","Resorts now offer all-inclusive wedding packages: ceremony, reception, cake, photographer."
"Hospitality","the-business-of-events","hospitality--the-business-of-events--t-the-300-billion-global-wedding-industry","climax","truncated","Weddings are the highest-revenue-per-event category for many hotels. A single wedding can generate $50,000–500."
"Hospitality","the-business-of-events","hospitality--the-business-of-events--t-banquet-operations-feeding-thousands","hook","truncated","Serving 1,000 plated meals simultaneously requires military precision. Every plate must hit the table hot, beautiful."
"Hospitality","the-business-of-events","hospitality--the-business-of-events--t-av-and-production-invisible-infrastructure","hook","truncated","Audio-visual costs can consume 20–30% of a conference budget. Sound, lighting, screens."
"Hospitality","the-business-of-events","hospitality--the-business-of-events--t-hybrid-events-the-new-normal","hook","truncated","Hybrid events serve in-person and virtual audiences simultaneously. Post-pandemic."
"Insurance","auto-insurance-decoded","insurance--auto-insurance-decoded--t-connected-cars-and-real-time-pricing","climax","truncated","Connected cars make hyper-personalized insurance possible. The trade-off is total driving surveillance. Privacy vs."
"Insurance","the-future-of-insurance","insurance--the-future-of-insurance--t-genetic-testing-and-life-insurance","climax","truncated","Genetic testing forces insurance to choose: use all data for accurate pricing."

"Learning Methods","metacognition","learning-methods--metacognition--t-how-experts-learn-differently","twist","truncated","Expert strategies look effortless because they're automatic. But they were once conscious metacognitive acts that got."
"Learning Methods","motivation-and-habit","learning-methods--motivation-and-habit--t-autonomy-and-learning","buildup","truncated","Autonomy means having a sense of choice and control over your actions. It's the strongest predictor of sustained."
"Learning Methods","motivation-and-habit","learning-methods--motivation-and-habit--t-gamification-in-learning","discovery","truncated","Research shows gamification boosts short-term engagement. But long-term learning depends on whether the games promote."
"Learning Methods","motivation-and-habit","learning-methods--motivation-and-habit--t-the-overjustification-effect","discovery","truncated","The brain reinterprets the activity: 'I do this for the reward' replaces 'I do this because I enjoy it.' Remove."
"Learning Methods","motivation-and-habit","learning-methods--motivation-and-habit--t-the-overjustification-effect","buildup","truncated","This is the overjustification effect. External rewards can undermine pre-existing intrinsic motivation by changing."
"Learning Methods","motivation-and-habit","learning-methods--motivation-and-habit--t-the-overjustification-effect","twist","truncated","Not all external rewards are harmful. Unexpected rewards, verbal praise, and informational feedback can enhance."
"Learning Methods","motivation-and-habit","learning-methods--motivation-and-habit--t-social-motivation-and-accountability","buildup","truncated","Social accountability creates a positive external pressure. The desire to avoid letting others down becomes."
"Learning Methods","motivation-and-habit","learning-methods--motivation-and-habit--t-habit-stacking-for-learning","buildup","truncated","Existing habits have strong neural pathways. Attaching a new behavior to an established cue borrows that pathway's."
"Learning Methods","motivation-and-habit","learning-methods--motivation-and-habit--t-breaking-bad-study-habits","discovery","truncated","Identify the cue triggering the bad habit. Then design a replacement routine that satisfies the same reward through."
"Learning Methods","motivation-and-habit","learning-methods--motivation-and-habit--t-environment-design-for-habits","discovery","truncated","For learning, this means: keep books on your desk, not on a shelf. Keep your study app on the home screen, not in."
"Learning Methods","motivation-and-habit","learning-methods--motivation-and-habit--t-the-habit-loop-explained","buildup","truncated","Every habit follows a loop: cue, routine, reward. The cue triggers the behavior, the routine is the behavior,."
"Learning Methods","motivation-and-habit","learning-methods--motivation-and-habit--t-implementation-intentions","hook","truncated","People who wrote 'I will study biology at 7 PM in the library' were 91 % more likely to follow through than those who."
"Learning Methods","motivation-and-habit","learning-methods--motivation-and-habit--t-implementation-intentions","discovery","truncated","Specificity links the behavior to an environmental cue. The brain preloads the response so action becomes."
"Learning Methods","motivation-and-habit","learning-methods--motivation-and-habit--t-self-compassion-over-self-criticism","discovery","truncated","Self-compassion breaks the cycle. Acknowledging the slip without judgment frees cognitive resources for getting back."
"Learning Methods","motivation-and-habit","learning-methods--motivation-and-habit--t-temptation-bundling","twist","truncated","The bundled temptation must be exclusive to the task. If available anytime, it loses its motivational pull over."
"Learning Methods","motivation-and-habit","learning-methods--motivation-and-habit--t-goal-gradient-effect","hook","truncated","Coffee shop customers with 12-stamp loyalty cards that had 2 stamps already completed the card faster than those."
"Learning Methods","motivation-and-habit","learning-methods--motivation-and-habit--t-goal-gradient-effect","discovery","truncated","For learning, this means breaking a large goal into smaller milestones. Each completed milestone creates a new."
"Learning Methods","motivation-and-habit","learning-methods--motivation-and-habit--t-goal-gradient-effect","climax","truncated","Break your learning plan into small checkpoints. Celebrate each one. As you approach each finish, motivation naturally."
"Learning Methods","motivation-and-habit","learning-methods--motivation-and-habit--t-identity-based-goals","buildup","truncated","Behavior that aligns with your identity requires less willpower. You don't question habits that match who you believe."
"Learning Methods","motivation-and-habit","learning-methods--motivation-and-habit--t-curiosity-as-a-learning-engine","climax","truncated","Before studying, write three questions you want answered. This creates an information gap that pulls you into."
"Learning Methods","motivation-and-habit","learning-methods--motivation-and-habit--t-purpose-and-meaning-in-learning","climax","truncated","Write one paragraph about why this material matters to you personally. That paragraph becomes an anchor when motivation."
"Learning Methods","motivation-and-habit","learning-methods--motivation-and-habit--t-smart-goals-for-learning","discovery","truncated","Locke and Latham's research shows that specific, challenging goals increase performance by 20–25 % over vague intention."
"Learning Methods","motivation-and-habit","learning-methods--motivation-and-habit--t-tracking-progress-visually","buildup","truncated","Visual progress tracking makes the invisible visible. Learning gains are hard to feel daily, but a chart makes them."
"Learning Methods","motivation-and-habit","learning-methods--motivation-and-habit--t-motivation-follows-action","hook","truncated","Most people wait for motivation to start. Research shows the opposite: action creates motivation, not the other way."
"Learning Methods","motivation-and-habit","learning-methods--motivation-and-habit--t-motivation-follows-action","climax","truncated","Don't wait to feel motivated. Sit down, open the book, read one page. Motivation will arrive while you're already."
"Learning Methods","note-taking-methods","learning-methods--note-taking-methods--t-notes-as-thinking-tools","discovery","truncated","Working memory holds only a few items. Paper holds unlimited items. Offloading frees mental space for higher-order."
"Learning Methods","note-taking-methods","learning-methods--note-taking-methods--t-the-handwriting-advantage","discovery","truncated","Writing by hand is slow. That slowness forces you to select and rephrase, which is exactly the processing that aids."
"Learning Methods","note-taking-methods","learning-methods--note-taking-methods--t-when-digital-notes-win","buildup","truncated","Digital notes are searchable, editable, backed up, and shareable. For large knowledge bases, these features."
"Learning Methods","note-taking-methods","learning-methods--note-taking-methods--t-the-charting-method","hook","truncated","Studying three wars at once was confusing until she made a table: rows for wars, columns for causes, battles,."
"Learning Methods","note-taking-methods","learning-methods--note-taking-methods--t-the-charting-method","twist","truncated","Charts only work when the categories are known in advance. If you discover new dimensions mid-lecture, the table needs."
"Learning Methods","note-taking-methods","learning-methods--note-taking-methods--t-the-cornell-method","buildup","truncated","Divide the page into three sections: a narrow left column for cues, a wide right column for notes, and a summary at."
"Learning Methods","note-taking-methods","learning-methods--note-taking-methods--t-the-sentence-method","hook","truncated","Each new idea gets its own numbered line. No hierarchy, no columns. Just a clean list of ideas in the order they."
"Learning Methods","note-taking-methods","learning-methods--note-taking-methods--t-outlining-method","twist","truncated","It struggles with non-linear content. When a speaker jumps between topics, the outline breaks and reorganization."
"Learning Methods","note-taking-methods","learning-methods--note-taking-methods--t-sketchnoting","hook","truncated","Mike Rohde drew simple icons alongside his conference notes. He found he remembered more from those sessions than any."
"Learning Methods","note-taking-methods","learning-methods--note-taking-methods--t-sketchnoting","discovery","truncated","Drawing engages spatial processing alongside verbal processing. Dual coding strengthens memory for the combined."
"Learning Methods","note-taking-methods","learning-methods--note-taking-methods--t-sketchnoting","twist","truncated","Sketchnotes are slower than text-only notes. They work best for keynotes and summaries, not fast-paced technical."
"Learning Methods","note-taking-methods","learning-methods--note-taking-methods--t-timelines-for-chronology","discovery","truncated","Scale matters: spacing events proportionally shows gaps and clusters. A crowded decade versus a quiet century tells."
"Learning Methods","note-taking-methods","learning-methods--note-taking-methods--t-note-taking-apps-compared","buildup","truncated","Each app optimizes for different needs: Notion for databases, Obsidian for linking, Roam for daily notes, Apple Notes."
"Learning Methods","note-taking-methods","learning-methods--note-taking-methods--t-using-notes-for-self-testing","twist","truncated","Rereading notes feels productive but is mostly passive. Self-testing feels harder but produces two to three times."
"Learning Methods","note-taking-methods","learning-methods--note-taking-methods--t-when-to-let-notes-go","twist","truncated","The fear of losing information makes people hoard notes. But clutter has a real cost: it slows search and clouds."
"Learning Methods","note-taking-methods","learning-methods--note-taking-methods--t-the-zettelkasten-method","discovery","truncated","The network of links creates emergent structure. Ideas that were captured years apart connect in unexpected."
"Learning Methods","note-taking-methods","learning-methods--note-taking-methods--t-progressive-summarization","hook","truncated","Tiago Forte proposed a layered approach: highlight once, bold the best highlights, then summarize the bold in your own."
"Learning Methods","reading-smarter","learning-methods--reading-smarter--t-the-matthew-effect-in-reading","discovery","truncated","Skilled readers encounter more vocabulary naturally. That vocabulary makes future reading easier, compounding over."
"Learning Methods","reading-smarter","learning-methods--reading-smarter--t-identifying-argument-structure","buildup","truncated","Arguments have a structure: claim, evidence, reasoning, and conclusion. Most readers absorb the conclusion and skip."
"Learning Methods","reading-smarter","learning-methods--reading-smarter--t-identifying-argument-structure","twist","truncated","Authors sometimes bury weak evidence under strong rhetoric. Without structural analysis, persuasion feels like."
"Learning Methods","reading-smarter","learning-methods--reading-smarter--t-when-skimming-is-the-right-strategy","twist","truncated","The danger is skimming everything and deep-reading nothing. Triage without follow-through produces only surface."
"Learning Methods","reading-smarter","learning-methods--reading-smarter--t-reading-with-a-purpose","twist","truncated","Different purposes require different reading strategies. Scanning for data is fast."
"Learning Methods","reading-smarter","learning-methods--reading-smarter--t-reading-code-and-technical-docs","hook","truncated","A junior developer read documentation like a novel: start to finish. Experienced developers jump straight to."
"Learning Methods","reading-smarter","learning-methods--reading-smarter--t-reading-narrative-non-fiction","twist","truncated","Many popular science books stretch one strong idea across 300 pages. Identify the thesis early and you can read."
"Learning Methods","reading-smarter","learning-methods--reading-smarter--t-reading-opinion-and-persuasion","twist","truncated","The most dangerous persuasion looks like objective reporting. Watch for loaded language, omitted alternatives,."
"Learning Methods","sleep-and-learning","learning-methods--sleep-and-learning--t-deep-sleep-and-fact-memory","hook","truncated","Students who got more deep sleep after studying vocabulary words recalled 20 % more than those with disrupted deep."
"Learning Methods","sleep-and-learning","learning-methods--sleep-and-learning--t-deep-sleep-and-fact-memory","twist","truncated","Deep sleep is concentrated in the first half of the night. Going to bed late but sleeping eight hours still."
"Learning Methods","sleep-and-learning","learning-methods--sleep-and-learning--t-rem-sleep-and-insight","buildup","truncated","REM sleep features vivid dreaming and high brain activity. The prefrontal cortex is quiet, allowing unusual."
"Learning Methods","sleep-and-learning","learning-methods--sleep-and-learning--t-the-90-minute-sleep-cycle","twist","truncated","Individual cycle length varies from 80–120 minutes. Track your natural wake time for a week to find your personal."
"Learning Methods","sleep-and-learning","learning-methods--sleep-and-learning--t-the-architecture-of-a-night-s-sleep","buildup","truncated","A night of sleep cycles through stages roughly every 90 minutes: light sleep, deep sleep, and REM sleep, repeating four."
"Learning Methods","sleep-and-learning","learning-methods--sleep-and-learning--t-how-sleep-consolidates-memory","hook","truncated","Memories formed during the day are fragile and easily overwritten. Sleep transforms them into stable, long-lasting."
"Learning Methods","sleep-and-learning","learning-methods--sleep-and-learning--t-how-sleep-consolidates-memory","buildup","truncated","During waking hours, the hippocampus acts as a temporary notebook. It holds new memories until they can be properly."
"Learning Methods","sleep-and-learning","learning-methods--sleep-and-learning--t-how-sleep-consolidates-memory","climax","truncated","Review important material before bed. This signals the brain that it matters, increasing the chance it'll."
"Learning Methods","sleep-and-learning","learning-methods--sleep-and-learning--t-sleep-and-motor-skill-learning","discovery","truncated","This is called offline learning. The brain rehearses motor sequences without physical movement, refining timing."
"Learning Methods","sleep-and-learning","learning-methods--sleep-and-learning--t-sleep-and-motor-skill-learning","twist","truncated","Practicing right before sleep supercharges this effect. The motor pattern is fresh and gets immediate replay during."
"Learning Methods","sleep-and-learning","learning-methods--sleep-and-learning--t-sleep-and-motor-skill-learning","climax","truncated","If learning a physical skill, practice in the evening. Then sleep. Improvement appears the next morning without."
"Learning Methods","sleep-and-learning","learning-methods--sleep-and-learning--t-sleep-clears-the-hippocampus","buildup","truncated","Sleep acts like clearing a whiteboard. Transferring memories to the cortex frees hippocampal space for tomorrow's."
"Learning Methods","sleep-and-learning","learning-methods--sleep-and-learning--t-targeted-memory-reactivation","climax","truncated","This technique is still mostly experimental. But studying with a consistent scent and using it during sleep may enhance."
"Learning Methods","sleep-and-learning","learning-methods--sleep-and-learning--t-caffeine-is-not-a-substitute","discovery","truncated","Caffeine improves alertness and reaction time but doesn't improve memory consolidation, insight, or emotional."
"Learning Methods","sleep-and-learning","learning-methods--sleep-and-learning--t-chronic-partial-sleep-restriction","discovery","truncated","Unlike acute deprivation, chronic sleep debt doesn't feel dramatic. You adapt to the diminished state and call it."
"Learning Methods","sleep-and-learning","learning-methods--sleep-and-learning--t-chronic-partial-sleep-restriction","twist","truncated","You can't fully repay sleep debt with weekend catch-up. While partial recovery occurs, the learning deficit from."
"Learning Methods","sleep-and-learning","learning-methods--sleep-and-learning--t-one-night-of-lost-sleep","climax","truncated","Never sacrifice a full night of sleep for studying. The material you cram won't encode, and tomorrow's learning will."
"Learning Methods","sleep-and-learning","learning-methods--sleep-and-learning--t-sleep-loss-and-emotional-memory","climax","truncated","If you're feeling negative about your learning, check your sleep first. Restoring it may fix the emotional bias, not."
"Learning Methods","sleep-and-learning","learning-methods--sleep-and-learning--t-the-all-nighter-myth","hook","truncated","Students who pulled an all-nighter before an exam scored an average of 10 % lower than those who slept normally, after."
"Learning Methods","sleep-and-learning","learning-methods--sleep-and-learning--t-the-all-nighter-myth","buildup","truncated","An all-nighter trades sleep consolidation for extra study time. The material nominally enters short-term memory but."
"Learning Methods","sleep-and-learning","learning-methods--sleep-and-learning--t-naps-between-study-sessions","discovery","truncated","The nap also begins consolidating the first session's material, making it less vulnerable to interference from."
"Learning Methods","sleep-and-learning","learning-methods--sleep-and-learning--t-naps-between-study-sessions","climax","truncated","Split study into morning and afternoon blocks. Nap between them. The nap protects session one and prepares for session."
"Learning Methods","sleep-and-learning","learning-methods--sleep-and-learning--t-the-coffee-nap-technique","buildup","truncated","Caffeine takes about 20 minutes to reach peak effect. By napping during that window, you get both the nap and."
"Learning Methods","sleep-and-learning","learning-methods--sleep-and-learning--t-the-science-of-napping","climax","truncated","Take a 20-minute nap between noon and 3 PM after studying. Set an alarm. Short and timely naps enhance learning without."
"Learning Methods","sleep-and-learning","learning-methods--sleep-and-learning--t-when-napping-hurts","hook","truncated","A student who napped at 5 PM every day couldn't fall asleep at night. Her nap solved the afternoon but destroyed."
"Learning Methods","sleep-and-learning","learning-methods--sleep-and-learning--t-when-napping-hurts","buildup","truncated","Late-afternoon naps reduce adenosine sleep pressure, pushing your natural bedtime later and cutting into crucial."
"Learning Methods","sleep-and-learning","learning-methods--sleep-and-learning--t-when-napping-hurts","discovery","truncated","Naps longer than 30 minutes risk entering deep sleep. Waking from deep sleep causes sleep inertia: grogginess lasting."
"Learning Methods","sleep-and-learning","learning-methods--sleep-and-learning--t-chronotypes-larks-and-owls","discovery","truncated","Students who studied during their peak chronotype window scored markedly higher than those who studied at off-peak."
"Learning Methods","sleep-and-learning","learning-methods--sleep-and-learning--t-jet-lag-and-social-jet-lag","climax","truncated","Wake within one hour of the same time every day, including weekends. Consistency is the best thing you can do for your."
"Learning Methods","sleep-and-learning","learning-methods--sleep-and-learning--t-your-internal-clock","buildup","truncated","The suprachiasmatic nucleus in the hypothalamus is your master clock. It controls body temperature, hormones,."
"Learning Methods","sleep-and-learning","learning-methods--sleep-and-learning--t-exercise-and-sleep","discovery","truncated","The mechanism: exercise raises core body temperature. The subsequent cool-down signals the brain that sleep should."
"Learning Methods","sleep-and-learning","learning-methods--sleep-and-learning--t-light-hygiene-for-better-sleep","buildup","truncated","Melanopsin cells in the eye are most sensitive to blue wavelength light. Screens, LED bulbs, and overhead lights."
"Learning Methods","sleep-and-learning","learning-methods--sleep-and-learning--t-light-hygiene-for-better-sleep","twist","truncated","Morning light exposure is equally important. Bright light within 30 minutes of waking advances your clock so you feel."
"Learning Methods","sleep-and-learning","learning-methods--sleep-and-learning--t-study-before-sleep-strategy","hook","truncated","Students who reviewed material 30 minutes before bed and tested the next morning outperformed those who studied in."
"Learning Methods","sleep-and-learning","learning-methods--sleep-and-learning--t-temperature-and-sleep-quality","buildup","truncated","The ideal bedroom temperature for sleep is 18–19 degrees Celsius. Most people keep their rooms too warm for optimal."
"Learning Methods","sleep-and-learning","learning-methods--sleep-and-learning--t-temperature-and-sleep-quality","discovery","truncated","A warm bath before bed paradoxically helps. It draws blood to the skin surface, which then radiates heat, cooling."
"Learning Methods","sleep-and-learning","learning-methods--sleep-and-learning--t-temperature-and-sleep-quality","climax","truncated","Cool room, warm extremities. Set your thermostat to 18 degrees, take a warm shower before bed, and keep your feet."
"Learning Methods","sleep-and-learning","learning-methods--sleep-and-learning--t-time-of-day-effects-on-learning","discovery","truncated","This is the inspiration paradox: insight problems are solved better during non-peak hours because the mental filter."
"Learning Methods","sleep-and-learning","learning-methods--sleep-and-learning--t-time-of-day-effects-on-learning","climax","truncated","Schedule detail-heavy studying for your peak alertness. Save brainstorming and creative tasks for when you're slightly."
"Learning Methods","spaced-repetition","learning-methods--spaced-repetition--t-the-forgetting-problem-with-books","twist","truncated","Highlighting and dog-earing pages creates the illusion of retention. If you never revisit those marks, they serve no."
"Learning Methods","teaching-to-learn","learning-methods--teaching-to-learn--t-the-protege-effect","hook","truncated","Students responsible for teaching material to a younger student studied harder and remembered more than those studying."
"Learning Methods","teaching-to-learn","learning-methods--teaching-to-learn--t-generation-effect-in-learning","buildup","truncated","The generation effect says that information you actively generate is remembered better than information you passively."
"Learning Methods","teaching-to-learn","learning-methods--teaching-to-learn--t-step-three-simplify-with-analogies","hook","truncated","Einstein said: explain it to your grandmother. If your analogy doesn't work for a novice, you haven't found the right."
"Learning Methods","teaching-to-learn","learning-methods--teaching-to-learn--t-the-power-of-analogy-in-explanation","buildup","truncated","Analogies transfer structure from a known domain to an unknown one. They let learners scaffold on existing."
"Learning Methods","teaching-to-learn","learning-methods--teaching-to-learn--t-the-power-of-analogy-in-explanation","discovery","truncated","Effective analogies share deep structure, not surface similarity. An atom isn't like a solar system in size, but."
"Learning Methods","teaching-to-learn","learning-methods--teaching-to-learn--t-the-power-of-analogy-in-explanation","twist","truncated","Creating good analogies forces the teacher to find the structural essence of the concept Ñ a profound form."
"Learning Methods","teaching-to-learn","learning-methods--teaching-to-learn--t-correcting-misconceptions-through-teaching","hook","truncated","When a peer's question reveals a flaw in your explanation, the correction sticks in memory far longer than direct."
"Learning Methods","teaching-to-learn","learning-methods--teaching-to-learn--t-correcting-misconceptions-through-teaching","twist","truncated","Misconceptions are sticky. They resist direct correction. But the embarrassment of teaching them wrong is a powerful."
"Learning Methods","teaching-to-learn","learning-methods--teaching-to-learn--t-micro-teaching-sessions","hook","truncated","You don't need a classroom. A five-minute explanation to a friend over coffee is a micro-teaching session that deepens."
"Learning Methods","teaching-to-learn","learning-methods--teaching-to-learn--t-micro-teaching-sessions","twist","truncated","Regular micro-teaching builds a habit of explanation. Over weeks, you develop an instinct for clarity that improves all."
"Learning Methods","teaching-to-learn","learning-methods--teaching-to-learn--t-using-wrong-answers-to-find-gaps","hook","truncated","A study found that students who analyzed why wrong answers were wrong learned more than those who only studied correct."
"Learning Methods","teaching-to-learn","learning-methods--teaching-to-learn--t-the-whiteboard-test","twist","truncated","People who can fill a whiteboard with accurate content and connections score higher on transfer tests than those who.""Life Skills","everyday-etiquette","life-skills--everyday-etiquette--t-gift-giving-customs","hook","truncated","She gave a beautiful clock to her Chinese colleague as a gift. His face dropped. In Chinese, 'clock' sounds like 'death."
"Life Skills","money-habits-for-life","life-skills--money-habits-for-life--t-emotional-spending","twist","truncated","Online shopping removed every friction point. One-click buying means impulse has zero delay between feeling and."
"Life Skills","money-habits-for-life","life-skills--money-habits-for-life--t-the-latte-factor-myth","climax","truncated","Focus on the big three: housing, transportation, and food. Saving 10% on big costs beats eliminating every small."
"Life Skills","money-habits-for-life","life-skills--money-habits-for-life--t-tracking-vs-budgeting","twist","truncated","Tracking alone changes behavior. Studies show that simply observing your spending reduces it by 10–15% without any."
"Life Skills","money-habits-for-life","life-skills--money-habits-for-life--t-cost-per-use","buildup","truncated","Cost per use reframes price. It shifts your thinking from sticker price to actual value delivered over the item's."
"Life Skills","money-habits-for-life","life-skills--money-habits-for-life--t-financial-literacy-is-a-life-skill","buildup","truncated","Schools teach calculus but not compound interest. Taxes, insurance."
"Life Skills","money-habits-for-life","life-skills--money-habits-for-life--t-financial-literacy-is-a-life-skill","twist","truncated","Literacy does not require a finance degree. Knowing five concepts — interest, inflation, diversification, budgeting."
"Life Skills","money-habits-for-life","life-skills--money-habits-for-life--t-financial-literacy-is-a-life-skill","climax","truncated","Read one financial book this year. 'The Psychology of Money' or 'I Will Teach You to Be Rich' — either one changes your."
"Life Skills","money-habits-for-life","life-skills--money-habits-for-life--t-inflation-and-your-purchasing-power","climax","truncated","Invest your long-term savings in assets that historically outpace inflation: diversified index funds average 7–10% over."
"Life Skills","money-habits-for-life","life-skills--money-habits-for-life--t-lifestyle-creep-awareness","climax","truncated","When income rises, save the raise first. Increase savings by at least 50% of every raise before upgrading your."
"Life Skills","money-habits-for-life","life-skills--money-habits-for-life--t-talking-about-money","buildup","truncated","Money is the top cause of relationship stress. The core issue is not usually math — it is unspoken expectations and."
"Life Skills","money-habits-for-life","life-skills--money-habits-for-life--t-talking-about-money","discovery","truncated","A money conversation needs a schedule, not a crisis. Monthly check-ins with a preset agenda prevent fights before they."
"Life Skills","money-habits-for-life","life-skills--money-habits-for-life--t-talking-about-money","twist","truncated","Partners often have different money scripts. A saver and a spender are not incompatible — they just need to see each."
"Life Skills","personal-safety-awareness","life-skills--personal-safety-awareness--t-fire-safety-essentials","buildup","truncated","Modern furniture burns faster than older materials. Synthetic fabrics and foam can flashover a room in under two."
"Life Skills","personal-safety-awareness","life-skills--personal-safety-awareness--t-document-safety","twist","truncated","Carry a paper photocopy separately from the original. If your phone dies or gets stolen."
"Life Skills","personal-safety-awareness","life-skills--personal-safety-awareness--t-saying-no-without-guilt","discovery","truncated","A boundary is not an attack. It is information: 'Here is what I can and cannot do."
"Life Skills","social-intelligence","life-skills--social-intelligence--t-micro-expressions","twist","truncated","Spotting a micro-expression does not mean someone is lying. It means their felt emotion differs from their displayed."
"Life Skills","social-intelligence","life-skills--social-intelligence--t-empathy-vs-sympathy","hook","truncated","She told him she lost her job. He said 'At least you have savings."
"Life Skills","social-intelligence","life-skills--social-intelligence--t-empathy-vs-sympathy","twist","truncated","Empathy does not mean solving the problem. Often the most powerful response is 'I do not know what to say."
"Life Skills","social-intelligence","life-skills--social-intelligence--t-empathy-vs-sympathy","climax","truncated","Reflect their emotion back: 'That sounds really frustrating."
"Life Skills","social-intelligence","life-skills--social-intelligence--t-framing-effects","discovery","truncated","Loss framing is stronger than gain framing. 'You will lose $500 if you skip this' motivates more than 'You will save."
"Life Skills","social-intelligence","life-skills--social-intelligence--t-framing-effects","twist","truncated","Advertisers, politicians, and lawyers frame deliberately. Once you notice framing."
"Life Skills","social-intelligence","life-skills--social-intelligence--t-reciprocity","twist","truncated","Scammers exploit this. A small unexpected gift — free trial, free ebook — creates a sense of debt you feel you must."
"Life Skills","social-intelligence","life-skills--social-intelligence--t-the-ben-franklin-effect","discovery","truncated","Your brain rationalizes: 'I helped this person, so I must like them."
"Life Skills","social-intelligence","life-skills--social-intelligence--t-conformity-and-asch-s-lines","hook","truncated","Solomon Asch showed people two obviously different lines. When actors chose the wrong one."
"Life Skills","social-intelligence","life-skills--social-intelligence--t-social-loafing","buildup","truncated","Social loafing happens when individual effort is invisible. If nobody tracks your contribution."
"Life Skills","social-intelligence","life-skills--social-intelligence--t-social-loafing","discovery","truncated","The bigger the group, the worse it gets. In a group of eight, individual effort drops to about 49% of their solo."
"Life Skills","social-intelligence","life-skills--social-intelligence--t-repairing-broken-trust","climax","truncated","Set specific, observable changes: 'I will share status updates every Friday."
"Life Skills","social-intelligence","life-skills--social-intelligence--t-trust-in-the-digital-age","twist","truncated","Even video calls can be deepfaked now. Identity verification is shifting from 'looks real' to 'can be cryptographically."
"Life Skills","social-intelligence","life-skills--social-intelligence--t-vulnerability-and-connection","climax","truncated","Start small: admit a mistake, ask for help, or say 'I was wrong."
"Life Skills","time-management-principles","life-skills--time-management-principles--t-the-distraction-audit","climax","truncated","Fix the top offender first. One change — like silencing your phone during focus blocks — often cuts distractions in."

"Neuroscience","brain-disorders","neuroscience--brain-disorders--t-huntington-disease-the-expanding-repeat","discovery","truncated","Huntington's targets the caudate nucleus and putamen, structures essential for coordinating voluntary movement and cognitive."
"Neuroscience","brain-disorders","neuroscience--brain-disorders--t-tourette-syndrome-why-tics-fade-with-age","twist","truncated","Most tics peak around age 10 to 12 and then decline. By adulthood, one-third of patients are tic-free and another third see major."
"Neuroscience","brain-disorders","neuroscience--brain-disorders--t-tourette-syndrome-why-tics-fade-with-age","climax","truncated","The improvement tracks with prefrontal cortex maturation: as executive control strengthens, the cortex gains the ability to."
"Neuroscience","brain-disorders","neuroscience--brain-disorders--t-gene-therapy-viral-vectors-and-the-brain","hook","truncated","Scientists have cured genetic blindness in children by injecting a virus directly into."
"Neuroscience","brain-disorders","neuroscience--brain-disorders--t-gene-therapy-viral-vectors-and-the-brain","buildup","truncated","Gene therapy uses modified viruses, called vectors, to deliver corrected DNA into cells that carry disease-causing."
"Neuroscience","brain-disorders","neuroscience--brain-disorders--t-gene-therapy-viral-vectors-and-the-brain","twist","truncated","The brain is protected by the blood-brain barrier, which blocks most viruses and drugs. Delivery requires direct injection or."
"Neuroscience","brain-disorders","neuroscience--brain-disorders--t-gene-therapy-viral-vectors-and-the-brain","punchline","truncated","We turned the enemy into a courier. Viruses that once invaded the brain now deliver its."
"Neuroscience","consciousness-and-the-mind","neuroscience--consciousness-and-the-mind--t-consciousness-across-species","twist","truncated","The Cambridge Declaration on Consciousness, signed in 2012, affirmed that many animals possess the neurological substrates for."
"Neuroscience","consciousness-and-the-mind","neuroscience--consciousness-and-the-mind--t-the-binding-problem","buildup","truncated","Color is processed in V4, motion in V5, shape in the inferotemporal cortex, and sound in the auditory cortex. These areas are."
"Neuroscience","consciousness-and-the-mind","neuroscience--consciousness-and-the-mind--t-the-binding-problem","twist","truncated","Temporal synchrony is one candidate: neurons representing different features fire in sync at around 40 Hz, binding their outputs into."
"Neuroscience","consciousness-and-the-mind","neuroscience--consciousness-and-the-mind--t-the-neural-correlates-of-consciousness","climax","truncated","The search has revealed that consciousness is not in one place. It arises from dynamic interactions between the thalamus, cortex, and."
"Neuroscience","consciousness-and-the-mind","neuroscience--consciousness-and-the-mind--t-the-neural-correlates-of-consciousness","punchline","truncated","Consciousness does not live in a single neuron or region. It lives in the conversation between."
"Neuroscience","consciousness-and-the-mind","neuroscience--consciousness-and-the-mind--t-locked-in-syndrome","buildup","truncated","The brainstem, which controls breathing, heartbeat, and eye movement, remains intact while the pathways connecting the cortex to."
"Neuroscience","consciousness-and-the-mind","neuroscience--consciousness-and-the-mind--t-locked-in-syndrome","climax","truncated","Brain-computer interfaces now allow some locked-in patients to communicate using neural signals detected by electrodes, bypassing the."
"Neuroscience","consciousness-and-the-mind","neuroscience--consciousness-and-the-mind--t-the-spectrum-of-consciousness","buildup","truncated","General anesthesia suppresses consciousness by disrupting communication between the thalamus and the cortex, silencing the feedback loops that."
"Neuroscience","consciousness-and-the-mind","neuroscience--consciousness-and-the-mind--t-the-spectrum-of-consciousness","twist","truncated","Some patients in a vegetative state show brain activity when asked to imagine playing tennis, suggesting hidden consciousness that standard."
"Neuroscience","consciousness-and-the-mind","neuroscience--consciousness-and-the-mind--t-implicit-memory-and-priming","hook","truncated","You cannot remember learning to ride a bicycle, yet your body executes the skill perfectly. The memory is there, but it is."
"Neuroscience","consciousness-and-the-mind","neuroscience--consciousness-and-the-mind--t-implicit-memory-and-priming","discovery","truncated","Priming is one form of implicit memory: exposure to a word or image makes you faster at recognizing it later, even if you do not."
"Neuroscience","consciousness-and-the-mind","neuroscience--consciousness-and-the-mind--t-inattentional-blindness","hook","truncated","In one famous experiment, participants watched a basketball game and half of them completely missed a person in a gorilla suit walking."
"Neuroscience","consciousness-and-the-mind","neuroscience--consciousness-and-the-mind--t-the-unconscious-decision-maker","hook","truncated","Brain scans reveal that neural activity predicting a decision appears up to seven seconds before."
"Neuroscience","consciousness-and-the-mind","neuroscience--consciousness-and-the-mind--t-the-unconscious-decision-maker","discovery","truncated","The readiness potential, discovered by Benjamin Libet in the 1980s, showed that unconscious brain activity precedes the conscious."
"Neuroscience","consciousness-and-the-mind","neuroscience--consciousness-and-the-mind--t-unconscious-perception","buildup","truncated","Subliminal perception means the brain processes stimuli too brief or faint for conscious awareness. Images flashed for 30 milliseconds can."
"Neuroscience","consciousness-and-the-mind","neuroscience--consciousness-and-the-mind--t-unconscious-perception","twist","truncated","Blindsight patients, who have damage to the visual cortex and report seeing nothing, can still accurately guess the location and."
"Neuroscience","consciousness-and-the-mind","neuroscience--consciousness-and-the-mind--t-unconscious-perception","climax","truncated","The amygdala can detect threatening faces presented subliminally, triggering a stress response before you consciously see the."
"Neuroscience","consciousness-and-the-mind","neuroscience--consciousness-and-the-mind--t-global-workspace-theory","climax","truncated","Brain imaging supports GWT: when a stimulus becomes conscious, activity spreads from sensory areas to a widespread network including."
"Neuroscience","consciousness-and-the-mind","neuroscience--consciousness-and-the-mind--t-higher-order-theories","hook","truncated","A frog snaps at a fly with precise aim, yet it likely has no idea it is seeing anything. Higher-order theories argue that basic sensory."
"Neuroscience","consciousness-and-the-mind","neuroscience--consciousness-and-the-mind--t-higher-order-theories","twist","truncated","This means animals or brain regions lack higher-order representation may process information without any conscious experience."
"Neuroscience","consciousness-and-the-mind","neuroscience--consciousness-and-the-mind--t-higher-order-theories","climax","truncated","Hakwan Lau has shown that disrupting the prefrontal cortex with transcranial magnetic stimulation reduces conscious awareness of."
"Neuroscience","consciousness-and-the-mind","neuroscience--consciousness-and-the-mind--t-higher-order-theories","punchline","truncated","You do not just see. You see that you are seeing. Without that second layer, experience may be."
"Neuroscience","consciousness-and-the-mind","neuroscience--consciousness-and-the-mind--t-integrated-information-theory","buildup","truncated","IIT proposes that consciousness corresponds to a system's ability to integrate information in a way that is both differentiated and."
"Neuroscience","consciousness-and-the-mind","neuroscience--consciousness-and-the-mind--t-integrated-information-theory","punchline","truncated","Consciousness, according to IIT, is not something the brain does. It is something the brain is, measured by how deeply its parts are."
"Neuroscience","consciousness-and-the-mind","neuroscience--consciousness-and-the-mind--t-orchestrated-objective-reduction","hook","truncated","Roger Penrose, a Nobel Prize-winning physicist, argues that consciousness cannot be computed. It requires quantum mechanics."
"Neuroscience","consciousness-and-the-mind","neuroscience--consciousness-and-the-mind--t-orchestrated-objective-reduction","twist","truncated","Penrose and Hameroff claim that microtubules inside neurons perform quantum computations that produce moments of conscious."
"Neuroscience","consciousness-and-the-mind","neuroscience--consciousness-and-the-mind--t-predictive-processing-and-consciousness","buildup","truncated","The brain constantly generates predictions about incoming sensory data and compares them to reality. When a prediction fails, a."
"Neuroscience","consciousness-and-the-mind","neuroscience--consciousness-and-the-mind--t-predictive-processing-and-consciousness","climax","truncated","Under predictive processing, consciousness is not a mirror of reality. It is the brain's best guess, a controlled hallucination shaped."
"Neuroscience","consciousness-and-the-mind","neuroscience--consciousness-and-the-mind--t-could-machines-be-conscious","punchline","truncated","If consciousness requires only the right information structure, then silicon could dream. If it requires biology, no machine will ever."
"Neuroscience","consciousness-and-the-mind","neuroscience--consciousness-and-the-mind--t-panpsychism","twist","truncated","Christof Koch, a leading neuroscientist, has embraced a version of panpsychism through integrated information theory, arguing that any."
"Neuroscience","consciousness-and-the-mind","neuroscience--consciousness-and-the-mind--t-panpsychism","punchline","truncated","If panpsychism is right, consciousness is not rare and special. It is as common as matter itself, woven into the fabric of."
"Neuroscience","consciousness-and-the-mind","neuroscience--consciousness-and-the-mind--t-qualia","hook","truncated","Imagine a scientist who knows everything about the physics of color but has lived her entire life in a black-and-white room. When she."
"Neuroscience","consciousness-and-the-mind","neuroscience--consciousness-and-the-mind--t-the-ethics-of-consciousness-science","hook","truncated","A patient lies in a vegetative state for years. Then a brain scan reveals she can answer yes-or-no questions by imagining different."
"Neuroscience","consciousness-and-the-mind","neuroscience--consciousness-and-the-mind--t-the-ethics-of-consciousness-science","discovery","truncated","Adrian Owen's research found that approximately one in five patients diagnosed as vegetative showed signs of covert awareness when."
"Neuroscience","consciousness-and-the-mind","neuroscience--consciousness-and-the-mind--t-the-ethics-of-consciousness-science","climax","truncated","Consciousness science is developing tools, like perturbational complexity index, that may eventually provide an objective consciousness."
"Neuroscience","consciousness-and-the-mind","neuroscience--consciousness-and-the-mind--t-the-hard-problem","punchline","truncated","Physics can describe every particle in the universe without mentioning experience. Either consciousness is an illusion or physics is."
"Neuroscience","emotions-and-the-brain","neuroscience--emotions-and-the-brain--t-constructed-emotion","punchline","truncated","Emotions are not triggered. They are."
"Neuroscience","emotions-and-the-brain","neuroscience--emotions-and-the-brain--t-interoception","punchline","truncated","Emotions begin inside."
"Neuroscience","emotions-and-the-brain","neuroscience--emotions-and-the-brain--t-extinction-learning","discovery","truncated","Extinction does not erase the original fear memory. It creates a new competing memory that says the stimulus is now."
"Neuroscience","emotions-and-the-brain","neuroscience--emotions-and-the-brain--t-mirror-neurons","discovery","truncated","Brain scans show that watching someone in pain activates the same pain regions in the observer, creating a shared neural."
"Neuroscience","emotions-and-the-brain","neuroscience--emotions-and-the-brain--t-mirror-neurons","punchline","truncated","Mirror neurons blur the line between self and other. Your brain does not just observe. It participates."
"Neuroscience","emotions-and-the-brain","neuroscience--emotions-and-the-brain--t-neural-basis-of-emotional-intelligence","buildup","truncated","Emotional intelligence depends on the anterior cingulate cortex detecting emotional conflicts, the insula reading bodily signals, and the."
"Neuroscience","emotions-and-the-brain","neuroscience--emotions-and-the-brain--t-neural-basis-of-emotional-intelligence","discovery","truncated","People with damage to the ventromedial prefrontal cortex can reason logically but make disastrous personal decisions because they cannot."
"Neuroscience","emotions-and-the-brain","neuroscience--emotions-and-the-brain--t-neural-basis-of-emotional-intelligence","punchline","truncated","Emotional intelligence is not soft. It is neural. And it can be."
"Neuroscience","memory-and-forgetting","neuroscience--memory-and-forgetting--t-reconsolidation-editing-memories-on-recall","climax","truncated","Therapists now exploit reconsolidation by reactivating traumatic memories in safe settings, gradually rewriting the emotional."
"Neuroscience","memory-and-forgetting","neuroscience--memory-and-forgetting--t-the-misinformation-effect","twist","truncated","The new information does not just sit alongside the old memory."
"Neuroscience","memory-and-forgetting","neuroscience--memory-and-forgetting--t-prospective-memory-remembering-the-future","punchline","truncated","Most memory research asks what you recall from the past."
"Neuroscience","neuroplasticity","neuroscience--neuroplasticity--t-hebbian-learning","climax","truncated","Hebbian learning explains how associations form: the smell of cookies connects to the memory of grandma because those neurons."
"Neuroscience","neuroplasticity","neuroscience--neuroplasticity--t-metaplasticity","discovery","truncated","This sliding threshold is described by the Bienenstock-Cooper-Munro theory, or BCM theory keeps synaptic strengths in a useful."
"Neuroscience","neuroplasticity","neuroscience--neuroplasticity--t-metaplasticity","twist","truncated","Without metaplasticity, runaway potentiation would drive every synapse to maximum strength and the brain would lose the ability."
"Neuroscience","neuroplasticity","neuroscience--neuroplasticity--t-mental-rehearsal-and-neural-change","hook","truncated","A pianist sits motionless with eyes closed, fingers still, yet brain scans show the motor cortex lighting up as if the fingers."
"Neuroscience","neuroplasticity","neuroscience--neuroplasticity--t-mental-rehearsal-and-neural-change","discovery","truncated","In one study, people who only imagined practicing piano finger exercises for five days showed cortical motor map expansion nearly."
"Neuroscience","neuroplasticity","neuroscience--neuroplasticity--t-phantom-limbs-and-cortical-remapping","twist","truncated","Mirror therapy tricks the brain into seeing the missing limb by reflecting the intact one, relieving phantom pain through visual."
"Neuroscience","neuroplasticity","neuroscience--neuroplasticity--t-rewiring-after-stroke","twist","truncated","Constraint-induced therapy forces patients to use their impaired limb, accelerating plasticity by driving massive neural."
"Neuroscience","neuroplasticity","neuroscience--neuroplasticity--t-sensory-substitution","buildup","truncated","Sensory substitution devices convert information from one sense into stimuli for another, such as turning camera images into."
"Neuroscience","neuroplasticity","neuroscience--neuroplasticity--t-sensory-substitution","discovery","truncated","Paul Bach-y-Rita pioneered the concept in the 1960s, showing the brain can learn to interpret tactile patterns on the back as."
"Neuroscience","neuroplasticity","neuroscience--neuroplasticity--t-addiction-and-brain-rewiring","discovery","truncated","With repeated use, the reward circuit becomes hypersensitive to the drug and its cues while the prefrontal cortex provides."
"Neuroscience","neuroplasticity","neuroscience--neuroplasticity--t-addiction-and-brain-rewiring","twist","truncated","The same Hebbian mechanisms help you learn a language or master a sport are hijacked to wire the brain for compulsive drug."
"Neuroscience","neuroplasticity","neuroscience--neuroplasticity--t-bilingualism-and-brain-structure","discovery","truncated","Brain scans show bilinguals have denser gray matter in the left inferior parietal cortex, a region involved in language."
"Neuroscience","neuroplasticity","neuroscience--neuroplasticity--t-enriched-vs-impoverished-environments","buildup","truncated","Rats in enriched environments with toys, tunnels, and companions develop thicker cortices, more synapses, and better."
"Neuroscience","neuroplasticity","neuroscience--neuroplasticity--t-enriched-vs-impoverished-environments","climax","truncated","Human studies confirm the pattern: children raised in stimulating homes show faster cognitive development and denser neural."
"Neuroscience","neuroplasticity","neuroscience--neuroplasticity--t-the-future-of-neuroplasticity-research","discovery","truncated","Optogenetics allows scientists to activate or silence specific plasticity pathways with light, controlling rewiring with surgical."
"Neuroscience","neuroplasticity","neuroscience--neuroplasticity--t-the-future-of-neuroplasticity-research","twist","truncated","Combining targeted plasticity with rehabilitation could let stroke patients recover functions months or years after injury, far."
"Neuroscience","neuroplasticity","neuroscience--neuroplasticity--t-the-future-of-neuroplasticity-research","climax","truncated","The ethical implications are immense: if plasticity can be controlled, who decides which brains get enhanced and which get."
"Neuroscience","neuroplasticity","neuroscience--neuroplasticity--t-why-the-brain-cannot-rewire-everything","climax","truncated","Researchers are experimenting with blocking Nogo to allow spinal cord regeneration, but the balance between growth and stability."
"Neuroscience","the-developing-brain","neuroscience--the-developing-brain--t-axon-guidance-and-pathfinding","hook","truncated","A motor neuron in your brain must extend an axon all the way to your spinal cord, navigating through a maze of tissue to reach."
"Neuroscience","the-developing-brain","neuroscience--the-developing-brain--t-fetal-brain-and-the-environment","buildup","truncated","The placenta filters many threats, but small molecules like cortisol, alcohol, and heavy metals slip through and enter fetal."
"Neuroscience","the-developing-brain","neuroscience--the-developing-brain--t-from-one-cell-to-billions-of-neurons","climax","truncated","If migration goes wrong, neurons end up in the wrong layer, potentially causing conditions like epilepsy, autism, or intellectual."
"Neuroscience","the-developing-brain","neuroscience--the-developing-brain--t-attachment-and-brain-wiring","buildup","truncated","Secure attachment, formed through consistent caregiving, shapes the development of the prefrontal cortex and the stress hormone."
"Neuroscience","the-developing-brain","neuroscience--the-developing-brain--t-language-acquisition-in-the-brain","discovery","truncated","Through exposure to their native language, the brain tunes to relevant sounds and prunes the ability to hear distinctions are not."
"Neuroscience","the-developing-brain","neuroscience--the-developing-brain--t-sensory-development-vision","twist","truncated","Children born with cataracts are removed after the critical period can see light but may never perceive faces or complex shapes."
"Neuroscience","the-developing-brain","neuroscience--the-developing-brain--t-sensory-development-vision","climax","truncated","Binocular vision, the ability to see depth using both eyes, requires both eyes to receive coordinated input during the first two."
"Neuroscience","the-developing-brain","neuroscience--the-developing-brain--t-sensory-development-vision","punchline","truncated","Eyes provide raw input. And it can only build it if the raw material arrives on time."
"Neuroscience","the-developing-brain","neuroscience--the-developing-brain--t-the-startle-reflex-and-early-reflexes","climax","truncated","Pediatricians test these reflexes at checkups precisely because their presence and disappearance map the timeline of cortical."
"Neuroscience","the-developing-brain","neuroscience--the-developing-brain--t-executive-function-development","buildup","truncated","Executive functions are a set of mental skills include working memory, cognitive flexibility, and inhibitory control, all housed."
"Neuroscience","the-developing-brain","neuroscience--the-developing-brain--t-myelination-and-processing-speed","discovery","truncated","Myelination proceeds in a predictable sequence: brainstem and sensory regions myelinate first, motor areas next, and prefrontal."
"Neuroscience","the-developing-brain","neuroscience--the-developing-brain--t-myelination-and-processing-speed","climax","truncated","The prefrontal cortex is not fully myelinated until the mid-twenties is why adolescents struggle with planning and emotional."
"Neuroscience","the-developing-brain","neuroscience--the-developing-brain--t-play-and-brain-development","buildup","truncated","Play activates the prefrontal cortex, training executive functions like planning, flexibility, and inhibition in a safe."
"Neuroscience","the-developing-brain","neuroscience--the-developing-brain--t-play-and-brain-development","climax","truncated","Countries with more recess time tend to have students with better academic performance, not worse, because play-built brains."
"Neuroscience","the-developing-brain","neuroscience--the-developing-brain--t-dopamine-and-reward-seeking","climax","truncated","Nearly 90 percent of addictions begin during adolescence, when the reward system is maxed out and the braking system is still."
"Neuroscience","the-developing-brain","neuroscience--the-developing-brain--t-dopamine-and-reward-seeking","punchline","truncated","The teenage brain is not defective. The danger is modern environments exploit tuning."
"Neuroscience","the-developing-brain","neuroscience--the-developing-brain--t-mental-health-and-the-adolescent-brain","buildup","truncated","The adolescent brain is undergoing massive synaptic pruning and myelination, remodeling circuits for emotion, reward, and social."
"Neuroscience","the-developing-brain","neuroscience--the-developing-brain--t-peer-influence-and-the-social-brain","hook","truncated","A teenager drives safely when alone. The passengers did not touch the wheel."
"Neuroscience","the-developing-brain","neuroscience--the-developing-brain--t-peer-influence-and-the-social-brain","discovery","truncated","Brain imaging shows the presence of peers activates the ventral striatum, the reward center, making risky choices feel more."
"Neuroscience","the-developing-brain","neuroscience--the-developing-brain--t-peer-influence-and-the-social-brain","climax","truncated","This neural sensitivity to peers is an evolutionary feature pushed adolescents to form alliances essential for survival outside."
"Neuroscience","the-developing-brain","neuroscience--the-developing-brain--t-peer-influence-and-the-social-brain","punchline","truncated","Teenagers do not care about peer approval because they are shallow."
"Neuroscience","the-developing-brain","neuroscience--the-developing-brain--t-sleep-and-the-adolescent-clock","buildup","truncated","During puberty, the circadian rhythm shifts later by one to three hours, delaying melatonin release and pushing the natural sleep."
"Neuroscience","the-developing-brain","neuroscience--the-developing-brain--t-the-teenage-brain-under-construction","twist","truncated","The limbic system drives emotion and reward, is fully online during adolescence, but the prefrontal cortex provides impulse."
"Neuroscience","the-developing-brain","neuroscience--the-developing-brain--t-cognitive-reserve","hook","truncated","Two patients have identical Alzheimer's pathology on autopsy. The other had severe dementia for years."
"Neuroscience","the-developing-brain","neuroscience--the-developing-brain--t-cognitive-reserve","discovery","truncated","Education, occupational complexity, social engagement, and bilingualism all build cognitive reserve by creating denser, more."
"Neuroscience","the-developing-brain","neuroscience--the-developing-brain--t-exercise-and-the-adult-brain","discovery","truncated","Exercise triggers the release of BDNF, brain-derived neurotrophic factor promotes the growth of new neurons in the hippocampus."
"Neuroscience","the-developing-brain","neuroscience--the-developing-brain--t-lifelong-learning-and-adult-plasticity","discovery","truncated","Deliberate practice, the kind pushes past comfort, activates genes produce proteins for synapse strengthening and myelin."
"Neuroscience","the-developing-brain","neuroscience--the-developing-brain--t-lifelong-learning-and-adult-plasticity","climax","truncated","Adults who pursue education, learn new languages, or master musical instruments show slower rates of cognitive decline decades."
"Neuroscience","the-developing-brain","neuroscience--the-developing-brain--t-when-does-the-brain-finish-developing","buildup","truncated","The prefrontal cortex, responsible for planning, impulse control, and decision-making, is the last brain region to fully."
"Neuroscience","the-developing-brain","neuroscience--the-developing-brain--t-when-does-the-brain-finish-developing","climax","truncated","The gap between legal adulthood and neurological maturity has implications for criminal justice, education, and how we define."
"Neuroscience","the-developing-brain","neuroscience--the-developing-brain--t-brain-shrinkage-and-white-matter","hook","truncated","The adult brain loses about 0."
"Neuroscience","the-developing-brain","neuroscience--the-developing-brain--t-brain-shrinkage-and-white-matter","twist","truncated","White matter lesions, small areas of damage visible on brain scans, become increasingly common with age and correlate with slower."
"Neuroscience","the-developing-brain","neuroscience--the-developing-brain--t-dementia-and-neurodegeneration","climax","truncated","No cure exists yet, but lifestyle factors like exercise, social engagement, and cognitive stimulation can delay onset by building."
"Neuroscience","the-developing-brain","neuroscience--the-developing-brain--t-normal-cognitive-aging","buildup","truncated","Normal aging brings predictable cognitive changes: processing speed slows, working memory capacity decreases, and retrieving."
"Neuroscience","the-developing-brain","neuroscience--the-developing-brain--t-normal-cognitive-aging","discovery","truncated","These changes result from gradual myelin breakdown, reduced neurotransmitter production, and modest neuron loss in specific brain."
"Neuroscience","the-developing-brain","neuroscience--the-developing-brain--t-superagers-and-lifelong-brain-health","hook","truncated","Some 80-year-olds perform and 50-year-olds on memory tests. Scientists call them superagers."
"Neuroscience","the-developing-brain","neuroscience--the-developing-brain--t-the-gut-brain-axis-in-aging","buildup","truncated","The microbiome communicates with the brain through the vagus nerve, immune signaling molecules, and short-chain fatty acids cross."
"Neuroscience","the-developing-brain","neuroscience--the-developing-brain--t-the-gut-brain-axis-in-aging","twist","truncated","Transferring gut bacteria from young mice into old mice improved memory and reduced brain inflammation, suggesting the microbiome."
"Neuroscience","the-neuron","neuroscience--the-neuron--t-mirror-neurons-feeling-what-others-feel","punchline","truncated","Mirror neurons blur the line between self and other. It participates."
"Neuroscience","the-neuron","neuroscience--the-neuron--t-neural-oscillations-the-brain-s-rhythms","punchline","truncated","Neurons do not just fire."
"Neuroscience","the-senses","neuroscience--the-senses--t-motion-perception-and-the-mt-area","hook","truncated","That is life without motion perception."
"Neuroscience","the-senses","neuroscience--the-senses--t-motion-perception-and-the-mt-area","punchline","truncated","Motion is not captured by your eyes."
"Neuroscience","the-senses","neuroscience--the-senses--t-the-visual-cortex-building-a-picture","punchline","truncated","You don't see with your eyes."
"Neuroscience","the-senses","neuroscience--the-senses--t-sound-localization-the-duplex-theory","buildup","truncated","The duplex theory explains the brain uses two cues: interaural time differences for low frequencies and interaural level."
"Neuroscience","the-senses","neuroscience--the-senses--t-two-point-discrimination-touch-resolution","buildup","truncated","It varies enormously across the body.""Public Health","epidemiology-essentials","public-health--epidemiology-essentials--t-the-science-of-disease-patterns","punchline","truncated","Epidemiology is detective work for diseases—solving mysteries one population."
"Public Health","epidemiology-essentials","public-health--epidemiology-essentials--t-cohort-studies-following-people-forward","hook","truncated","The Framingham Heart Study has followed one town's residents since 1948—revealing most of what we know about heart."
"Public Health","epidemiology-essentials","public-health--epidemiology-essentials--t-ecological-studies-and-the-ecological-fallacy","discovery","truncated","They're useful for generating hypotheses—if cancer rates differ between cities, something about those cities may be."
"Public Health","epidemiology-essentials","public-health--epidemiology-essentials--t-ecological-studies-and-the-ecological-fallacy","twist","truncated","The ecological fallacy occurs when group-level associations are wrongly applied to individuals—a common and dangerous."
"Public Health","epidemiology-essentials","public-health--epidemiology-essentials--t-bradford-hill-criteria-for-causation","discovery","truncated","Strength, consistency, specificity, temporality, dose-response, plausibility, coherence, experiment, and analogy form."
"Public Health","epidemiology-essentials","public-health--epidemiology-essentials--t-information-bias-and-misclassification","discovery","truncated","Recall bias—people with disease remember exposures differently than healthy controls—is a major threat in case-control."
"Public Health","epidemiology-essentials","public-health--epidemiology-essentials--t-information-bias-and-misclassification","punchline","truncated","People are unreliable narrators of their own health—good studies account."
"Public Health","epidemiology-essentials","public-health--epidemiology-essentials--t-reverse-causation","discovery","truncated","Cross-sectional studies are especially vulnerable—measuring exposure and outcome simultaneously can't determine."
"Public Health","epidemiology-essentials","public-health--epidemiology-essentials--t-selection-bias","discovery","truncated","Survivorship bias—studying only survivors—is a common form. The planes that returned were the ones that survived being."
"Public Health","epidemiology-essentials","public-health--epidemiology-essentials--t-contact-tracing","hook","truncated","Find one infected person, trace their contacts, test and isolate—contact tracing has stopped outbreaks for over."
"Public Health","epidemiology-essentials","public-health--epidemiology-essentials--t-contact-tracing","punchline","truncated","Tracing contacts is simple in theory—scaling it during a pandemic is the real."
"Public Health","epidemiology-essentials","public-health--epidemiology-essentials--t-epidemiology-in-climate-and-health","climax","truncated","Climate-health epidemiology provides evidence for adaptation policies—cooling centers, early warnings, and urban."
"Public Health","epidemiology-essentials","public-health--epidemiology-essentials--t-outbreak-investigation-steps","twist","truncated","In practice, steps overlap—you might implement control measures before the investigation is complete if lives are."
"Public Health","epidemiology-essentials","public-health--epidemiology-essentials--t-the-future-of-epidemiology","climax","truncated","The future epidemiologist will be part detective, part data scientist, and part ethicist—a hybrid role for a complex."
"Public Health","global-health-challenges","public-health--global-health-challenges--t-chemical-exposure-and-health","twist","truncated","Regulation lags decades behind production—chemicals are assumed safe until proven harmful, often after widespread."
"Public Health","maternal-and-child-health","public-health--maternal-and-child-health--t-prenatal-care-saves-lives","discovery","truncated","Prenatal care screens for high blood pressure, HIV, diabetes, and malnutrition—catching problems before they become."
"Public Health","maternal-and-child-health","public-health--maternal-and-child-health--t-breastfeeding-the-first-vaccine","twist","truncated","Aggressive formula marketing—especially in low-income countries—undermines breastfeeding despite its life-saving."
"Public Health","maternal-and-child-health","public-health--maternal-and-child-health--t-childhood-obesity-the-other-malnutrition","discovery","truncated","Childhood obesity increases the risk of type 2 diabetes, heart disease, and mental health problems that persist into."
"Public Health","maternal-and-child-health","public-health--maternal-and-child-health--t-stunting-short-stature-long-consequences","climax","truncated","Nutrition-specific interventions—supplementation, fortification, and infant feeding—combined with clean water reduce."
"Public Health","maternal-and-child-health","public-health--maternal-and-child-health--t-stillbirth-the-silent-loss","punchline","truncated","Two million families grieve silently each year—for losses that could be."
"Public Health","maternal-and-child-health","public-health--maternal-and-child-health--t-measles-vaccine-preventable-but-resurgent","punchline","truncated","Measles is a barometer of health systems—when vaccination fails, measles."
"Public Health","maternal-and-child-health","public-health--maternal-and-child-health--t-pneumonia-the-forgotten-killer-of-children","climax","truncated","Amoxicillin, the first-line antibiotic, is effective, cheap, and available—but 50 million children still can't access."
"Public Health","tobacco-alcohol-and-addiction","public-health--tobacco-alcohol-and-addiction--t-adolescent-brains-and-substance-use","discovery","truncated","People who start drinking before age 15 are four times more likely to develop alcohol dependence than those who start."
"Public Health","tobacco-alcohol-and-addiction","public-health--tobacco-alcohol-and-addiction--t-adverse-childhood-experiences-and-addiction","hook","truncated","A child who experiences abuse, neglect, or household dysfunction is 5 times more likely to develop addiction as."
"Public Health","tobacco-alcohol-and-addiction","public-health--tobacco-alcohol-and-addiction--t-the-stigma-of-addiction","hook","truncated","People with diabetes get sympathy. People with addiction get blamed. Both are chronic diseases—but only one."
"Public Health","tobacco-alcohol-and-addiction","public-health--tobacco-alcohol-and-addiction--t-alcohol-s-global-health-burden","climax","truncated","The WHO SAFER initiative—pricing, availability, marketing, drink-driving, and treatment—provides an evidence-based."
"Public Health","tobacco-alcohol-and-addiction","public-health--tobacco-alcohol-and-addiction--t-drink-driving-a-preventable-tragedy","discovery","truncated","Countries with strict blood alcohol limits—0.05% or lower—and random breath testing have far fewer alcohol-related."
"Public Health","tobacco-alcohol-and-addiction","public-health--tobacco-alcohol-and-addiction--t-drink-driving-a-preventable-tragedy","punchline","truncated","Every drink-driving death is 100% preventable. The law just needs to be."
"Public Health","tobacco-alcohol-and-addiction","public-health--tobacco-alcohol-and-addiction--t-cannabis-risks-and-regulation","climax","truncated","Evidence-based regulation—age limits, potency caps, and advertising bans—aims to reduce harm while ending."
"Public Health","tobacco-alcohol-and-addiction","public-health--tobacco-alcohol-and-addiction--t-drug-overdose-prevention","twist","truncated","Supervised consumption sites—where people use drugs under medical watch—have prevented thousands of deaths with zero."
"Public Health","tobacco-alcohol-and-addiction","public-health--tobacco-alcohol-and-addiction--t-prescription-drug-misuse","hook","truncated","The medicine cabinet is the most dangerous drug supply—prescription misuse kills more than illegal drugs in many."
"Public Health","tobacco-alcohol-and-addiction","public-health--tobacco-alcohol-and-addiction--t-the-war-on-drugs-a-public-health-failure","buildup","truncated","Criminalizing drug use pushes people underground—away from treatment, into unsafe practices, and into the justice."
"Public Health","tobacco-alcohol-and-addiction","public-health--tobacco-alcohol-and-addiction--t-evidence-based-addiction-treatment","climax","truncated","Integrating addiction treatment into primary healthcare—rather than specialized clinics—could dramatically expand."
"Public Health","tobacco-alcohol-and-addiction","public-health--tobacco-alcohol-and-addiction--t-harm-reduction-saving-lives-without-judgment","buildup","truncated","Needle exchange programs, naloxone distribution, and supervised consumption sites all reduce death without requiring."
"Public Health","tobacco-alcohol-and-addiction","public-health--tobacco-alcohol-and-addiction--t-harm-reduction-saving-lives-without-judgment","twist","truncated","Critics call harm reduction 'enabling'—but evidence shows it saves lives and is a gateway to treatment, not to more."
"Public Health","tobacco-alcohol-and-addiction","public-health--tobacco-alcohol-and-addiction--t-minimum-pricing-for-alcohol","discovery","truncated","Scotland's policy reduced alcohol-related deaths by 13% within two years—with the greatest effect among the heaviest."
"Public Health","water-sanitation-and-hygiene","public-health--water-sanitation-and-hygiene--t-handwashing-the-simplest-lifesaver","discovery","truncated","Five critical moments: before eating, before cooking, after using the toilet, after changing diapers, and after."
"Startups","startup-exits-and-ipos","startups--startup-exits-and-ipos--t-dual-class-share-structures","buildup","truncated","Dual-class structures give founders super-voting shares. One founder share might carry 10 votes vs."
"Startups","the-unicorn-phenomenon","startups--the-unicorn-phenomenon--t-wework-s-spectacular-fall","discovery","truncated","WeWork's S-1 exposed the truth: $1."

"Taxes","corporate-tax-strategies","taxes--corporate-tax-strategies--t-the-stateless-income-problem","buildup","truncated","Country A says: 'The income was earned abroad.' Country B says: 'The company isn't based here."
"Taxes","corporate-tax-strategies","taxes--corporate-tax-strategies--t-the-stateless-income-problem","discovery","truncated","Legal scholar Edward Kleinbard coined the term 'stateless income."
"Taxes","corporate-tax-strategies","taxes--corporate-tax-strategies--t-apple-s-irish-tax-deal","twist","truncated","Ireland fought the ruling alongside Apple. It didn't want the tax revenue because it feared losing Apple's 6."
"Taxes","corporate-tax-strategies","taxes--corporate-tax-strategies--t-the-minimum-book-tax","discovery","truncated","The Corporate Alternative Minimum Tax ensures that even with deductions."
"Taxes","cryptocurrency-and-taxes","taxes--cryptocurrency-and-taxes--t-bitcoin-s-tax-problem","buildup","truncated","If Bitcoin is property, every time you spend it—buying coffee, paying rent."
"Taxes","cryptocurrency-and-taxes","taxes--cryptocurrency-and-taxes--t-bitcoin-s-tax-problem","twist","truncated","The famous 2010 Bitcoin pizza purchase—10,000 BTC for two pizzas."
"Taxes","famous-tax-revolts","taxes--famous-tax-revolts--t-lebanon-s-whatsapp-tax","buildup","truncated","Lebanon's economy was collapsing. The government, desperate for revenue."
"Taxes","famous-tax-revolts","taxes--famous-tax-revolts--t-revolts-that-changed-the-law","hook","truncated","The Magna Carta, the US Constitution, France's Declaration of Rights."
"Taxes","history-of-taxation","taxes--history-of-taxation--t-china-s-salt-tax","twist","truncated","Salt smugglers became folk heroes. Huang Chao, a failed salt smuggler."
"Taxes","history-of-taxation","taxes--history-of-taxation--t-estate-tax-battles","discovery","truncated","Only about 0.1% of estates pay the tax. But the political fight is enormous because the principle—taxing death."
"Taxes","how-income-tax-works","taxes--how-income-tax-works--t-how-inflation-affects-brackets","discovery","truncated","The US indexes brackets to inflation annually. Without this adjustment."
"Taxes","how-income-tax-works","taxes--how-income-tax-works--t-filing-status-matters","hook","truncated","Are you single, married, or head of household? Your filing status changes your tax brackets, deductions."
"Taxes","how-income-tax-works","taxes--how-income-tax-works--t-refunds-and-how-withholding-tricks-you","climax","truncated","Tax refunds are a psychological trick that benefits both sides: governments get early cash."
"Taxes","how-income-tax-works","taxes--how-income-tax-works--t-why-tax-reform-is-so-hard","twist","truncated","Tax complexity is bipartisan. Democrats add credits for social goals."
"Taxes","psychology-of-paying-taxes","taxes--psychology-of-paying-taxes--t-loss-aversion-and-taxes","discovery","truncated","Even when taxes fund services people value—schools, roads, hospitals."
"Taxes","psychology-of-paying-taxes","taxes--psychology-of-paying-taxes--t-mental-accounting-and-taxes","hook","truncated","People treat money differently depending on where it comes from. A $1,000 bonus feels different from a $1."
"Taxes","psychology-of-paying-taxes","taxes--psychology-of-paying-taxes--t-the-free-rider-problem","hook","truncated","If your neighbor stops paying taxes but still uses the roads, schools, and hospitals you fund."
"Taxes","psychology-of-paying-taxes","taxes--psychology-of-paying-taxes--t-trust-in-government-and-compliance","twist","truncated","Corruption is the biggest trust-killer. In countries where officials visibly steal."
"Taxes","psychology-of-paying-taxes","taxes--psychology-of-paying-taxes--t-why-billionaire-tax-stories-go-viral","hook","truncated","When ProPublica revealed that Jeff Bezos paid zero income tax in 2007 and 2011."
"Taxes","psychology-of-paying-taxes","taxes--psychology-of-paying-taxes--t-social-norms-and-tax-honesty","discovery","truncated","Behavioral economists call this 'descriptive norms."
"Taxes","psychology-of-paying-taxes","taxes--psychology-of-paying-taxes--t-third-party-reporting-magic","discovery","truncated","The biggest tax gap isn't from fraud—it's from self-employed income, rental income."
"Taxes","psychology-of-paying-taxes","taxes--psychology-of-paying-taxes--t-why-people-cheat-on-taxes","discovery","truncated","Economists Allingham and Sandmo modeled cheating as a gamble: benefit of evasion vs."
"Taxes","psychology-of-paying-taxes","taxes--psychology-of-paying-taxes--t-deadlines-reminders-and-timing","discovery","truncated","Spreading deadlines across the year—quarterly estimated payments."
"Taxes","psychology-of-paying-taxes","taxes--psychology-of-paying-taxes--t-deadlines-reminders-and-timing","climax","truncated","Smart timing—well-placed reminders, split deadlines, morning prompts."
"Taxes","psychology-of-paying-taxes","taxes--psychology-of-paying-taxes--t-framing-tax-as-investment","hook","truncated","When Guatemala reframed taxes as 'your contribution to schools and hospitals."
"Taxes","psychology-of-paying-taxes","taxes--psychology-of-paying-taxes--t-personalized-letters-that-work","hook","truncated","The UK's Behavioural Insights Team tested one change in tax letters: adding 'Most people in your area pay on time."
"Taxes","psychology-of-paying-taxes","taxes--psychology-of-paying-taxes--t-simplification-as-nudge","discovery","truncated","The 'sludge' concept—unnecessary friction in a process."
"Taxes","psychology-of-paying-taxes","taxes--psychology-of-paying-taxes--t-the-american-tax-identity","buildup","truncated","From the Boston Tea Party to the Tea Party movement, tax resistance has shaped elections, protests."
"Taxes","sales-tax-around-the-world","taxes--sales-tax-around-the-world--t-britain-s-window-tax","twist","truncated","Doctors campaigned against it, calling it a 'tax on health and air."
"Taxes","sales-tax-around-the-world","taxes--sales-tax-around-the-world--t-roman-tax-collectors","discovery","truncated","The system created Rome's richest citizens. Crassus, the wealthiest Roman ever."
"Taxes","sales-tax-around-the-world","taxes--sales-tax-around-the-world--t-the-wayfair-decision","hook","truncated","In 2018, the Supreme Court ruled in South Dakota v."
"Taxes","sales-tax-around-the-world","taxes--sales-tax-around-the-world--t-japan-s-toilet-tax","hook","truncated","Japan taxes toilets. When you buy a luxury heated toilet seat."
"Taxes","sales-tax-around-the-world","taxes--sales-tax-around-the-world--t-the-sugar-tax","twist","truncated","Critics say sugar taxes are regressive—poor families spend a larger share of income on taxed drinks. Health gains vs."
"Taxes","sales-tax-around-the-world","taxes--sales-tax-around-the-world--t-tax-morale-why-some-countries-comply","discovery","truncated","Countries where citizens see clear public services—healthcare, education, infrastructure."
"Taxes","tax-havens-and-offshore-finance","taxes--tax-havens-and-offshore-finance--t-offshore-trusts","discovery","truncated","The trust legally owns the money, not you. You're just a 'beneficiary."
"Taxes","tax-havens-and-offshore-finance","taxes--tax-havens-and-offshore-finance--t-the-intellectual-property-trick","buildup","truncated","Intellectual property—patents, trademarks, algorithms."
"Taxes","tax-havens-and-offshore-finance","taxes--tax-havens-and-offshore-finance--t-luxleaks-and-european-tax-deals","twist","truncated","Jean-Claude Juncker—who oversaw these deals as Luxembourg's PM."
"Taxes","tax-havens-and-offshore-finance","taxes--tax-havens-and-offshore-finance--t-the-oecd-s-pillar-two","discovery","truncated","The 'top-up' mechanism neutralizes havens. Even if Bermuda charges 0%."
"Taxes","tax-havens-and-offshore-finance","taxes--tax-havens-and-offshore-finance--t-tax-competition-or-tax-war","discovery","truncated","But a race to the bottom starves public services. If everyone cuts rates."
"Taxes","taxes-that-shaped-civilizations","taxes--taxes-that-shaped-civilizations--t-china-s-salt-monopoly","hook","truncated","In 119 BCE, Emperor Wu of Han nationalized salt. The salt monopoly funded China's military for 2."
"Taxes","taxes-that-shaped-civilizations","taxes--taxes-that-shaped-civilizations--t-china-s-salt-monopoly","buildup","truncated","Salt was essential for food preservation. Everyone needed it. By controlling supply."
"Taxes","taxes-that-shaped-civilizations","taxes--taxes-that-shaped-civilizations--t-rome-s-tax-on-urine","buildup","truncated","Rome taxed everything: land, slaves, sales, imports, even freed slaves owed a 5% 'liberty tax."
"Taxes","taxes-that-shaped-civilizations","taxes--taxes-that-shaped-civilizations--t-the-danegeld-paying-off-vikings","twist","truncated","Kipling wrote: 'Once you have paid him the Danegeld, you never get rid of the Dane."
"Taxes","taxes-that-shaped-civilizations","taxes--taxes-that-shaped-civilizations--t-belgium-s-rubber-tax-in-congo","twist","truncated","International outrage—including reports by journalists and diplomats."
"Taxes","the-irs-americas-tax-collector","taxes--the-irs-americas-tax-collector--t-leona-helmsley-only-little-people-pay","hook","truncated","Hotel magnate Leona Helmsley reportedly said: 'We don't pay taxes."
"Taxes","the-irs-americas-tax-collector","taxes--the-irs-americas-tax-collector--t-the-crypto-challenge","hook","truncated","The IRS now asks on the first page of Form 1040: 'Did you receive digital assets?""Television & Streaming","iconic-tv-characters","television-and-streaming--iconic-tv-characters--t-don-draper-the-man-behind-the-mask","climax","truncated","Don Draper embodied television's ability to make audiences love someone they'd despise in real life—simply through."
"Television & Streaming","iconic-tv-characters","television-and-streaming--iconic-tv-characters--t-nurse-jackie-addiction-in-scrubs","climax","truncated","Nurse Jackie showed that television could portray addiction honestly—as a chronic, relapsing condition—not a problem."
"Television & Streaming","iconic-tv-characters","television-and-streaming--iconic-tv-characters--t-walter-white-from-teacher-to-kingpin","twist","truncated","When Walt finally admitted 'I did it for me."
"Television & Streaming","iconic-tv-characters","television-and-streaming--iconic-tv-characters--t-lucy-ricardo-comedy-s-first-queen","twist","truncated","I Love Lucy was filmed with three cameras before a live audience—a technique Ball and Arnaz pioneered that sitcoms."
"Television & Streaming","iconic-tv-characters","television-and-streaming--iconic-tv-characters--t-omar-little-the-robin-hood-of-baltimore","climax","truncated","Omar proved that authentic representation means letting characters be complex, contradictory, and fully human without."
"Television & Streaming","iconic-tv-characters","television-and-streaming--iconic-tv-characters--t-nurse-ratched-institutional-evil","buildup","truncated","In One Flew Over the Cuckoo's Nest, Ratched wasn't violent—she used rules, procedures, and systems to crush."
"Television & Streaming","iconic-tv-characters","television-and-streaming--iconic-tv-characters--t-nurse-ratched-institutional-evil","climax","truncated","Nurse Ratched endures because she represents a universal fear: powerlessness against someone with institutional."
"Television & Streaming","international-television","television-and-streaming--international-television--t-doctor-who-the-show-that-regenerates","climax","truncated","Doctor Who's regeneration concept solves television's oldest problem: how to keep a show fresh across decades without."
"Television & Streaming","international-television","television-and-streaming--international-television--t-the-bbc-television-as-public-service","climax","truncated","The BBC faces an existential question: can public service broadcasting survive in an age where audiences expect."
"Television & Streaming","international-television","television-and-streaming--international-television--t-k-drama-romance-why-the-world-cries-along","hook","truncated","Korean romantic dramas feature slow-burn love stories, dramatic confessions, and emotional stakes that make audiences."
"Television & Streaming","international-television","television-and-streaming--international-television--t-korean-variety-shows-and-fan-culture","climax","truncated","Korean variety television represents a fundamentally different approach to entertainment—one where the boundary."
"Television & Streaming","international-television","television-and-streaming--international-television--t-club-de-cuervos-and-mexican-streaming-comedy","buildup","truncated","The show satirized Mexican business culture, family dynasties, and machismo with sharp humor that felt authentically."
"Television & Streaming","international-television","television-and-streaming--international-television--t-la-casa-de-papel-spain-s-streaming-triumph","twist","truncated","A Spanish heist show became a protest symbol because its themes—fighting corrupt institutions—resonated far beyond."
"Television & Streaming","international-television","television-and-streaming--international-television--t-lupin-and-the-french-heist-renaissance","climax","truncated","Lupin proved that French television, long overshadowed by French cinema, could compete globally when given the right."
"Television & Streaming","international-television","television-and-streaming--international-television--t-narcos-and-the-export-of-latin-crime-drama","climax","truncated","Narcos raised a persistent question about international content: who has the right to tell a country's story, and who."
"Television & Streaming","international-television","television-and-streaming--international-television--t-indian-television-a-billion-viewers","climax","truncated","Indian television serves a market so vast and diverse that its stories, formats, and viewing habits are an entire."
"Television & Streaming","international-television","television-and-streaming--international-television--t-turkish-dizi-the-quiet-global-power","buildup","truncated","Turkish shows like Magnificent Century and Endless Love combine historical spectacle with romantic melodrama at epic."
"Television & Streaming","international-television","television-and-streaming--international-television--t-turkish-dizi-the-quiet-global-power","twist","truncated","The shows fill a niche: they offer the emotional intensity of telenovelas with production values approaching Western."
"Television & Streaming","international-television","television-and-streaming--international-television--t-australian-television-s-unique-voice","climax","truncated","Australia proves that a small market with a strong cultural identity can produce television that resonates far beyond."
"Television & Streaming","international-television","television-and-streaming--international-television--t-dark-germany-s-time-travel-masterpiece","hook","truncated","Dark was a German-language Netflix series about four families connected across three centuries through a time-travel."
"Television & Streaming","international-television","television-and-streaming--international-television--t-italian-television-from-rai-to-gomorrah","climax","truncated","Italian television's evolution from political tool to global art shows how a country's TV can transform when creators."
"Television & Streaming","international-television","television-and-streaming--international-television--t-why-the-future-of-tv-is-global","buildup","truncated","Streaming platforms invest in local content everywhere because local shows attract local subscribers while."
"Television & Streaming","international-television","television-and-streaming--international-television--t-why-the-future-of-tv-is-global","discovery","truncated","The infrastructure for global television now exists: streaming platforms, subtitle technology, and an audience trained."
"Television & Streaming","international-television","television-and-streaming--international-television--t-why-the-future-of-tv-is-global","climax","truncated","Television's future is global, multilingual, and culturally diverse—if the economics of streaming allow local stories."
"Television & Streaming","legendary-showrunners","television-and-streaming--legendary-showrunners--t-gene-roddenberry-s-impossible-vision","discovery","truncated","Roddenberry refused. Martin Luther King Jr."
"Television & Streaming","legendary-showrunners","television-and-streaming--legendary-showrunners--t-norman-lear-and-social-television","climax","truncated","Lear created The Jeffersons, Maude, and Good Times—giving Black and feminist voices prime-time platforms for the first."
"Television & Streaming","legendary-showrunners","television-and-streaming--legendary-showrunners--t-steven-bochco-reinvents-the-drama","hook","truncated","Hill Street Blues debuted in 1981 with handheld cameras, overlapping dialogue, and storylines that carried across."
"Television & Streaming","legendary-showrunners","television-and-streaming--legendary-showrunners--t-amy-sherman-palladino-s-rhythmic-dialogue","climax","truncated","She returned with The Marvelous Mrs."
"Television & Streaming","legendary-showrunners","television-and-streaming--legendary-showrunners--t-larry-david-and-the-comedy-of-discomfort","hook","truncated","Larry David co-created Seinfeld—the show about nothing—then made Curb Your Enthusiasm, a show about himself being."
"Television & Streaming","legendary-showrunners","television-and-streaming--legendary-showrunners--t-taylor-sheridan-s-rural-empire","buildup","truncated","Taylor Sheridan built an empire around cowboys, ranches, and the American frontier myth—subjects Hollywood had."
"Television & Streaming","reality-television-unscripted","television-and-streaming--reality-television-unscripted--t-love-island-and-the-streaming-era-dating-show","climax","truncated","Love Island exposed the dark side of reality fame: instant celebrity followed by public scrutiny and personal."
"Television & Streaming","reality-television-unscripted","television-and-streaming--reality-television-unscripted--t-the-bachelor-s-rose-ceremony-formula","climax","truncated","The Bachelor franchise has run for over 20 years and spawned Bachelorette, Bachelor in Paradise, and international."
"Television & Streaming","reality-television-unscripted","television-and-streaming--reality-television-unscripted--t-parasocial-relationships-with-reality-stars","buildup","truncated","This is called a parasocial relationship—a one-sided emotional bond where the viewer feels connected but the star."
"Television & Streaming","reality-television-unscripted","television-and-streaming--reality-television-unscripted--t-the-mental-health-toll-on-contestants","buildup","truncated","Several former reality stars have publicly discussed depression, anxiety, and substance abuse triggered by their time."
"Television & Streaming","reality-television-unscripted","television-and-streaming--reality-television-unscripted--t-the-mental-health-toll-on-contestants","climax","truncated","The mental health crisis in reality TV forced the industry to confront a question: is entertainment worth the human."
"Television & Streaming","reality-television-unscripted","television-and-streaming--reality-television-unscripted--t-reality-tv-around-the-world","climax","truncated","Global reality TV reveals that human desires—fame, love, competition—are universal, but how we express them is deeply."
"Television & Streaming","reality-television-unscripted","television-and-streaming--reality-television-unscripted--t-the-ethics-debate-that-never-ends","twist","truncated","Some countries have introduced regulations—duty of care requirements, mental health support—but enforcement is."
"Television & Streaming","the-art-of-tv-writing","television-and-streaming--the-art-of-tv-writing--t-the-a-plot-b-plot-c-plot-structure","twist","truncated","The structure exists partly for practical reasons: it allows actors to rotate between episodes, giving each cast."
"Television & Streaming","the-art-of-tv-writing","television-and-streaming--the-art-of-tv-writing--t-breaking-story-on-the-board","hook","truncated","Before a single script page is written, the story is 'broken'—mapped out on a whiteboard with index cards representing."
"Television & Streaming","the-art-of-tv-writing","television-and-streaming--the-art-of-tv-writing--t-spec-scripts-and-breaking-in","hook","truncated","To get hired in a writers' room, aspiring writers write 'spec scripts'—sample episodes of existing shows to prove they."
"Television & Streaming","the-art-of-tv-writing","television-and-streaming--the-art-of-tv-writing--t-when-the-room-gets-it-wrong","twist","truncated","Writers' rooms face impossible constraints: network demands, budget cuts, actor availability, and ticking production."
"Television & Streaming","the-art-of-tv-writing","television-and-streaming--the-art-of-tv-writing--t-catchphrases-that-defined-eras","discovery","truncated","Seinfeld generated dozens: 'yada yada yada,' 'no soup for you,' 'not that there's anything wrong with that.' The show."
"Television & Streaming","the-art-of-tv-writing","television-and-streaming--the-art-of-tv-writing--t-from-monster-of-the-week-to-mythology","climax","truncated","The X-Files taught television that mythology is thrilling when building and dangerous when it promises answers it."
"Television & Streaming","the-business-of-television","television-and-streaming--the-business-of-television--t-upfronts-television-s-annual-marketplace","discovery","truncated","Advertisers buy 'upfront' at locked-in prices rather than waiting for the scatter market, where prices fluctuate based."
"Television & Streaming","the-business-of-television","television-and-streaming--the-business-of-television--t-cord-cutting-finally-arrives","climax","truncated","Cord-cutting didn't destroy cable companies—it transformed them into internet utilities that deliver their own."
"Television & Streaming","the-business-of-television","television-and-streaming--the-business-of-television--t-international-format-sales","climax","truncated","Format licensing created a global television economy where the best ideas travel across borders, adapted for each."
"Television & Streaming","the-business-of-television","television-and-streaming--the-business-of-television--t-netflix-s-subscriber-growth-trap","twist","truncated","Netflix responded by cracking down on password sharing and introducing an ad-supported tier—moves it had sworn it."
"Television & Streaming","the-business-of-television","television-and-streaming--the-business-of-television--t-netflix-s-subscriber-growth-trap","climax","truncated","Netflix's journey from growth stock to mature business reveals that every streaming service will face the same."
"Television & Streaming","the-business-of-television","television-and-streaming--the-business-of-television--t-the-data-advantage-nobody-shares","buildup","truncated","Streaming platforms use this data to greenlight shows, recommend content, and predict which titles will reduce."
"Television & Streaming","the-business-of-television","television-and-streaming--the-business-of-television--t-the-data-advantage-nobody-shares","discovery","truncated","House of Cards was greenlit because Netflix data showed subscribers loved David Fincher, Kevin Spacey, and political."
"Television & Streaming","the-business-of-television","television-and-streaming--the-business-of-television--t-live-sports-the-last-moat","discovery","truncated","Traditional networks fear losing sports rights because sports prop up their entire business model—without sports."
"Television & Streaming","tv-and-social-change","television-and-streaming--tv-and-social-change--t-the-moon-landing-united-the-planet","climax","truncated","The broadcast showed that television's true power isn't entertainment—it's creating shared moments that transcend."
"Television & Streaming","tv-and-social-change","television-and-streaming--tv-and-social-change--t-fresh-prince-to-black-ish-evolving-representation","climax","truncated","The evolution from Fresh Prince to Black-ish shows TV gradually moving from diverse casting to centering diverse."
"Television & Streaming","tv-and-social-change","television-and-streaming--tv-and-social-change--t-nat-king-cole-and-the-color-barrier","climax","truncated","Cole's show proved that television's barriers weren't about talent—they were about money, fear, and institutional."
"Television & Streaming","tv-and-social-change","television-and-streaming--tv-and-social-change--t-roots-forced-america-to-watch","twist","truncated","For millions of white Americans, Roots was their first sustained exposure to slavery's horror—told from the enslaved."
"Television & Streaming","tv-and-social-change","television-and-streaming--tv-and-social-change--t-roots-forced-america-to-watch","climax","truncated","The miniseries proved that television could force a nation to face uncomfortable truths it had spent generations."
"Television & Streaming","tv-and-social-change","television-and-streaming--tv-and-social-change--t-the-miniseries-that-sparked-conversations","climax","truncated","When They See Us showed that streaming platforms could deliver social justice storytelling at a scale traditional TV."
"Television & Streaming","tv-and-social-change","television-and-streaming--tv-and-social-change--t-metoo-and-the-reckoning-in-television","hook","truncated","In 2017, allegations against Harvey Weinstein triggered a wave of revelations about abuse across the entertainment."
"Television & Streaming","tv-and-social-change","television-and-streaming--tv-and-social-change--t-metoo-and-the-reckoning-in-television","climax","truncated","The MeToo movement forced the TV industry to confront the gap between the values it broadcast and the reality behind."
"Television & Streaming","tv-and-social-change","television-and-streaming--tv-and-social-change--t-orange-is-the-new-black-and-incarceration","climax","truncated","Orange Is the New Black proved that entertainment can build empathy for marginalized groups more effectively than any."
"Television & Streaming","tv-and-social-change","television-and-streaming--tv-and-social-change--t-the-handmaid-s-tale-as-political-warning","buildup","truncated","Margaret Atwood's 1985 novel had been adapted before, but the 2017 version arrived during renewed debates about."
"Television & Streaming","tv-and-social-change","television-and-streaming--tv-and-social-change--t-the-handmaid-s-tale-as-political-warning","climax","truncated","The Handmaid's Tale demonstrated that television can provide the imagery and language for real-world political."
"Television & Streaming","tv-and-social-change","television-and-streaming--tv-and-social-change--t-black-mirror-fiction-as-warning","twist","truncated","The show's creator, Charlie Brooker, said he worries that his warnings are being used as instruction manuals instead."
"Television & Streaming","tv-and-social-change","television-and-streaming--tv-and-social-change--t-black-mirror-fiction-as-warning","climax","truncated","Black Mirror proved that science fiction on television can serve as society's early warning system for technological."
"Television & Streaming","tv-and-social-change","television-and-streaming--tv-and-social-change--t-disinformation-in-the-streaming-age","discovery","truncated","Documentaries like The Social Dilemma exposed how algorithms radicalize viewers by feeding them increasingly extreme."
"Television & Streaming","tv-and-social-change","television-and-streaming--tv-and-social-change--t-saturday-night-live-and-political-satire","climax","truncated","Political satire on television occupies a unique space: it's dismissed as comedy but functions as the most widely."
"Television & Streaming","tv-and-social-change","television-and-streaming--tv-and-social-change--t-planet-earth-and-environmental-awareness","climax","truncated","Attenborough's programs proved that showing people what they stand to lose is more powerful than lecturing them about."
"Television & Streaming","tv-and-social-change","television-and-streaming--tv-and-social-change--t-streaming-breaks-language-barriers","twist","truncated","Bong Joon-ho said at the Oscars: 'Once you overcome the one-inch barrier of subtitles, you will find so many amazing."
"Television & Streaming","tv-and-social-change","television-and-streaming--tv-and-social-change--t-television-in-times-of-crisis","buildup","truncated","Tiger King, a bizarre docuseries about big cat owners, became a shared cultural moment during the pandemic's darkest."
"Television & Streaming","tv-and-social-change","television-and-streaming--tv-and-social-change--t-television-in-times-of-crisis","twist","truncated","The pandemic proved television's oldest function is still its most important: bringing people together, when they're."
"Television & Streaming","tv-genres-decoded","television-and-streaming--tv-genres-decoded--t-the-family-saga","hook","truncated","Succession asked a simple question: what happens when obscenely rich people fight over power? Audiences couldn't look."
"Television & Streaming","tv-genres-decoded","television-and-streaming--tv-genres-decoded--t-star-trek-and-the-utopian-future","climax","truncated","Star Trek was canceled after three seasons but launched a franchise that has run for nearly 60 years across every."

"Workplace Skills","career-strategy","workplace-skills--career-strategy--t-managing-your-manager","hook","truncated","She had a great relationship with her boss. When he left."
"Workplace Skills","career-strategy","workplace-skills--career-strategy--t-the-promotion-document","hook","truncated","A Google engineer wrote a self-promotion document. It made the case for her promotion so clearly her manager."
"Workplace Skills","career-strategy","workplace-skills--career-strategy--t-telling-your-pivot-story","buildup","truncated","People are wired for narratives. A pivot without a story sounds chaotic. A pivot with a clear narrative sounds."
"Workplace Skills","career-strategy","workplace-skills--career-strategy--t-building-a-reputation-inside-your-company","twist","truncated","Internal reputation spreads through stories. One memorable project narrative travels further than a dozen status."
"Workplace Skills","leadership-foundations","workplace-skills--leadership-foundations--t-emotional-intelligence-in-leadership","climax","truncated","Practice the pause: when triggered, count to three before responding. That gap turns reactions into thoughtful."
"Workplace Skills","leadership-foundations","workplace-skills--leadership-foundations--t-leading-by-example","discovery","truncated","Leading by example means your behavior sets the standard. If you want punctuality, arrive first. If you want candor."
"Workplace Skills","leadership-foundations","workplace-skills--leadership-foundations--t-the-feedback-loop-in-delegation","hook","truncated","He delegated a project and checked in three weeks later. It was heading in the wrong direction. Course-correcting cost."
"Workplace Skills","leadership-foundations","workplace-skills--leadership-foundations--t-avoiding-groupthink","discovery","truncated","Assign a devil’s advocate in meetings. Their job is to challenge every assumption. Rotate the role so it’s never."
"Workplace Skills","leadership-foundations","workplace-skills--leadership-foundations--t-avoiding-groupthink","twist","truncated","Unanimous agreement should trigger alarm, not comfort. If everyone agrees instantly."
"Workplace Skills","leadership-foundations","workplace-skills--leadership-foundations--t-influence-through-questions","hook","truncated","Socrates never gave answers. He asked questions that led people to discover the answers themselves. The method still."
"Workplace Skills","leadership-foundations","workplace-skills--leadership-foundations--t-why-authority-isn-t-enough","twist","truncated","The people you need most — cross-functional peers, senior leaders."
"Workplace Skills","leadership-foundations","workplace-skills--leadership-foundations--t-creating-a-learning-culture","hook","truncated","Pixar holds regular ‘brain trust’ sessions where anyone can critique a director’s work. The result: decades of hit."
"Workplace Skills","leadership-foundations","workplace-skills--leadership-foundations--t-creating-a-learning-culture","buildup","truncated","In learning cultures, failure is data, feedback is a gift, and curiosity is rewarded. In fear cultures."
"Workplace Skills","leadership-foundations","workplace-skills--leadership-foundations--t-the-leader-as-coach","twist","truncated","Coaching takes more time short-term but saves time long-term. A team that can solve problems independently frees."
"Workplace Skills","managing-up","workplace-skills--managing-up--t-volunteering-for-visibility","hook","truncated","An analyst volunteered to present the quarterly review. That one hour of visibility led to a promotion within six."
"Workplace Skills","meetings-that-work","workplace-skills--meetings-that-work--t-keeping-discussion-on-track","discovery","truncated","A ‘parking lot’ is a visible list where off-topic but valid ideas are captured for later. It acknowledges without."
"Workplace Skills","meetings-that-work","workplace-skills--meetings-that-work--t-time-boxing-discussions","twist","truncated","Extension should be a conscious choice, not a drift. Saying ‘we need five more minutes."
"Workplace Skills","meetings-that-work","workplace-skills--meetings-that-work--t-reversible-vs-irreversible-decisions","buildup","truncated","Most business decisions are two-way doors: reversible and low-risk. Yet teams deliberate as if every choice."
"Workplace Skills","meetings-that-work","workplace-skills--meetings-that-work--t-hybrid-meeting-pitfalls","twist","truncated","Technology is rarely the problem. Behavior is. In-room participants must actively include remote voices in every."
"Workplace Skills","networking-and-relationships","workplace-skills--networking-and-relationships--t-the-power-of-listening","discovery","truncated","Active listening means reflecting back: ‘So you’re saying the project stalled because of budget cuts?’ confirms."
"Workplace Skills","networking-and-relationships","workplace-skills--networking-and-relationships--t-being-a-great-mentee","twist","truncated","You don’t need to follow every suggestion. But explain your reasoning when you diverge. Mentors respect thoughtful."
"Workplace Skills","networking-and-relationships","workplace-skills--networking-and-relationships--t-how-to-find-the-right-mentor","discovery","truncated","Look two to three levels ahead, not twenty. Someone who recently navigated your current challenges offers the best."
"Workplace Skills","networking-and-relationships","workplace-skills--networking-and-relationships--t-how-to-find-the-right-mentor","twist","truncated","The best mentorships often start organically. A mentor who chose to help you naturally is more invested than one."
"Workplace Skills","networking-and-relationships","workplace-skills--networking-and-relationships--t-networking-as-a-lifelong-practice","buildup","truncated","Networking only when desperate yields desperate results. The best time to build relationships is when you don’t need."
"Workplace Skills","remote-work-mastery","workplace-skills--remote-work-mastery--t-rituals-replace-watercoolers","hook","truncated","A remote team starts every Monday with a two-minute ‘weekend highlight.’ Engagement is higher than their in-office."
"Workplace Skills","workplace-communication","workplace-skills--workplace-communication--t-disagreeing-with-your-boss","discovery","truncated","Frame disagreement as data, not opinion: ‘The numbers suggest a different approach’ is safer than ‘I think you’re."
"Workplace Skills","workplace-psychology","workplace-skills--workplace-psychology--t-champions-drive-adoption","discovery","truncated","Champions are trusted peers who demonstrate the value of change. Their endorsement carries more weight than any."